"date","time","slot","pillar","angle","title","audience","risk","timing","reserve","evidenceTerms","searchTerms","authority","occurrence","curationStatus"
"2026-08-13","08:30","1","identity_access","foundation","What a Portuguese NIF is: a plain-English explanation","new residents","medium","evergreen","none","NIF | número de identificação fiscal","NIF | NISS | Chave Móvel Digital | Portal das Finanças | Segurança Social Direta","gov.pt, Autoridade Tributária, Segurança Social, or Autenticação.gov as applicable","1","curated_90_day"
"2026-08-13","11:30","2","irs","action","Submitting Modelo 3: a practical step-by-step checklist","people filing personal income tax","high","evergreen","none","Modelo 3 | declaração de rendimentos","IRS | Modelo 3 | e-Fatura | Anexo J | IRS Automático","Autoridade Tributária or Diário da República","1","curated_90_day"
"2026-08-13","14:30","3","health_family","edge_case","Keeping foreign medical records usable: mistakes, exceptions and edge cases","individuals and families","medium","evergreen","none","registo de saúde | processo clínico | SNS","SNS | centro de saúde | médico de família | nascimento | família","SNS, SNS 24, gov.pt, or Diário da República","1","curated_90_day"
"2026-08-13","18:00","4","immigration_residency","audience","NEWS RESERVE — fallback: Residence renewal preparation for international residents","international residents","high","news_flex","breaking_news","AIMA | autorização de residência","AIMA | autorização de residência | visto | reagrupamento familiar | CPLP","Official-source verification required; otherwise use fallback","1","curated_90_day"
"2026-08-13","21:00","5","driving_transport","golden_tip","What IUC is: one golden tip and what to verify","drivers and commuters","medium","evergreen","none","IUC | Imposto Único de Circulação","IMT | carta de condução | IUC | veículo | Via Verde","IMT, Autoridade Tributária, gov.pt, or Diário da República","1","curated_90_day"
"2026-08-14","08:30","1","freelance_business","action","Opening freelance activity in Portugal: a practical step-by-step checklist","freelancers and solo founders","high","evergreen","none","opening freelance activity","trabalhador independente | abrir atividade | recibos verdes | CAE | CIRS","Autoridade Tributária, Segurança Social, gov.pt, or Diário da República","1","curated_90_day"
"2026-08-14","11:30","2","banking_money","edge_case","Paying the state through Multibanco: mistakes, exceptions and edge cases","people managing money in Portugal","medium","evergreen","none","Banco de Portugal | IBAN | SEPA","Banco de Portugal | SEPA | conta bancária | IBAN | crédito","Banco de Portugal, European Central Bank, or gov.pt","1","curated_90_day"
"2026-08-14","14:30","3","daily_life_consumer","audience","Official email and SMS scam checks for everyone living in Portugal","everyone living in Portugal","low","evergreen","none","official email checks","ePortugal | Livro de Reclamações | ANACOM | energia | telecomunicações","gov.pt, Direção-Geral do Consumidor, ANACOM, ERSE, or the responsible municipality","1","curated_90_day"
"2026-08-14","18:00","4","iva","golden_tip","NEWS RESERVE — fallback: Entering the normal IVA regime: one golden tip and what to verify","freelancers and small businesses","high","news_flex","breaking_news","IVA | Imposto sobre o Valor Acrescentado","IVA | CIVA | artigo 53 | declaração periódica | VIES","Official-source verification required; otherwise use fallback","1","curated_90_day"
"2026-08-14","21:00","5","employment","foundation","Public holidays and work: a plain-English explanation","employees and job seekers","medium","evergreen","none","public holidays","contrato de trabalho | emprego | salário | férias | desemprego","ACT, Segurança Social, IEFP, gov.pt, or Diário da República","1","curated_90_day"
"2026-08-15","08:30","1","social_security","edge_case","Registering as a self-employed worker: mistakes, exceptions and edge cases","workers and freelancers","high","evergreen","none","registering employed worker","Segurança Social | declaração trimestral | contribuições | NISS | desemprego","Segurança Social, gov.pt, or Diário da República","1","curated_90_day"
"2026-08-15","11:30","2","driving_transport","audience","ISV basics for drivers and commuters","drivers and commuters","medium","evergreen","none","basics","IMT | carta de condução | IUC | veículo | Via Verde","IMT, Autoridade Tributária, gov.pt, or Diário da República","1","curated_90_day"
"2026-08-15","14:30","3","citizenship_civil","golden_tip","Birth registration in Portugal: one golden tip and what to verify","residents building a long-term life","high","evergreen","none","birth registration","IRN | cidadania | nacionalidade | registo civil | Nascer Cidadão","IRN, gov.pt, or Diário da República","1","curated_90_day"
"2026-08-15","18:00","4","education_children","foundation","NEWS RESERVE — fallback: MEGA schoolbook vouchers: a plain-English explanation","families and students","medium","news_flex","breaking_news","matrículas | Portal das Matrículas | educação | MEGA","matrícula escolar | educação | equivalência | reconhecimento | MEGA","Official-source verification required; otherwise use fallback","1","curated_90_day"
"2026-08-15","21:00","5","education_children","action","Moving schools during the year: a practical step-by-step checklist","families and students","medium","evergreen","none","matrículas | Portal das Matrículas | educação","matrícula escolar | educação | equivalência | reconhecimento | MEGA","Direção-Geral da Educação, DGES, gov.pt, or Diário da República","1","curated_90_day"
"2026-08-16","08:30","1","employment","audience","Gross salary versus take-home pay for employees and job seekers","employees and job seekers","medium","evergreen","none","contrato de trabalho | Código do Trabalho","contrato de trabalho | emprego | salário | férias | desemprego","ACT, Segurança Social, IEFP, gov.pt, or Diário da República","1","curated_90_day"
"2026-08-16","11:30","2","identity_access","golden_tip","Recovering Portal das Finanças access: one golden tip and what to verify","new residents","medium","evergreen","none","recovering portal finanças | Portal das Finanças","NIF | NISS | Chave Móvel Digital | Portal das Finanças | Segurança Social Direta","gov.pt, Autoridade Tributária, Segurança Social, or Autenticação.gov as applicable","1","curated_90_day"
"2026-08-16","14:30","3","irs","foundation","Receiving an IRS assessment: a plain-English explanation","people filing personal income tax","high","evergreen","none","IRS | Imposto sobre o Rendimento das Pessoas Singulares","IRS | Modelo 3 | e-Fatura | Anexo J | IRS Automático","Autoridade Tributária or Diário da República","1","curated_90_day"
"2026-08-16","18:00","4","health_family","action","NEWS RESERVE — fallback: Electronic prescriptions: a practical step-by-step checklist","individuals and families","medium","news_flex","breaking_news","electronic prescriptions","SNS | centro de saúde | médico de família | nascimento | família","Official-source verification required; otherwise use fallback","1","curated_90_day"
"2026-08-16","21:00","5","immigration_residency","edge_case","Long-term resident status: mistakes, exceptions and edge cases","international residents","high","evergreen","none","resident status","AIMA | autorização de residência | visto | reagrupamento familiar | CPLP","AIMA, gov.pt, Diário da República, or IRN as applicable","1","curated_90_day"
"2026-08-17","08:30","1","education_children","golden_tip","School catchment areas: one golden tip and what to verify","families and students","medium","evergreen","none","matrículas | Portal das Matrículas | educação","matrícula escolar | educação | equivalência | reconhecimento | MEGA","Direção-Geral da Educação, DGES, gov.pt, or Diário da República","1","curated_90_day"
"2026-08-17","11:30","2","freelance_business","foundation","Working with one main client: a plain-English explanation","freelancers and solo founders","high","evergreen","none","working client","trabalhador independente | abrir atividade | recibos verdes | CAE | CIRS","Autoridade Tributária, Segurança Social, gov.pt, or Diário da República","1","curated_90_day"
"2026-08-17","14:30","3","banking_money","action","Credit reports at Banco de Portugal: a practical step-by-step checklist","people managing money in Portugal","medium","evergreen","none","credit reports banco | Banco de Portugal","Banco de Portugal | SEPA | conta bancária | IBAN | crédito","Banco de Portugal, European Central Bank, or gov.pt","1","curated_90_day"
"2026-08-17","18:00","4","irs","edge_case","IRS notices in August: check whether you have a refund or payment action","people filing personal income tax","high","official_locked","date_locked","IRS | Imposto sobre o Rendimento das Pessoas Singulares","IRS | Modelo 3 | e-Fatura | Anexo J | IRS Automático","https://info.portaldasfinancas.gov.pt/pt/apoio_contribuinte/calendario_fiscal/Pages/Quadro_res_Pag_2026.aspx","1","curated_90_day"
"2026-08-17","21:00","5","banking_money","audience","MB WAY basics for people managing money in Portugal","people managing money in Portugal","medium","evergreen","none","basics","Banco de Portugal | SEPA | conta bancária | IBAN | crédito","Banco de Portugal, European Central Bank, or gov.pt","1","curated_90_day"
"2026-08-18","08:30","1","immigration_residency","foundation","Preparing for an AIMA appointment: a plain-English explanation","international residents","high","evergreen","none","AIMA | autorização de residência","AIMA | autorização de residência | visto | reagrupamento familiar | CPLP","AIMA, gov.pt, Diário da República, or IRN as applicable","1","curated_90_day"
"2026-08-18","11:30","2","social_security","action","Freelancing while employed: a practical step-by-step checklist","workers and freelancers","high","evergreen","none","freelancing while employed","Segurança Social | declaração trimestral | contribuições | NISS | desemprego","Segurança Social, gov.pt, or Diário da República","1","curated_90_day"
"2026-08-18","14:30","3","driving_transport","edge_case","Selling a vehicle safely: mistakes, exceptions and edge cases","drivers and commuters","medium","evergreen","none","selling vehicle safely","IMT | carta de condução | IUC | veículo | Via Verde","IMT, Autoridade Tributária, gov.pt, or Diário da República","1","curated_90_day"
"2026-08-18","18:00","4","banking_money","audience","NEWS RESERVE — fallback: Resident versus non-resident bank accounts for people managing money in Portugal","people managing money in Portugal","medium","news_flex","breaking_news","Banco de Portugal | IBAN | SEPA","Banco de Portugal | SEPA | conta bancária | IBAN | crédito","Official-source verification required; otherwise use fallback","1","curated_90_day"
"2026-08-18","21:00","5","employment","golden_tip","Ending an employment contract: one golden tip and what to verify","employees and job seekers","medium","evergreen","none","contrato de trabalho | Código do Trabalho","contrato de trabalho | emprego | salário | férias | desemprego","ACT, Segurança Social, IEFP, gov.pt, or Diário da República","1","curated_90_day"
"2026-08-19","08:30","1","iva","action","Entering the normal IVA regime: a practical step-by-step checklist","freelancers and small businesses","high","evergreen","none","IVA | Imposto sobre o Valor Acrescentado","IVA | CIVA | artigo 53 | declaração periódica | VIES","Autoridade Tributária or Diário da República","1","curated_90_day"
"2026-08-19","11:30","2","employment","edge_case","Sick leave steps: mistakes, exceptions and edge cases","employees and job seekers","medium","evergreen","none","leave steps","contrato de trabalho | emprego | salário | férias | desemprego","ACT, Segurança Social, IEFP, gov.pt, or Diário da República","1","curated_90_day"
"2026-08-19","14:30","3","identity_access","audience","Getting a NIF before moving for new residents","new residents","medium","evergreen","none","NIF | número de identificação fiscal","NIF | NISS | Chave Móvel Digital | Portal das Finanças | Segurança Social Direta","gov.pt, Autoridade Tributária, Segurança Social, or Autenticação.gov as applicable","1","curated_90_day"
"2026-08-19","18:00","4","housing_property","golden_tip","August IMI instalment: check whether your bill is above €500","renters and property owners","high","official_locked","date_locked","IMI | Imposto Municipal sobre Imóveis","arrendamento | IMI | AIMI | IMT | imóvel | habitação","https://info.portaldasfinancas.gov.pt/pt/apoio_ao_contribuinte/Cidadaos/Casa_e_propriedades/Imposto_anual/Paginas/default.aspx","1","curated_90_day"
"2026-08-19","21:00","5","health_family","foundation","Keeping foreign medical records usable: a plain-English explanation","individuals and families","medium","evergreen","none","registo de saúde | processo clínico | SNS","SNS | centro de saúde | médico de família | nascimento | família","SNS, SNS 24, gov.pt, or Diário da República","1","curated_90_day"
"2026-08-20","08:30","1","housing_property","edge_case","Security deposits and records: mistakes, exceptions and edge cases","renters and property owners","high","evergreen","none","security deposits records","arrendamento | IMI | AIMI | IMT | imóvel | habitação","Autoridade Tributária, gov.pt, Diário da República, or the responsible municipality","1","curated_90_day"
"2026-08-20","11:30","2","education_children","audience","Applying to Portuguese higher education for families and students","families and students","medium","evergreen","none","matrículas | Portal das Matrículas | educação","matrícula escolar | educação | equivalência | reconhecimento | MEGA","Direção-Geral da Educação, DGES, gov.pt, or Diário da República","1","curated_90_day"
"2026-08-20","14:30","3","freelance_business","golden_tip","Opening freelance activity in Portugal: one golden tip and what to verify","freelancers and solo founders","high","evergreen","none","opening freelance activity","trabalhador independente | abrir atividade | recibos verdes | CAE | CIRS","Autoridade Tributária, Segurança Social, gov.pt, or Diário da República","1","curated_90_day"
"2026-08-20","18:00","4","banking_money","foundation","NEWS RESERVE — fallback: Documents banks request: a plain-English explanation","people managing money in Portugal","medium","news_flex","breaking_news","Banco de Portugal | IBAN | SEPA","Banco de Portugal | SEPA | conta bancária | IBAN | crédito","Official-source verification required; otherwise use fallback","1","curated_90_day"
"2026-08-20","21:00","5","daily_life_consumer","action","Moving house administration checklist: a practical step-by-step checklist","everyone living in Portugal","low","evergreen","none","moving house administration","ePortugal | Livro de Reclamações | ANACOM | energia | telecomunicações","gov.pt, Direção-Geral do Consumidor, ANACOM, ERSE, or the responsible municipality","1","curated_90_day"
"2026-08-21","08:30","1","health_family","audience","Using SNS 24 for individuals and families","individuals and families","medium","evergreen","none","using | SNS","SNS | centro de saúde | médico de família | nascimento | família","SNS, SNS 24, gov.pt, or Diário da República","1","curated_90_day"
"2026-08-21","11:30","2","immigration_residency","golden_tip","Long-term resident status: one golden tip and what to verify","international residents","high","evergreen","none","resident status","AIMA | autorização de residência | visto | reagrupamento familiar | CPLP","AIMA, gov.pt, Diário da República, or IRN as applicable","1","curated_90_day"
"2026-08-21","14:30","3","social_security","foundation","Parental-benefit basics: a plain-English explanation","workers and freelancers","high","evergreen","none","arrendamento | contrato de arrendamento","Segurança Social | declaração trimestral | contribuições | NISS | desemprego","Segurança Social, gov.pt, or Diário da República","1","curated_90_day"
"2026-08-21","18:00","4","driving_transport","action","NEWS RESERVE — fallback: Checking vehicle documents: a practical step-by-step checklist","drivers and commuters","medium","news_flex","breaking_news","checking vehicle documents","IMT | carta de condução | IUC | veículo | Via Verde","Official-source verification required; otherwise use fallback","1","curated_90_day"
"2026-08-21","21:00","5","education_children","edge_case","School catchment areas: mistakes, exceptions and edge cases","families and students","medium","evergreen","none","matrículas | Portal das Matrículas | educação","matrícula escolar | educação | equivalência | reconhecimento | MEGA","Direção-Geral da Educação, DGES, gov.pt, or Diário da República","1","curated_90_day"
"2026-08-22","08:30","1","daily_life_consumer","golden_tip","Using the electronic complaints book: one golden tip and what to verify","everyone living in Portugal","low","evergreen","none","Livro de Reclamações | Direção-Geral do Consumidor","ePortugal | Livro de Reclamações | ANACOM | energia | telecomunicações","gov.pt, Direção-Geral do Consumidor, ANACOM, ERSE, or the responsible municipality","1","curated_90_day"
"2026-08-22","11:30","2","iva","foundation","Reverse charge wording: a plain-English explanation","freelancers and small businesses","high","evergreen","none","reverse charge wording","IVA | CIVA | artigo 53 | declaração periódica | VIES","Autoridade Tributária or Diário da República","1","curated_90_day"
"2026-08-22","14:30","3","employment","action","Recognising unpaid-trial scams: a practical step-by-step checklist","employees and job seekers","medium","evergreen","none","recognising unpaid trial","contrato de trabalho | emprego | salário | férias | desemprego","ACT, Segurança Social, IEFP, gov.pt, or Diário da República","1","curated_90_day"
"2026-08-22","18:00","4","identity_access","edge_case","NEWS RESERVE — fallback: Confirming email and mobile contacts on Finanças: mistakes, exceptions and edge cases","new residents","medium","news_flex","breaking_news","confirming email mobile","NIF | NISS | Chave Móvel Digital | Portal das Finanças | Segurança Social Direta","Official-source verification required; otherwise use fallback","1","curated_90_day"
"2026-08-22","21:00","5","irs","audience","Foreign bank accounts in Anexo J for people filing personal income tax","people filing personal income tax","high","evergreen","none","IRS | Imposto sobre o Rendimento das Pessoas Singulares | Banco de Portugal | IBAN | SEPA","IRS | Modelo 3 | e-Fatura | Anexo J | IRS Automático","Autoridade Tributária or Diário da República","1","curated_90_day"
"2026-08-23","08:30","1","citizenship_civil","foundation","Marriage registration: a plain-English explanation","residents building a long-term life","high","evergreen","none","marriage registration","IRN | cidadania | nacionalidade | registo civil | Nascer Cidadão","IRN, gov.pt, or Diário da República","1","curated_90_day"
"2026-08-23","11:30","2","housing_property","action","Budgeting purchase transaction costs: a practical step-by-step checklist","renters and property owners","high","evergreen","none","budgeting purchase transaction","arrendamento | IMI | AIMI | IMT | imóvel | habitação","Autoridade Tributária, gov.pt, Diário da República, or the responsible municipality","1","curated_90_day"
"2026-08-23","14:30","3","education_children","edge_case","Portuguese-language support for students: mistakes, exceptions and edge cases","families and students","medium","evergreen","none","language support students","matrícula escolar | educação | equivalência | reconhecimento | MEGA","Direção-Geral da Educação, DGES, gov.pt, or Diário da República","1","curated_90_day"
"2026-08-23","18:00","4","daily_life_consumer","audience","NEWS RESERVE — fallback: Changing telecom provider for everyone living in Portugal","everyone living in Portugal","low","news_flex","breaking_news","changing telecom provider","ePortugal | Livro de Reclamações | ANACOM | energia | telecomunicações","Official-source verification required; otherwise use fallback","1","curated_90_day"
"2026-08-23","21:00","5","banking_money","golden_tip","Changing banks: one golden tip and what to verify","people managing money in Portugal","medium","evergreen","none","Banco de Portugal | IBAN | SEPA","Banco de Portugal | SEPA | conta bancária | IBAN | crédito","Banco de Portugal, European Central Bank, or gov.pt","1","curated_90_day"
"2026-08-24","08:30","1","irs","action","Validating e-Fatura expenses: a practical step-by-step checklist","people filing personal income tax","high","evergreen","none","e-Fatura | faturas","IRS | Modelo 3 | e-Fatura | Anexo J | IRS Automático","Autoridade Tributária or Diário da República","1","curated_90_day"
"2026-08-24","11:30","2","health_family","edge_case","Parental-leave administration: mistakes, exceptions and edge cases","individuals and families","medium","evergreen","none","arrendamento | contrato de arrendamento","SNS | centro de saúde | médico de família | nascimento | família","SNS, SNS 24, gov.pt, or Diário da República","1","curated_90_day"
"2026-08-24","14:30","3","immigration_residency","audience","Residence title versus EU registration certificate for international residents","international residents","high","evergreen","none","AIMA | autorização de residência","AIMA | autorização de residência | visto | reagrupamento familiar | CPLP","AIMA, gov.pt, Diário da República, or IRN as applicable","1","curated_90_day"
"2026-08-24","18:00","4","identity_access","golden_tip","NEWS RESERVE — fallback: What Chave Móvel Digital does: one golden tip and what to verify","new residents","medium","news_flex","breaking_news","Chave Móvel Digital | autenticação.gov","NIF | NISS | Chave Móvel Digital | Portal das Finanças | Segurança Social Direta","Official-source verification required; otherwise use fallback","1","curated_90_day"
"2026-08-24","21:00","5","driving_transport","foundation","Car-insurance documents: a plain-English explanation","drivers and commuters","medium","evergreen","none","insurance documents","IMT | carta de condução | IUC | veículo | Via Verde","IMT, Autoridade Tributária, gov.pt, or Diário da República","1","curated_90_day"
"2026-08-25","08:30","1","banking_money","edge_case","Multibanco payments: mistakes, exceptions and edge cases","people managing money in Portugal","medium","evergreen","none","Banco de Portugal | IBAN | SEPA","Banco de Portugal | SEPA | conta bancária | IBAN | crédito","Banco de Portugal, European Central Bank, or gov.pt","1","curated_90_day"
"2026-08-25","11:30","2","daily_life_consumer","audience","Preventing identity-document scams for everyone living in Portugal","everyone living in Portugal","low","evergreen","none","preventing identity document","ePortugal | Livro de Reclamações | ANACOM | energia | telecomunicações","gov.pt, Direção-Geral do Consumidor, ANACOM, ERSE, or the responsible municipality","1","curated_90_day"
"2026-08-25","14:30","3","iva","golden_tip","Monitoring the IVA exemption threshold: one golden tip and what to verify","freelancers and small businesses","high","evergreen","none","IVA | Imposto sobre o Valor Acrescentado","IVA | CIVA | artigo 53 | declaração periódica | VIES","Autoridade Tributária or Diário da República","1","curated_90_day"
"2026-08-25","18:00","4","employment","foundation","NEWS RESERVE — fallback: Annual leave basics: a plain-English explanation","employees and job seekers","medium","news_flex","breaking_news","annual leave basics","contrato de trabalho | emprego | salário | férias | desemprego","Official-source verification required; otherwise use fallback","1","curated_90_day"
"2026-08-25","21:00","5","identity_access","action","Changing the address linked to your NIF: a practical step-by-step checklist","new residents","medium","evergreen","none","NIF | número de identificação fiscal","NIF | NISS | Chave Móvel Digital | Portal das Finanças | Segurança Social Direta","gov.pt, Autoridade Tributária, Segurança Social, or Autenticação.gov as applicable","1","curated_90_day"
"2026-08-26","08:30","1","driving_transport","audience","Checking vehicle documents for drivers and commuters","drivers and commuters","medium","evergreen","none","checking vehicle documents","IMT | carta de condução | IUC | veículo | Via Verde","IMT, Autoridade Tributária, gov.pt, or Diário da República","1","curated_90_day"
"2026-08-26","11:30","2","citizenship_civil","golden_tip","Portuguese citizenship document checklist: one golden tip and what to verify","residents building a long-term life","high","evergreen","none","citizenship document","IRN | cidadania | nacionalidade | registo civil | Nascer Cidadão","IRN, gov.pt, or Diário da República","1","curated_90_day"
"2026-08-26","14:30","3","housing_property","foundation","Energy certificates: a plain-English explanation","renters and property owners","high","evergreen","none","energy certificates","arrendamento | IMI | AIMI | IMT | imóvel | habitação","Autoridade Tributária, gov.pt, Diário da República, or the responsible municipality","1","curated_90_day"
"2026-08-26","18:00","4","education_children","action","NEWS RESERVE — fallback: Automatic versus specific degree recognition: a practical step-by-step checklist","families and students","medium","news_flex","breaking_news","automatic versus specific","matrícula escolar | educação | equivalência | reconhecimento | MEGA","Official-source verification required; otherwise use fallback","1","curated_90_day"
"2026-08-26","21:00","5","health_family","edge_case","Registering with the SNS: mistakes, exceptions and edge cases","individuals and families","medium","evergreen","none","registering | SNS","SNS | centro de saúde | médico de família | nascimento | família","SNS, SNS 24, gov.pt, or Diário da República","1","curated_90_day"
"2026-08-27","08:30","1","identity_access","golden_tip","Requesting a NISS: one golden tip and what to verify","new residents","medium","evergreen","none","NISS | número de identificação da segurança social","NIF | NISS | Chave Móvel Digital | Portal das Finanças | Segurança Social Direta","gov.pt, Autoridade Tributária, Segurança Social, or Autenticação.gov as applicable","1","curated_90_day"
"2026-08-27","11:30","2","irs","foundation","Capital gains basics: a plain-English explanation","people filing personal income tax","high","evergreen","none","capital gains basics","IRS | Modelo 3 | e-Fatura | Anexo J | IRS Automático","Autoridade Tributária or Diário da República","1","curated_90_day"
"2026-08-27","14:30","3","health_family","action","Using SNS 24: a practical step-by-step checklist","individuals and families","medium","evergreen","none","using | SNS","SNS | centro de saúde | médico de família | nascimento | família","SNS, SNS 24, gov.pt, or Diário da República","1","curated_90_day"
"2026-08-27","18:00","4","immigration_residency","edge_case","NEWS RESERVE — fallback: CPLP residence documentation: mistakes, exceptions and edge cases","international residents","high","news_flex","breaking_news","AIMA | autorização de residência | CPLP","AIMA | autorização de residência | visto | reagrupamento familiar | CPLP","Official-source verification required; otherwise use fallback","1","curated_90_day"
"2026-08-27","21:00","5","driving_transport","audience","Selling a vehicle safely for drivers and commuters","drivers and commuters","medium","evergreen","none","selling vehicle safely","IMT | carta de condução | IUC | veículo | Via Verde","IMT, Autoridade Tributária, gov.pt, or Diário da República","1","curated_90_day"
"2026-08-28","08:30","1","banking_money","foundation","Paying the state through Multibanco: a plain-English explanation","people managing money in Portugal","medium","evergreen","none","Banco de Portugal | IBAN | SEPA","Banco de Portugal | SEPA | conta bancária | IBAN | crédito","Banco de Portugal, European Central Bank, or gov.pt","1","curated_90_day"
"2026-08-28","11:30","2","banking_money","action","Avoiding payment-reference scams: a practical step-by-step checklist","people managing money in Portugal","medium","evergreen","none","avoiding payment reference","Banco de Portugal | SEPA | conta bancária | IBAN | crédito","Banco de Portugal, European Central Bank, or gov.pt","1","curated_90_day"
"2026-08-28","14:30","3","housing_property","edge_case","IMI August reminder: confirm your instalment and payment reference","renters and property owners","high","official_locked","date_locked","IMI | Imposto Municipal sobre Imóveis","arrendamento | IMI | AIMI | IMT | imóvel | habitação","https://info.portaldasfinancas.gov.pt/pt/apoio_ao_contribuinte/Cidadaos/Casa_e_propriedades/Imposto_anual/Paginas/default.aspx","1","curated_90_day"
"2026-08-28","18:00","4","irs","audience","IRS 31 August checkpoint: review your assessment or payment notice","people filing personal income tax","high","official_locked","date_locked","IRS | Imposto sobre o Rendimento das Pessoas Singulares","IRS | Modelo 3 | e-Fatura | Anexo J | IRS Automático","https://info.portaldasfinancas.gov.pt/pt/apoio_contribuinte/calendario_fiscal/Pages/Quadro_res_Pag_2026.aspx","1","curated_90_day"
"2026-08-28","21:00","5","employment","golden_tip","Working for a foreign employer: one golden tip and what to verify","employees and job seekers","medium","evergreen","none","working foreign employer","contrato de trabalho | emprego | salário | férias | desemprego","ACT, Segurança Social, IEFP, gov.pt, or Diário da República","1","curated_90_day"
"2026-08-29","08:30","1","social_security","action","Monthly contribution payments: a practical step-by-step checklist","workers and freelancers","high","evergreen","none","monthly contribution payments","Segurança Social | declaração trimestral | contribuições | NISS | desemprego","Segurança Social, gov.pt, or Diário da República","1","curated_90_day"
"2026-08-29","11:30","2","driving_transport","edge_case","Vehicle inspection timing: mistakes, exceptions and edge cases","drivers and commuters","medium","evergreen","none","vehicle inspection timing","IMT | carta de condução | IUC | veículo | Via Verde","IMT, Autoridade Tributária, gov.pt, or Diário da República","1","curated_90_day"
"2026-08-29","14:30","3","citizenship_civil","audience","Tracking an IRN application for residents building a long-term life","residents building a long-term life","high","evergreen","none","tracking application | IRN","IRN | cidadania | nacionalidade | registo civil | Nascer Cidadão","IRN, gov.pt, or Diário da República","1","curated_90_day"
"2026-08-29","18:00","4","education_children","golden_tip","NEWS RESERVE — fallback: Moving schools during the year: one golden tip and what to verify","families and students","medium","news_flex","breaking_news","matrículas | Portal das Matrículas | educação","matrícula escolar | educação | equivalência | reconhecimento | MEGA","Official-source verification required; otherwise use fallback","1","curated_90_day"
"2026-08-29","21:00","5","education_children","foundation","School-meal and support applications: a plain-English explanation","families and students","medium","evergreen","none","matrículas | Portal das Matrículas | educação","matrícula escolar | educação | equivalência | reconhecimento | MEGA","Direção-Geral da Educação, DGES, gov.pt, or Diário da República","1","curated_90_day"
"2026-08-30","08:30","1","employment","edge_case","Annual leave basics: mistakes, exceptions and edge cases","employees and job seekers","medium","evergreen","none","annual leave basics","contrato de trabalho | emprego | salário | férias | desemprego","ACT, Segurança Social, IEFP, gov.pt, or Diário da República","1","curated_90_day"
"2026-08-30","11:30","2","identity_access","audience","What a Portuguese NIF is for new residents","new residents","medium","evergreen","none","NIF | número de identificação fiscal","NIF | NISS | Chave Móvel Digital | Portal das Finanças | Segurança Social Direta","gov.pt, Autoridade Tributária, Segurança Social, or Autenticação.gov as applicable","1","curated_90_day"
"2026-08-30","14:30","3","irs","golden_tip","What Portuguese IRS is: one golden tip and what to verify","people filing personal income tax","high","evergreen","none","IRS | Imposto sobre o Rendimento das Pessoas Singulares","IRS | Modelo 3 | e-Fatura | Anexo J | IRS Automático","Autoridade Tributária or Diário da República","1","curated_90_day"
"2026-08-30","18:00","4","health_family","foundation","NEWS RESERVE — fallback: Parental-leave administration: a plain-English explanation","individuals and families","medium","news_flex","breaking_news","arrendamento | contrato de arrendamento","SNS | centro de saúde | médico de família | nascimento | família","Official-source verification required; otherwise use fallback","1","curated_90_day"
"2026-08-30","21:00","5","immigration_residency","action","Visa versus residence permit: a practical step-by-step checklist","international residents","high","evergreen","none","AIMA | autorização de residência","AIMA | autorização de residência | visto | reagrupamento familiar | CPLP","AIMA, gov.pt, Diário da República, or IRN as applicable","1","curated_90_day"
"2026-08-31","08:30","1","education_children","audience","National-exam administration for families and students","families and students","medium","evergreen","none","national administration","matrícula escolar | educação | equivalência | reconhecimento | MEGA","Direção-Geral da Educação, DGES, gov.pt, or Diário da República","1","curated_90_day"
"2026-08-31","11:30","2","education_children","golden_tip","School-enrolment documents: one golden tip and what to verify","families and students","medium","evergreen","none","matrículas | Portal das Matrículas | educação","matrícula escolar | educação | equivalência | reconhecimento | MEGA","Direção-Geral da Educação, DGES, gov.pt, or Diário da República","1","curated_90_day"
"2026-08-31","14:30","3","housing_property","foundation","IMI today: pay only if your notice includes an August instalment","renters and property owners","high","official_locked","date_locked","IMI | Imposto Municipal sobre Imóveis","arrendamento | IMI | AIMI | IMT | imóvel | habitação","https://info.portaldasfinancas.gov.pt/pt/apoio_ao_contribuinte/Cidadaos/Casa_e_propriedades/Imposto_anual/Paginas/default.aspx","1","curated_90_day"
"2026-08-31","18:00","4","irs","action","IRS today: act only if your assessment or payment notice requires it","people filing personal income tax","high","official_locked","date_locked","IRS | Imposto sobre o Rendimento das Pessoas Singulares","IRS | Modelo 3 | e-Fatura | Anexo J | IRS Automático","https://info.portaldasfinancas.gov.pt/pt/apoio_contribuinte/calendario_fiscal/Pages/Quadro_res_Pag_2026.aspx","1","curated_90_day"
"2026-08-31","21:00","5","banking_money","edge_case","Foreign bank accounts and Portuguese tax: mistakes, exceptions and edge cases","people managing money in Portugal","medium","evergreen","none","Banco de Portugal | IBAN | SEPA","Banco de Portugal | SEPA | conta bancária | IBAN | crédito","Banco de Portugal, European Central Bank, or gov.pt","1","curated_90_day"
"2026-09-01","08:30","1","immigration_residency","golden_tip","D3 highly qualified route: one golden tip and what to verify","international residents","high","evergreen","none","highly qualified route","AIMA | autorização de residência | visto | reagrupamento familiar | CPLP","AIMA, gov.pt, Diário da República, or IRN as applicable","1","curated_90_day"
"2026-09-01","11:30","2","social_security","foundation","Unemployment-benefit basics: a plain-English explanation","workers and freelancers","high","evergreen","none","unemployment benefit basics","Segurança Social | declaração trimestral | contribuições | NISS | desemprego","Segurança Social, gov.pt, or Diário da República","1","curated_90_day"
"2026-09-01","14:30","3","driving_transport","action","What happens when a foreign licence expires: a practical step-by-step checklist","drivers and commuters","medium","evergreen","none","happens foreign licence","IMT | carta de condução | IUC | veículo | Via Verde","IMT, Autoridade Tributária, gov.pt, or Diário da República","1","curated_90_day"
"2026-09-01","18:00","4","education_children","edge_case","School starts between 11 and 15 September: family admin checklist","families and students","medium","official_locked","date_locked","matrículas | Portal das Matrículas | educação","matrícula escolar | educação | equivalência | reconhecimento | MEGA","https://www.dgeste.mec.pt/wp-content/uploads/2024/07/despacho8368-2024-07-25-calendario-escolar-2024-25-2027-28.pdf","1","curated_90_day"
"2026-09-01","21:00","5","employment","audience","Recognising unpaid-trial scams for employees and job seekers","employees and job seekers","medium","evergreen","none","contrato de trabalho | Código do Trabalho","contrato de trabalho | emprego | salário | férias | desemprego","ACT, Segurança Social, IEFP, gov.pt, or Diário da República","1","curated_90_day"
"2026-09-02","08:30","1","iva","foundation","Checking a customer in VIES: a plain-English explanation","freelancers and small businesses","high","evergreen","none","checking customer | VIES","IVA | CIVA | artigo 53 | declaração periódica | VIES","Autoridade Tributária or Diário da República","1","curated_90_day"
"2026-09-02","11:30","2","employment","action","Employee plus freelance income: a practical step-by-step checklist","employees and job seekers","medium","evergreen","none","contrato de trabalho | Código do Trabalho","contrato de trabalho | emprego | salário | férias | desemprego","ACT, Segurança Social, IEFP, gov.pt, or Diário da República","1","curated_90_day"
"2026-09-02","14:30","3","identity_access","edge_case","Changing the temporary Finanças password: mistakes, exceptions and edge cases","new residents","medium","evergreen","none","changing temporary finanças","NIF | NISS | Chave Móvel Digital | Portal das Finanças | Segurança Social Direta","gov.pt, Autoridade Tributária, Segurança Social, or Autenticação.gov as applicable","1","curated_90_day"
"2026-09-02","18:00","4","irs","audience","Missed an IRS payment shown on your notice? Check the official next step","people filing personal income tax","high","official_locked","date_locked","IRS | Imposto sobre o Rendimento das Pessoas Singulares","IRS | Modelo 3 | e-Fatura | Anexo J | IRS Automático","https://info.portaldasfinancas.gov.pt/pt/apoio_contribuinte/calendario_fiscal/Pages/Quadro_res_Pag_2026.aspx","1","curated_90_day"
"2026-09-02","21:00","5","health_family","golden_tip","Using SNS 24: one golden tip and what to verify","individuals and families","medium","evergreen","none","using | SNS","SNS | centro de saúde | médico de família | nascimento | família","SNS, SNS 24, gov.pt, or Diário da República","1","curated_90_day"
"2026-09-03","08:30","1","housing_property","action","What IMT is: a practical step-by-step checklist","renters and property owners","high","evergreen","none","IMT | Imposto Municipal sobre as Transmissões","arrendamento | IMI | AIMI | IMT | imóvel | habitação","Autoridade Tributária, gov.pt, Diário da República, or the responsible municipality","1","curated_90_day"
"2026-09-03","11:30","2","education_children","edge_case","Renewing school enrolment: mistakes, exceptions and edge cases","families and students","medium","evergreen","none","matrículas | Portal das Matrículas | educação","matrícula escolar | educação | equivalência | reconhecimento | MEGA","Direção-Geral da Educação, DGES, gov.pt, or Diário da República","1","curated_90_day"
"2026-09-03","14:30","3","freelance_business","audience","Closing freelance activity for freelancers and solo founders","freelancers and solo founders","high","evergreen","none","closing freelance activity","trabalhador independente | abrir atividade | recibos verdes | CAE | CIRS","Autoridade Tributária, Segurança Social, gov.pt, or Diário da República","1","curated_90_day"
"2026-09-03","18:00","4","banking_money","golden_tip","NEWS RESERVE — fallback: Bank fees and account packages: one golden tip and what to verify","people managing money in Portugal","medium","news_flex","breaking_news","Banco de Portugal | IBAN | SEPA","Banco de Portugal | SEPA | conta bancária | IBAN | crédito","Official-source verification required; otherwise use fallback","1","curated_90_day"
"2026-09-03","21:00","5","daily_life_consumer","foundation","Using ePortugal to find public services: a plain-English explanation","everyone living in Portugal","low","evergreen","none","using eportugal public | ePortugal","ePortugal | Livro de Reclamações | ANACOM | energia | telecomunicações","gov.pt, Direção-Geral do Consumidor, ANACOM, ERSE, or the responsible municipality","1","curated_90_day"
"2026-09-04","08:30","1","health_family","edge_case","Registering a birth: mistakes, exceptions and edge cases","individuals and families","medium","evergreen","none","registering birth","SNS | centro de saúde | médico de família | nascimento | família","SNS, SNS 24, gov.pt, or Diário da República","1","curated_90_day"
"2026-09-04","11:30","2","immigration_residency","audience","Visa versus residence permit for international residents","international residents","high","evergreen","none","AIMA | autorização de residência","AIMA | autorização de residência | visto | reagrupamento familiar | CPLP","AIMA, gov.pt, Diário da República, or IRN as applicable","1","curated_90_day"
"2026-09-04","14:30","3","social_security","golden_tip","Correcting a quarterly declaration: one golden tip and what to verify","workers and freelancers","high","evergreen","none","Segurança Social | declaração trimestral","Segurança Social | declaração trimestral | contribuições | NISS | desemprego","Segurança Social, gov.pt, or Diário da República","1","curated_90_day"
"2026-09-04","18:00","4","driving_transport","foundation","NEWS RESERVE — fallback: Electronic tolls for foreign vehicles: a plain-English explanation","drivers and commuters","medium","news_flex","breaking_news","electronic tolls foreign","IMT | carta de condução | IUC | veículo | Via Verde","Official-source verification required; otherwise use fallback","1","curated_90_day"
"2026-09-04","21:00","5","education_children","action","National-exam administration: a practical step-by-step checklist","families and students","medium","evergreen","none","national administration","matrícula escolar | educação | equivalência | reconhecimento | MEGA","Direção-Geral da Educação, DGES, gov.pt, or Diário da República","1","curated_90_day"
"2026-09-05","08:30","1","daily_life_consumer","audience","Keeping proof of cancellation for everyone living in Portugal","everyone living in Portugal","low","evergreen","none","keeping proof cancellation","ePortugal | Livro de Reclamações | ANACOM | energia | telecomunicações","gov.pt, Direção-Geral do Consumidor, ANACOM, ERSE, or the responsible municipality","1","curated_90_day"
"2026-09-05","11:30","2","iva","golden_tip","What IVA is: one golden tip and what to verify","freelancers and small businesses","high","evergreen","none","IVA | Imposto sobre o Valor Acrescentado","IVA | CIVA | artigo 53 | declaração periódica | VIES","Autoridade Tributária or Diário da República","1","curated_90_day"
"2026-09-05","14:30","3","employment","foundation","Fixed-term versus permanent contracts: a plain-English explanation","employees and job seekers","medium","evergreen","none","fixed versus permanent","contrato de trabalho | emprego | salário | férias | desemprego","ACT, Segurança Social, IEFP, gov.pt, or Diário da República","1","curated_90_day"
"2026-09-05","18:00","4","identity_access","action","NEWS RESERVE — fallback: Getting a NIF before moving: a practical step-by-step checklist","new residents","medium","news_flex","breaking_news","NIF | número de identificação fiscal","NIF | NISS | Chave Móvel Digital | Portal das Finanças | Segurança Social Direta","Official-source verification required; otherwise use fallback","1","curated_90_day"
"2026-09-05","21:00","5","irs","edge_case","Paying an IRS balance: mistakes, exceptions and edge cases","people filing personal income tax","high","evergreen","none","IRS | Imposto sobre o Rendimento das Pessoas Singulares","IRS | Modelo 3 | e-Fatura | Anexo J | IRS Automático","Autoridade Tributária or Diário da República","1","curated_90_day"
"2026-09-06","08:30","1","citizenship_civil","golden_tip","Residence and citizenship are different processes: one golden tip and what to verify","residents building a long-term life","high","evergreen","none","AIMA | autorização de residência | arrendamento | contrato de arrendamento","IRN | cidadania | nacionalidade | registo civil | Nascer Cidadão","IRN, gov.pt, or Diário da República","1","curated_90_day"
"2026-09-06","11:30","2","housing_property","foundation","Condominium documents: a plain-English explanation","renters and property owners","high","evergreen","none","condominium documents","arrendamento | IMI | AIMI | IMT | imóvel | habitação","Autoridade Tributária, gov.pt, Diário da República, or the responsible municipality","1","curated_90_day"
"2026-09-06","14:30","3","education_children","action","Recognising a foreign degree: a practical step-by-step checklist","families and students","medium","evergreen","none","recognising foreign degree","matrícula escolar | educação | equivalência | reconhecimento | MEGA","Direção-Geral da Educação, DGES, gov.pt, or Diário da República","1","curated_90_day"
"2026-09-06","18:00","4","daily_life_consumer","edge_case","NEWS RESERVE — fallback: Official email and SMS scam checks: mistakes, exceptions and edge cases","everyone living in Portugal","low","news_flex","breaking_news","official email checks","ePortugal | Livro de Reclamações | ANACOM | energia | telecomunicações","Official-source verification required; otherwise use fallback","1","curated_90_day"
"2026-09-06","21:00","5","banking_money","audience","Variable versus fixed mortgage rates for people managing money in Portugal","people managing money in Portugal","medium","evergreen","none","variable versus fixed","Banco de Portugal | SEPA | conta bancária | IBAN | crédito","Banco de Portugal, European Central Bank, or gov.pt","1","curated_90_day"
"2026-09-07","08:30","1","irs","foundation","Freelance income and IRS: a plain-English explanation","people filing personal income tax","high","evergreen","none","IRS | Imposto sobre o Rendimento das Pessoas Singulares","IRS | Modelo 3 | e-Fatura | Anexo J | IRS Automático","Autoridade Tributária or Diário da República","1","curated_90_day"
"2026-09-07","11:30","2","health_family","action","Registering at a health centre: a practical step-by-step checklist","individuals and families","medium","evergreen","none","registering health centre","SNS | centro de saúde | médico de família | nascimento | família","SNS, SNS 24, gov.pt, or Diário da República","1","curated_90_day"
"2026-09-07","14:30","3","daily_life_consumer","edge_case","Changing telecom provider: mistakes, exceptions and edge cases","everyone living in Portugal","low","evergreen","none","changing telecom provider","ePortugal | Livro de Reclamações | ANACOM | energia | telecomunicações","gov.pt, Direção-Geral do Consumidor, ANACOM, ERSE, or the responsible municipality","1","curated_90_day"
"2026-09-07","18:00","4","iva","audience","Quarterly IVA return: prepare Q2 records before 21 September","freelancers and small businesses","high","official_locked","date_locked","IVA | Imposto sobre o Valor Acrescentado","IVA | CIVA | artigo 53 | declaração periódica | VIES","https://info.portaldasfinancas.gov.pt/pt/apoio_contribuinte/calendario_fiscal/Documents/Obrigacoes_declarativas.pdf","1","curated_90_day"
"2026-09-07","21:00","5","driving_transport","golden_tip","Exchanging a non-EU driving licence: one golden tip and what to verify","drivers and commuters","medium","evergreen","none","carta de condução | IMT","IMT | carta de condução | IUC | veículo | Via Verde","IMT, Autoridade Tributária, gov.pt, or Diário da República","1","curated_90_day"
"2026-09-08","08:30","1","banking_money","action","Keeping proof of bank transfers: a practical step-by-step checklist","people managing money in Portugal","medium","evergreen","none","Banco de Portugal | IBAN | SEPA","Banco de Portugal | SEPA | conta bancária | IBAN | crédito","Banco de Portugal, European Central Bank, or gov.pt","1","curated_90_day"
"2026-09-08","11:30","2","daily_life_consumer","edge_case","Getting an atestado de residência: mistakes, exceptions and edge cases","everyone living in Portugal","low","evergreen","none","getting atestado residência","ePortugal | Livro de Reclamações | ANACOM | energia | telecomunicações","gov.pt, Direção-Geral do Consumidor, ANACOM, ERSE, or the responsible municipality","1","curated_90_day"
"2026-09-08","14:30","3","iva","audience","Invoicing an EU business customer for freelancers and small businesses","freelancers and small businesses","high","evergreen","none","invoicing business customer","IVA | CIVA | artigo 53 | declaração periódica | VIES","Autoridade Tributária or Diário da República","1","curated_90_day"
"2026-09-08","18:00","4","employment","golden_tip","NEWS RESERVE — fallback: Remote work from Portugal: one golden tip and what to verify","employees and job seekers","medium","news_flex","breaking_news","remote","contrato de trabalho | emprego | salário | férias | desemprego","Official-source verification required; otherwise use fallback","1","curated_90_day"
"2026-09-08","21:00","5","identity_access","foundation","What Chave Móvel Digital does: a plain-English explanation","new residents","medium","evergreen","none","Chave Móvel Digital | autenticação.gov","NIF | NISS | Chave Móvel Digital | Portal das Finanças | Segurança Social Direta","gov.pt, Autoridade Tributária, Segurança Social, or Autenticação.gov as applicable","1","curated_90_day"
"2026-09-09","08:30","1","driving_transport","edge_case","Electronic tolls for foreign vehicles: mistakes, exceptions and edge cases","drivers and commuters","medium","evergreen","none","electronic tolls foreign","IMT | carta de condução | IUC | veículo | Via Verde","IMT, Autoridade Tributária, gov.pt, or Diário da República","1","curated_90_day"
"2026-09-09","11:30","2","citizenship_civil","audience","Certified translations for residents building a long-term life","residents building a long-term life","high","evergreen","none","certified translations","IRN | cidadania | nacionalidade | registo civil | Nascer Cidadão","IRN, gov.pt, or Diário da República","1","curated_90_day"
"2026-09-09","14:30","3","housing_property","golden_tip","Changing utilities after moving: one golden tip and what to verify","renters and property owners","high","evergreen","none","changing utilities moving","arrendamento | IMI | AIMI | IMT | imóvel | habitação","Autoridade Tributária, gov.pt, Diário da República, or the responsible municipality","1","curated_90_day"
"2026-09-09","18:00","4","education_children","foundation","NEWS RESERVE — fallback: Portuguese-language support for students: a plain-English explanation","families and students","medium","news_flex","breaking_news","language support students","matrícula escolar | educação | equivalência | reconhecimento | MEGA","Official-source verification required; otherwise use fallback","1","curated_90_day"
"2026-09-09","21:00","5","health_family","action","S1 healthcare registration: a practical step-by-step checklist","individuals and families","medium","evergreen","none","healthcare registration","SNS | centro de saúde | médico de família | nascimento | família","SNS, SNS 24, gov.pt, or Diário da República","1","curated_90_day"
"2026-09-10","08:30","1","identity_access","audience","Keeping digital copies of Portuguese documents for new residents","new residents","medium","evergreen","none","keeping digital copies","NIF | NISS | Chave Móvel Digital | Portal das Finanças | Segurança Social Direta","gov.pt, Autoridade Tributária, Segurança Social, or Autenticação.gov as applicable","1","curated_90_day"
"2026-09-10","11:30","2","irs","golden_tip","Tax deductions versus tax credits: one golden tip and what to verify","people filing personal income tax","high","evergreen","none","deductions versus credits","IRS | Modelo 3 | e-Fatura | Anexo J | IRS Automático","Autoridade Tributária or Diário da República","1","curated_90_day"
"2026-09-10","14:30","3","health_family","foundation","Registering a birth: a plain-English explanation","individuals and families","medium","evergreen","none","registering birth","SNS | centro de saúde | médico de família | nascimento | família","SNS, SNS 24, gov.pt, or Diário da República","1","curated_90_day"
"2026-09-10","18:00","4","education_children","action","Before school starts: confirm your school’s exact first day and documents","families and students","medium","official_locked","date_locked","matrículas | Portal das Matrículas | educação","matrícula escolar | educação | equivalência | reconhecimento | MEGA","https://www.dgeste.mec.pt/wp-content/uploads/2024/07/despacho8368-2024-07-25-calendario-escolar-2024-25-2027-28.pdf","1","curated_90_day"
"2026-09-10","21:00","5","social_security","edge_case","First-year Social Security treatment: mistakes, exceptions and edge cases","workers and freelancers","high","evergreen","none","Segurança Social | declaração trimestral","Segurança Social | declaração trimestral | contribuições | NISS | desemprego","Segurança Social, gov.pt, or Diário da República","1","curated_90_day"
"2026-09-11","08:30","1","freelance_business","golden_tip","Invoicing foreign clients: one golden tip and what to verify","freelancers and solo founders","high","evergreen","none","invoicing foreign clients","trabalhador independente | abrir atividade | recibos verdes | CAE | CIRS","Autoridade Tributária, Segurança Social, gov.pt, or Diário da República","1","curated_90_day"
"2026-09-11","11:30","2","banking_money","foundation","Currency-conversion costs: a plain-English explanation","people managing money in Portugal","medium","evergreen","none","currency conversion costs","Banco de Portugal | SEPA | conta bancária | IBAN | crédito","Banco de Portugal, European Central Bank, or gov.pt","1","curated_90_day"
"2026-09-11","14:30","3","daily_life_consumer","action","Internet installation documents: a practical step-by-step checklist","everyone living in Portugal","low","evergreen","none","internet installation documents","ePortugal | Livro de Reclamações | ANACOM | energia | telecomunicações","gov.pt, Direção-Geral do Consumidor, ANACOM, ERSE, or the responsible municipality","1","curated_90_day"
"2026-09-11","18:00","4","education_children","edge_case","Portugal’s school-start window opens today: check your school’s date","families and students","medium","official_locked","date_locked","matrículas | Portal das Matrículas | educação","matrícula escolar | educação | equivalência | reconhecimento | MEGA","https://www.dgeste.mec.pt/wp-content/uploads/2024/07/despacho8368-2024-07-25-calendario-escolar-2024-25-2027-28.pdf","1","curated_90_day"
"2026-09-11","21:00","5","employment","audience","Payslip basics for employees and job seekers","employees and job seekers","medium","evergreen","none","contrato de trabalho | Código do Trabalho","contrato de trabalho | emprego | salário | férias | desemprego","ACT, Segurança Social, IEFP, gov.pt, or Diário da República","1","curated_90_day"
"2026-09-12","08:30","1","social_security","foundation","Employee Social Security deductions: a plain-English explanation","workers and freelancers","high","evergreen","none","Segurança Social | declaração trimestral | contrato de trabalho | Código do Trabalho","Segurança Social | declaração trimestral | contribuições | NISS | desemprego","Segurança Social, gov.pt, or Diário da República","1","curated_90_day"
"2026-09-12","11:30","2","driving_transport","action","Driving-licence exchange documents: a practical step-by-step checklist","drivers and commuters","medium","evergreen","none","driving licence exchange","IMT | carta de condução | IUC | veículo | Via Verde","IMT, Autoridade Tributária, gov.pt, or Diário da República","1","curated_90_day"
"2026-09-12","14:30","3","citizenship_civil","edge_case","Marriage registration: mistakes, exceptions and edge cases","residents building a long-term life","high","evergreen","none","marriage registration","IRN | cidadania | nacionalidade | registo civil | Nascer Cidadão","IRN, gov.pt, or Diário da República","1","curated_90_day"
"2026-09-12","18:00","4","education_children","audience","NEWS RESERVE — fallback: School-meal and support applications for families and students","families and students","medium","news_flex","breaking_news","matrículas | Portal das Matrículas | educação","matrícula escolar | educação | equivalência | reconhecimento | MEGA","Official-source verification required; otherwise use fallback","1","curated_90_day"
"2026-09-12","21:00","5","education_children","golden_tip","Student residence administration: one golden tip and what to verify","families and students","medium","evergreen","none","AIMA | autorização de residência","matrícula escolar | educação | equivalência | reconhecimento | MEGA","Direção-Geral da Educação, DGES, gov.pt, or Diário da República","1","curated_90_day"
"2026-09-13","08:30","1","employment","action","Remote work from Portugal: a practical step-by-step checklist","employees and job seekers","medium","evergreen","none","remote","contrato de trabalho | emprego | salário | férias | desemprego","ACT, Segurança Social, IEFP, gov.pt, or Diário da República","1","curated_90_day"
"2026-09-13","11:30","2","identity_access","edge_case","Requesting a NISS: mistakes, exceptions and edge cases","new residents","medium","evergreen","none","NISS | número de identificação da segurança social","NIF | NISS | Chave Móvel Digital | Portal das Finanças | Segurança Social Direta","gov.pt, Autoridade Tributária, Segurança Social, or Autenticação.gov as applicable","1","curated_90_day"
"2026-09-13","14:30","3","irs","audience","Submitting Modelo 3 for people filing personal income tax","people filing personal income tax","high","evergreen","none","Modelo 3 | declaração de rendimentos | IRS | Imposto sobre o Rendimento das Pessoas Singulares","IRS | Modelo 3 | e-Fatura | Anexo J | IRS Automático","Autoridade Tributária or Diário da República","1","curated_90_day"
"2026-09-13","18:00","4","health_family","golden_tip","NEWS RESERVE — fallback: Registering at a health centre: one golden tip and what to verify","individuals and families","medium","news_flex","breaking_news","registering health centre","SNS | centro de saúde | médico de família | nascimento | família","Official-source verification required; otherwise use fallback","1","curated_90_day"
"2026-09-13","21:00","5","immigration_residency","foundation","D8 digital-nomad route: a plain-English explanation","international residents","high","evergreen","none","digital nomad route","AIMA | autorização de residência | visto | reagrupamento familiar | CPLP","AIMA, gov.pt, Diário da República, or IRN as applicable","1","curated_90_day"
"2026-09-14","08:30","1","education_children","edge_case","School-enrolment documents: mistakes, exceptions and edge cases","families and students","medium","evergreen","none","matrículas | Portal das Matrículas | educação","matrícula escolar | educação | equivalência | reconhecimento | MEGA","Direção-Geral da Educação, DGES, gov.pt, or Diário da República","1","curated_90_day"
"2026-09-14","11:30","2","freelance_business","audience","Correcting a Portuguese invoice for freelancers and solo founders","freelancers and solo founders","high","evergreen","none","correcting invoice","trabalhador independente | abrir atividade | recibos verdes | CAE | CIRS","Autoridade Tributária, Segurança Social, gov.pt, or Diário da República","1","curated_90_day"
"2026-09-14","14:30","3","banking_money","golden_tip","MB WAY basics: one golden tip and what to verify","people managing money in Portugal","medium","evergreen","none","basics","Banco de Portugal | SEPA | conta bancária | IBAN | crédito","Banco de Portugal, European Central Bank, or gov.pt","1","curated_90_day"
"2026-09-14","18:00","4","daily_life_consumer","foundation","NEWS RESERVE — fallback: Finding English-language official help: a plain-English explanation","everyone living in Portugal","low","news_flex","breaking_news","finding language official","ePortugal | Livro de Reclamações | ANACOM | energia | telecomunicações","Official-source verification required; otherwise use fallback","1","curated_90_day"
"2026-09-14","21:00","5","iva","action","Correcting an IVA declaration: a practical step-by-step checklist","freelancers and small businesses","high","evergreen","none","IVA | Imposto sobre o Valor Acrescentado","IVA | CIVA | artigo 53 | declaração periódica | VIES","Autoridade Tributária or Diário da República","1","curated_90_day"
"2026-09-15","08:30","1","immigration_residency","audience","When an application file is incomplete for international residents","international residents","high","evergreen","none","application incomplete","AIMA | autorização de residência | visto | reagrupamento familiar | CPLP","AIMA, gov.pt, Diário da República, or IRN as applicable","1","curated_90_day"
"2026-09-15","11:30","2","social_security","golden_tip","Quarterly Social Security declarations: one golden tip and what to verify","workers and freelancers","high","evergreen","none","Segurança Social | declaração trimestral","Segurança Social | declaração trimestral | contribuições | NISS | desemprego","Segurança Social, gov.pt, or Diário da República","1","curated_90_day"
"2026-09-15","14:30","3","driving_transport","foundation","Portuguese toll systems: a plain-English explanation","drivers and commuters","medium","evergreen","none","systems","IMT | carta de condução | IUC | veículo | Via Verde","IMT, Autoridade Tributária, gov.pt, or Diário da República","1","curated_90_day"
"2026-09-15","18:00","4","banking_money","action","NEWS RESERVE — fallback: Foreign bank accounts and Portuguese tax: a practical step-by-step checklist","people managing money in Portugal","medium","news_flex","breaking_news","Banco de Portugal | IBAN | SEPA","Banco de Portugal | SEPA | conta bancária | IBAN | crédito","Official-source verification required; otherwise use fallback","1","curated_90_day"
"2026-09-15","21:00","5","employment","edge_case","Fixed-term versus permanent contracts: mistakes, exceptions and edge cases","employees and job seekers","medium","evergreen","none","fixed versus permanent","contrato de trabalho | emprego | salário | férias | desemprego","ACT, Segurança Social, IEFP, gov.pt, or Diário da República","1","curated_90_day"
"2026-09-16","08:30","1","iva","golden_tip","When property transactions involve IVA: one golden tip and what to verify","freelancers and small businesses","high","evergreen","none","IVA | Imposto sobre o Valor Acrescentado","IVA | CIVA | artigo 53 | declaração periódica | VIES","Autoridade Tributária or Diário da República","1","curated_90_day"
"2026-09-16","11:30","2","employment","foundation","Probation periods: a plain-English explanation","employees and job seekers","medium","evergreen","none","probation periods","contrato de trabalho | emprego | salário | férias | desemprego","ACT, Segurança Social, IEFP, gov.pt, or Diário da República","1","curated_90_day"
"2026-09-16","14:30","3","identity_access","action","Getting a NIF as a resident: a practical step-by-step checklist","new residents","medium","evergreen","none","NIF | número de identificação fiscal","NIF | NISS | Chave Móvel Digital | Portal das Finanças | Segurança Social Direta","gov.pt, Autoridade Tributária, Segurança Social, or Autenticação.gov as applicable","1","curated_90_day"
"2026-09-16","18:00","4","housing_property","edge_case","AIMI payment: how to tell whether the September deadline applies","renters and property owners","high","official_locked","date_locked","AIMI | Adicional ao IMI","arrendamento | IMI | AIMI | IMT | imóvel | habitação","https://info.portaldasfinancas.gov.pt/pt/apoio_contribuinte/calendario_fiscal/Pages/Quadro_res_Pag_2026.aspx","1","curated_90_day"
"2026-09-16","21:00","5","health_family","audience","Registering a birth for individuals and families","individuals and families","medium","evergreen","none","registering birth","SNS | centro de saúde | médico de família | nascimento | família","SNS, SNS 24, gov.pt, or Diário da República","1","curated_90_day"
"2026-09-17","08:30","1","housing_property","foundation","Selling a Portuguese property: a plain-English explanation","renters and property owners","high","evergreen","none","selling property","arrendamento | IMI | AIMI | IMT | imóvel | habitação","Autoridade Tributária, gov.pt, Diário da República, or the responsible municipality","1","curated_90_day"
"2026-09-17","11:30","2","education_children","action","Applying to Portuguese higher education: a practical step-by-step checklist","families and students","medium","evergreen","none","matrículas | Portal das Matrículas | educação","matrícula escolar | educação | equivalência | reconhecimento | MEGA","Direção-Geral da Educação, DGES, gov.pt, or Diário da República","1","curated_90_day"
"2026-09-17","14:30","3","employment","edge_case","Keeping employment documents: mistakes, exceptions and edge cases","employees and job seekers","medium","evergreen","none","keeping employment documents","contrato de trabalho | emprego | salário | férias | desemprego","ACT, Segurança Social, IEFP, gov.pt, or Diário da República","1","curated_90_day"
"2026-09-17","18:00","4","iva","audience","Quarterly IVA return: four-day filing checklist","freelancers and small businesses","high","official_locked","date_locked","IVA | Imposto sobre o Valor Acrescentado","IVA | CIVA | artigo 53 | declaração periódica | VIES","https://info.portaldasfinancas.gov.pt/pt/apoio_contribuinte/calendario_fiscal/Documents/Obrigacoes_declarativas.pdf","1","curated_90_day"
"2026-09-17","21:00","5","daily_life_consumer","golden_tip","Changing telecom provider: one golden tip and what to verify","everyone living in Portugal","low","evergreen","none","changing telecom provider","ePortugal | Livro de Reclamações | ANACOM | energia | telecomunicações","gov.pt, Direção-Geral do Consumidor, ANACOM, ERSE, or the responsible municipality","1","curated_90_day"
"2026-09-18","08:30","1","health_family","action","Getting an SNS user number: a practical step-by-step checklist","individuals and families","medium","evergreen","none","getting number | SNS","SNS | centro de saúde | médico de família | nascimento | família","SNS, SNS 24, gov.pt, or Diário da República","1","curated_90_day"
"2026-09-18","11:30","2","immigration_residency","edge_case","D8 digital-nomad route: mistakes, exceptions and edge cases","international residents","high","evergreen","none","digital nomad route","AIMA | autorização de residência | visto | reagrupamento familiar | CPLP","AIMA, gov.pt, Diário da República, or IRN as applicable","1","curated_90_day"
"2026-09-18","14:30","3","social_security","audience","Checking contribution history for workers and freelancers","workers and freelancers","high","evergreen","none","checking contribution history","Segurança Social | declaração trimestral | contribuições | NISS | desemprego","Segurança Social, gov.pt, or Diário da República","1","curated_90_day"
"2026-09-18","18:00","4","driving_transport","golden_tip","NEWS RESERVE — fallback: Exchanging an EU driving licence: one golden tip and what to verify","drivers and commuters","medium","news_flex","breaking_news","carta de condução | IMT","IMT | carta de condução | IUC | veículo | Via Verde","Official-source verification required; otherwise use fallback","1","curated_90_day"
"2026-09-18","21:00","5","education_children","foundation","School-enrolment documents: a plain-English explanation","families and students","medium","evergreen","none","matrículas | Portal das Matrículas | educação","matrícula escolar | educação | equivalência | reconhecimento | MEGA","Direção-Geral da Educação, DGES, gov.pt, or Diário da República","1","curated_90_day"
"2026-09-19","08:30","1","daily_life_consumer","edge_case","Finding English-language official help: mistakes, exceptions and edge cases","everyone living in Portugal","low","evergreen","none","finding language official","ePortugal | Livro de Reclamações | ANACOM | energia | telecomunicações","gov.pt, Direção-Geral do Consumidor, ANACOM, ERSE, or the responsible municipality","1","curated_90_day"
"2026-09-19","11:30","2","iva","audience","Paying IVA after filing for freelancers and small businesses","freelancers and small businesses","high","evergreen","none","IVA | Imposto sobre o Valor Acrescentado","IVA | CIVA | artigo 53 | declaração periódica | VIES","Autoridade Tributária or Diário da República","1","curated_90_day"
"2026-09-19","14:30","3","employment","golden_tip","Registering with IEFP: one golden tip and what to verify","employees and job seekers","medium","evergreen","none","registering","contrato de trabalho | emprego | salário | férias | desemprego","ACT, Segurança Social, IEFP, gov.pt, or Diário da República","1","curated_90_day"
"2026-09-19","18:00","4","identity_access","foundation","NEWS RESERVE — fallback: Changing the temporary Finanças password: a plain-English explanation","new residents","medium","news_flex","breaking_news","changing temporary finanças","NIF | NISS | Chave Móvel Digital | Portal das Finanças | Segurança Social Direta","Official-source verification required; otherwise use fallback","1","curated_90_day"
"2026-09-19","21:00","5","irs","action","Tax residence and IRS: a practical step-by-step checklist","people filing personal income tax","high","evergreen","none","IRS | Imposto sobre o Rendimento das Pessoas Singulares | AIMA | autorização de residência","IRS | Modelo 3 | e-Fatura | Anexo J | IRS Automático","Autoridade Tributária or Diário da República","1","curated_90_day"
"2026-09-20","08:30","1","citizenship_civil","audience","Apostilles and foreign documents for residents building a long-term life","residents building a long-term life","high","evergreen","none","apostilles foreign documents","IRN | cidadania | nacionalidade | registo civil | Nascer Cidadão","IRN, gov.pt, or Diário da República","1","curated_90_day"
"2026-09-20","11:30","2","housing_property","golden_tip","Proof of address for renters: one golden tip and what to verify","renters and property owners","high","evergreen","none","arrendamento | contrato de arrendamento","arrendamento | IMI | AIMI | IMT | imóvel | habitação","Autoridade Tributária, gov.pt, Diário da República, or the responsible municipality","1","curated_90_day"
"2026-09-20","14:30","3","education_children","foundation","Renewing school enrolment: a plain-English explanation","families and students","medium","evergreen","none","matrículas | Portal das Matrículas | educação","matrícula escolar | educação | equivalência | reconhecimento | MEGA","Direção-Geral da Educação, DGES, gov.pt, or Diário da República","1","curated_90_day"
"2026-09-20","18:00","4","daily_life_consumer","action","NEWS RESERVE — fallback: Finding the correct municipal office: a practical step-by-step checklist","everyone living in Portugal","low","news_flex","breaking_news","finding correct municipal","ePortugal | Livro de Reclamações | ANACOM | energia | telecomunicações","Official-source verification required; otherwise use fallback","1","curated_90_day"
"2026-09-20","21:00","5","banking_money","edge_case","Understanding Portuguese IBANs: mistakes, exceptions and edge cases","people managing money in Portugal","medium","evergreen","none","Banco de Portugal | IBAN | SEPA","Banco de Portugal | SEPA | conta bancária | IBAN | crédito","Banco de Portugal, European Central Bank, or gov.pt","1","curated_90_day"
"2026-09-21","08:30","1","irs","golden_tip","What to do after missing the filing window: one golden tip and what to verify","people filing personal income tax","high","evergreen","none","missing filing window","IRS | Modelo 3 | e-Fatura | Anexo J | IRS Automático","Autoridade Tributária or Diário da República","1","curated_90_day"
"2026-09-21","11:30","2","health_family","foundation","Vaccination records: a plain-English explanation","individuals and families","medium","evergreen","none","vaccination records","SNS | centro de saúde | médico de família | nascimento | família","SNS, SNS 24, gov.pt, or Diário da República","1","curated_90_day"
"2026-09-21","14:30","3","daily_life_consumer","action","Official email and SMS scam checks: a practical step-by-step checklist","everyone living in Portugal","low","evergreen","none","official email checks","ePortugal | Livro de Reclamações | ANACOM | energia | telecomunicações","gov.pt, Direção-Geral do Consumidor, ANACOM, ERSE, or the responsible municipality","1","curated_90_day"
"2026-09-21","18:00","4","iva","edge_case","Quarterly IVA return due today: submit and keep the receipt","freelancers and small businesses","high","official_locked","date_locked","IVA | Imposto sobre o Valor Acrescentado","IVA | CIVA | artigo 53 | declaração periódica | VIES","https://info.portaldasfinancas.gov.pt/pt/apoio_contribuinte/calendario_fiscal/Documents/Obrigacoes_declarativas.pdf","1","curated_90_day"
"2026-09-21","21:00","5","driving_transport","audience","IUC payment timing for drivers and commuters","drivers and commuters","medium","evergreen","none","IUC | Imposto Único de Circulação","IMT | carta de condução | IUC | veículo | Via Verde","IMT, Autoridade Tributária, gov.pt, or Diário da República","1","curated_90_day"
"2026-09-22","08:30","1","banking_money","foundation","IBAN discrimination: a plain-English explanation","people managing money in Portugal","medium","evergreen","none","Banco de Portugal | IBAN | SEPA","Banco de Portugal | SEPA | conta bancária | IBAN | crédito","Banco de Portugal, European Central Bank, or gov.pt","1","curated_90_day"
"2026-09-22","11:30","2","daily_life_consumer","action","Mobile-phone contracts: a practical step-by-step checklist","everyone living in Portugal","low","evergreen","none","mobile phone contracts","ePortugal | Livro de Reclamações | ANACOM | energia | telecomunicações","gov.pt, Direção-Geral do Consumidor, ANACOM, ERSE, or the responsible municipality","1","curated_90_day"
"2026-09-22","14:30","3","iva","edge_case","IVA after ceasing activity: mistakes, exceptions and edge cases","freelancers and small businesses","high","evergreen","none","IVA | Imposto sobre o Valor Acrescentado","IVA | CIVA | artigo 53 | declaração periódica | VIES","Autoridade Tributária or Diário da República","1","curated_90_day"
"2026-09-22","18:00","4","iva","audience","Filed quarterly IVA? Check whether payment is due by 25 September","freelancers and small businesses","high","official_locked","date_locked","IVA | Imposto sobre o Valor Acrescentado","IVA | CIVA | artigo 53 | declaração periódica | VIES","https://info.portaldasfinancas.gov.pt/pt/apoio_contribuinte/calendario_fiscal/Pages/Quadro_res_Pag_2026.aspx","1","curated_90_day"
"2026-09-22","21:00","5","identity_access","golden_tip","Finding your NIF on official documents: one golden tip and what to verify","new residents","medium","evergreen","none","NIF | número de identificação fiscal","NIF | NISS | Chave Móvel Digital | Portal das Finanças | Segurança Social Direta","gov.pt, Autoridade Tributária, Segurança Social, or Autenticação.gov as applicable","1","curated_90_day"
"2026-09-23","08:30","1","driving_transport","action","Exchanging an EU driving licence: a practical step-by-step checklist","drivers and commuters","medium","evergreen","none","carta de condução | IMT","IMT | carta de condução | IUC | veículo | Via Verde","IMT, Autoridade Tributária, gov.pt, or Diário da República","1","curated_90_day"
"2026-09-23","11:30","2","citizenship_civil","edge_case","Birth registration in Portugal: mistakes, exceptions and edge cases","residents building a long-term life","high","evergreen","none","birth registration","IRN | cidadania | nacionalidade | registo civil | Nascer Cidadão","IRN, gov.pt, or Diário da República","1","curated_90_day"
"2026-09-23","14:30","3","housing_property","audience","Budgeting purchase transaction costs for renters and property owners","renters and property owners","high","evergreen","none","arrendamento | contrato de arrendamento","arrendamento | IMI | AIMI | IMT | imóvel | habitação","Autoridade Tributária, gov.pt, Diário da República, or the responsible municipality","1","curated_90_day"
"2026-09-23","18:00","4","education_children","golden_tip","NEWS RESERVE — fallback: Recognising a foreign degree: one golden tip and what to verify","families and students","medium","news_flex","breaking_news","recognising foreign degree","matrícula escolar | educação | equivalência | reconhecimento | MEGA","Official-source verification required; otherwise use fallback","1","curated_90_day"
"2026-09-23","21:00","5","health_family","foundation","Health-fee exemptions: a plain-English explanation","individuals and families","medium","evergreen","none","health exemptions","SNS | centro de saúde | médico de família | nascimento | família","SNS, SNS 24, gov.pt, or Diário da República","1","curated_90_day"
"2026-09-24","08:30","1","identity_access","edge_case","What a NISS is: mistakes, exceptions and edge cases","new residents","medium","evergreen","none","NISS | número de identificação da segurança social","NIF | NISS | Chave Móvel Digital | Portal das Finanças | Segurança Social Direta","gov.pt, Autoridade Tributária, Segurança Social, or Autenticação.gov as applicable","1","curated_90_day"
"2026-09-24","11:30","2","irs","audience","Reviewing automatic IRS for people filing personal income tax","people filing personal income tax","high","evergreen","none","IRS | Imposto sobre o Rendimento das Pessoas Singulares","IRS | Modelo 3 | e-Fatura | Anexo J | IRS Automático","Autoridade Tributária or Diário da República","1","curated_90_day"
"2026-09-24","14:30","3","health_family","golden_tip","Getting an SNS user number: one golden tip and what to verify","individuals and families","medium","evergreen","none","getting number | SNS","SNS | centro de saúde | médico de família | nascimento | família","SNS, SNS 24, gov.pt, or Diário da República","1","curated_90_day"
"2026-09-24","18:00","4","immigration_residency","foundation","NEWS RESERVE — fallback: D7 residence route: a plain-English explanation","international residents","high","news_flex","breaking_news","AIMA | autorização de residência","AIMA | autorização de residência | visto | reagrupamento familiar | CPLP","Official-source verification required; otherwise use fallback","1","curated_90_day"
"2026-09-24","21:00","5","driving_transport","action","Portuguese toll systems: a practical step-by-step checklist","drivers and commuters","medium","evergreen","none","systems","IMT | carta de condução | IUC | veículo | Via Verde","IMT, Autoridade Tributária, gov.pt, or Diário da República","1","curated_90_day"
"2026-09-25","08:30","1","freelance_business","audience","What recibos verdes are for freelancers and solo founders","freelancers and solo founders","high","evergreen","none","recibos verdes","trabalhador independente | abrir atividade | recibos verdes | CAE | CIRS","Autoridade Tributária, Segurança Social, gov.pt, or Diário da República","1","curated_90_day"
"2026-09-25","11:30","2","banking_money","golden_tip","Multibanco payments: one golden tip and what to verify","people managing money in Portugal","medium","evergreen","none","Banco de Portugal | IBAN | SEPA","Banco de Portugal | SEPA | conta bancária | IBAN | crédito","Banco de Portugal, European Central Bank, or gov.pt","1","curated_90_day"
"2026-09-25","14:30","3","daily_life_consumer","foundation","Building an emergency document folder: a plain-English explanation","everyone living in Portugal","low","evergreen","none","building emergency document","ePortugal | Livro de Reclamações | ANACOM | energia | telecomunicações","gov.pt, Direção-Geral do Consumidor, ANACOM, ERSE, or the responsible municipality","1","curated_90_day"
"2026-09-25","18:00","4","iva","action","Quarterly IVA payment today: verify the amount and keep proof","freelancers and small businesses","high","official_locked","date_locked","IVA | Imposto sobre o Valor Acrescentado","IVA | CIVA | artigo 53 | declaração periódica | VIES","https://info.portaldasfinancas.gov.pt/pt/apoio_contribuinte/calendario_fiscal/Pages/Quadro_res_Pag_2026.aspx","1","curated_90_day"
"2026-09-25","21:00","5","employment","edge_case","Ending an employment contract: mistakes, exceptions and edge cases","employees and job seekers","medium","evergreen","none","contrato de trabalho | Código do Trabalho","contrato de trabalho | emprego | salário | férias | desemprego","ACT, Segurança Social, IEFP, gov.pt, or Diário da República","1","curated_90_day"
"2026-09-26","08:30","1","social_security","golden_tip","First-year Social Security treatment: one golden tip and what to verify","workers and freelancers","high","evergreen","none","Segurança Social | declaração trimestral","Segurança Social | declaração trimestral | contribuições | NISS | desemprego","Segurança Social, gov.pt, or Diário da República","1","curated_90_day"
"2026-09-26","11:30","2","driving_transport","foundation","IUC payment timing: a plain-English explanation","drivers and commuters","medium","evergreen","none","IUC | Imposto Único de Circulação","IMT | carta de condução | IUC | veículo | Via Verde","IMT, Autoridade Tributária, gov.pt, or Diário da República","1","curated_90_day"
"2026-09-26","14:30","3","citizenship_civil","action","Residence and citizenship are different processes: a practical step-by-step checklist","residents building a long-term life","high","evergreen","none","AIMA | autorização de residência | arrendamento | contrato de arrendamento","IRN | cidadania | nacionalidade | registo civil | Nascer Cidadão","IRN, gov.pt, or Diário da República","1","curated_90_day"
"2026-09-26","18:00","4","education_children","edge_case","NEWS RESERVE — fallback: Student residence administration: mistakes, exceptions and edge cases","families and students","medium","news_flex","breaking_news","AIMA | autorização de residência","matrícula escolar | educação | equivalência | reconhecimento | MEGA","Official-source verification required; otherwise use fallback","1","curated_90_day"
"2026-09-26","21:00","5","education_children","audience","Recognising foreign school records for families and students","families and students","medium","evergreen","none","matrículas | Portal das Matrículas | educação","matrícula escolar | educação | equivalência | reconhecimento | MEGA","Direção-Geral da Educação, DGES, gov.pt, or Diário da República","1","curated_90_day"
"2026-09-27","08:30","1","employment","foundation","Holiday and Christmas allowances: a plain-English explanation","employees and job seekers","medium","evergreen","none","holiday christmas allowances","contrato de trabalho | emprego | salário | férias | desemprego","ACT, Segurança Social, IEFP, gov.pt, or Diário da República","1","curated_90_day"
"2026-09-27","11:30","2","identity_access","action","Keeping digital copies of Portuguese documents: a practical step-by-step checklist","new residents","medium","evergreen","none","keeping digital copies","NIF | NISS | Chave Móvel Digital | Portal das Finanças | Segurança Social Direta","gov.pt, Autoridade Tributária, Segurança Social, or Autenticação.gov as applicable","1","curated_90_day"
"2026-09-27","14:30","3","irs","edge_case","Capital gains basics: mistakes, exceptions and edge cases","people filing personal income tax","high","evergreen","none","capital gains basics","IRS | Modelo 3 | e-Fatura | Anexo J | IRS Automático","Autoridade Tributária or Diário da República","1","curated_90_day"
"2026-09-27","18:00","4","housing_property","audience","AIMI reminder: verify your assessment and payment details","renters and property owners","high","official_locked","date_locked","AIMI | Adicional ao IMI","arrendamento | IMI | AIMI | IMT | imóvel | habitação","https://info.portaldasfinancas.gov.pt/pt/apoio_contribuinte/calendario_fiscal/Pages/Quadro_res_Pag_2026.aspx","1","curated_90_day"
"2026-09-27","21:00","5","identity_access","golden_tip","Tax representation and when it applies: one golden tip and what to verify","new residents","medium","evergreen","none","representation applies","NIF | NISS | Chave Móvel Digital | Portal das Finanças | Segurança Social Direta","gov.pt, Autoridade Tributária, Segurança Social, or Autenticação.gov as applicable","1","curated_90_day"
"2026-09-28","08:30","1","education_children","action","School calendar basics: a practical step-by-step checklist","families and students","medium","evergreen","none","matrículas | Portal das Matrículas | educação","matrícula escolar | educação | equivalência | reconhecimento | MEGA","Direção-Geral da Educação, DGES, gov.pt, or Diário da República","1","curated_90_day"
"2026-09-28","11:30","2","freelance_business","edge_case","Using certified invoicing software: mistakes, exceptions and edge cases","freelancers and solo founders","high","evergreen","none","using certified invoicing","trabalhador independente | abrir atividade | recibos verdes | CAE | CIRS","Autoridade Tributária, Segurança Social, gov.pt, or Diário da República","1","curated_90_day"
"2026-09-28","14:30","3","banking_money","audience","Foreign bank accounts and Portuguese tax for people managing money in Portugal","people managing money in Portugal","medium","evergreen","none","Banco de Portugal | IBAN | SEPA","Banco de Portugal | SEPA | conta bancária | IBAN | crédito","Banco de Portugal, European Central Bank, or gov.pt","1","curated_90_day"
"2026-09-28","18:00","4","daily_life_consumer","golden_tip","NEWS RESERVE — fallback: Reading an electricity bill: one golden tip and what to verify","everyone living in Portugal","low","news_flex","breaking_news","reading electricity","ePortugal | Livro de Reclamações | ANACOM | energia | telecomunicações","Official-source verification required; otherwise use fallback","1","curated_90_day"
"2026-09-28","21:00","5","iva","foundation","Keeping IVA evidence: a plain-English explanation","freelancers and small businesses","high","evergreen","none","IVA | Imposto sobre o Valor Acrescentado","IVA | CIVA | artigo 53 | declaração periódica | VIES","Autoridade Tributária or Diário da República","1","curated_90_day"
"2026-09-29","08:30","1","immigration_residency","edge_case","Family reunification basics: mistakes, exceptions and edge cases","international residents","high","evergreen","none","AIMA | autorização de residência","AIMA | autorização de residência | visto | reagrupamento familiar | CPLP","AIMA, gov.pt, Diário da República, or IRN as applicable","1","curated_90_day"
"2026-09-29","11:30","2","social_security","audience","Social Security contribution exemptions for workers and freelancers","workers and freelancers","high","evergreen","none","Segurança Social | declaração trimestral","Segurança Social | declaração trimestral | contribuições | NISS | desemprego","Segurança Social, gov.pt, or Diário da República","1","curated_90_day"
"2026-09-29","14:30","3","driving_transport","golden_tip","Public-transport passes: one golden tip and what to verify","drivers and commuters","medium","evergreen","none","public transport passes","IMT | carta de condução | IUC | veículo | Via Verde","IMT, Autoridade Tributária, gov.pt, or Diário da República","1","curated_90_day"
"2026-09-29","18:00","4","banking_money","foundation","NEWS RESERVE — fallback: Opening a Portuguese bank account: a plain-English explanation","people managing money in Portugal","medium","news_flex","breaking_news","Banco de Portugal | IBAN | SEPA","Banco de Portugal | SEPA | conta bancária | IBAN | crédito","Official-source verification required; otherwise use fallback","1","curated_90_day"
"2026-09-29","21:00","5","employment","action","Registering with IEFP: a practical step-by-step checklist","employees and job seekers","medium","evergreen","none","registering","contrato de trabalho | emprego | salário | férias | desemprego","ACT, Segurança Social, IEFP, gov.pt, or Diário da República","1","curated_90_day"
"2026-09-30","08:30","1","iva","audience","Quarterly IVA declaration basics for freelancers and small businesses","freelancers and small businesses","high","evergreen","none","IVA | Imposto sobre o Valor Acrescentado","IVA | CIVA | artigo 53 | declaração periódica | VIES","Autoridade Tributária or Diário da República","1","curated_90_day"
"2026-09-30","11:30","2","employment","golden_tip","Keeping employment documents: one golden tip and what to verify","employees and job seekers","medium","evergreen","none","keeping employment documents","contrato de trabalho | emprego | salário | férias | desemprego","ACT, Segurança Social, IEFP, gov.pt, or Diário da República","1","curated_90_day"
"2026-09-30","14:30","3","identity_access","foundation","Recovering Portal das Finanças access: a plain-English explanation","new residents","medium","evergreen","none","recovering portal finanças | Portal das Finanças","NIF | NISS | Chave Móvel Digital | Portal das Finanças | Segurança Social Direta","gov.pt, Autoridade Tributária, Segurança Social, or Autenticação.gov as applicable","1","curated_90_day"
"2026-09-30","18:00","4","housing_property","action","AIMI due today: act only if you received an assessment","renters and property owners","high","official_locked","date_locked","AIMI | Adicional ao IMI","arrendamento | IMI | AIMI | IMT | imóvel | habitação","https://info.portaldasfinancas.gov.pt/pt/apoio_contribuinte/calendario_fiscal/Pages/Quadro_res_Pag_2026.aspx","1","curated_90_day"
"2026-09-30","21:00","5","health_family","edge_case","Getting an SNS user number: mistakes, exceptions and edge cases","individuals and families","medium","evergreen","none","getting number | SNS","SNS | centro de saúde | médico de família | nascimento | família","SNS, SNS 24, gov.pt, or Diário da República","1","curated_90_day"
"2026-10-01","08:30","1","housing_property","golden_tip","Rental receipts: one golden tip and what to verify","renters and property owners","high","evergreen","none","arrendamento | contrato de arrendamento","arrendamento | IMI | AIMI | IMT | imóvel | habitação","Autoridade Tributária, gov.pt, Diário da República, or the responsible municipality","1","curated_90_day"
"2026-10-01","11:30","2","education_children","foundation","School catchment areas: a plain-English explanation","families and students","medium","evergreen","none","matrículas | Portal das Matrículas | educação","matrícula escolar | educação | equivalência | reconhecimento | MEGA","Direção-Geral da Educação, DGES, gov.pt, or Diário da República","1","curated_90_day"
"2026-10-01","14:30","3","freelance_business","action","What recibos verdes are: a practical step-by-step checklist","freelancers and solo founders","high","evergreen","none","recibos verdes","trabalhador independente | abrir atividade | recibos verdes | CAE | CIRS","Autoridade Tributária, Segurança Social, gov.pt, or Diário da República","1","curated_90_day"
"2026-10-01","18:00","4","banking_money","edge_case","NEWS RESERVE — fallback: Resident versus non-resident bank accounts: mistakes, exceptions and edge cases","people managing money in Portugal","medium","news_flex","breaking_news","Banco de Portugal | IBAN | SEPA","Banco de Portugal | SEPA | conta bancária | IBAN | crédito","Official-source verification required; otherwise use fallback","1","curated_90_day"
"2026-10-01","21:00","5","daily_life_consumer","audience","Document-expiry monthly review for everyone living in Portugal","everyone living in Portugal","low","evergreen","none","document expiry monthly","ePortugal | Livro de Reclamações | ANACOM | energia | telecomunicações","gov.pt, Direção-Geral do Consumidor, ANACOM, ERSE, or the responsible municipality","1","curated_90_day"
"2026-10-02","08:30","1","health_family","foundation","Healthcare for children: a plain-English explanation","individuals and families","medium","evergreen","none","healthcare children","SNS | centro de saúde | médico de família | nascimento | família","SNS, SNS 24, gov.pt, or Diário da República","1","curated_90_day"
"2026-10-02","11:30","2","immigration_residency","action","Checking AIMA fees safely: a practical step-by-step checklist","international residents","high","evergreen","none","AIMA | autorização de residência","AIMA | autorização de residência | visto | reagrupamento familiar | CPLP","AIMA, gov.pt, Diário da República, or IRN as applicable","1","curated_90_day"
"2026-10-02","14:30","3","social_security","edge_case","Portable A1 certificates: mistakes, exceptions and edge cases","workers and freelancers","high","evergreen","none","portable certificates","Segurança Social | declaração trimestral | contribuições | NISS | desemprego","Segurança Social, gov.pt, or Diário da República","1","curated_90_day"
"2026-10-02","18:00","4","daily_life_consumer","audience","Republic Day on Monday: plan public-service errands before the holiday","everyone living in Portugal","low","rule_locked","date_locked","republic monday public","ePortugal | Livro de Reclamações | ANACOM | energia | telecomunicações","https://www.dgaep.gov.pt/stap/infoPage.cfm?objid=9a36961c-71bc-40de-8ee0-5cdeb2dea832","1","curated_90_day"
"2026-10-02","21:00","5","education_children","golden_tip","School calendar basics: one golden tip and what to verify","families and students","medium","evergreen","none","matrículas | Portal das Matrículas | educação","matrícula escolar | educação | equivalência | reconhecimento | MEGA","Direção-Geral da Educação, DGES, gov.pt, or Diário da República","1","curated_90_day"
"2026-10-03","08:30","1","daily_life_consumer","action","Reading an electricity bill: a practical step-by-step checklist","everyone living in Portugal","low","evergreen","none","reading electricity","ePortugal | Livro de Reclamações | ANACOM | energia | telecomunicações","gov.pt, Direção-Geral do Consumidor, ANACOM, ERSE, or the responsible municipality","1","curated_90_day"
"2026-10-03","11:30","2","iva","edge_case","IVA when buying business services abroad: mistakes, exceptions and edge cases","freelancers and small businesses","high","evergreen","none","IVA | Imposto sobre o Valor Acrescentado","IVA | CIVA | artigo 53 | declaração periódica | VIES","Autoridade Tributária or Diário da República","1","curated_90_day"
"2026-10-03","14:30","3","employment","audience","Meal allowance for employees and job seekers","employees and job seekers","medium","evergreen","none","contrato de trabalho | Código do Trabalho","contrato de trabalho | emprego | salário | férias | desemprego","ACT, Segurança Social, IEFP, gov.pt, or Diário da República","1","curated_90_day"
"2026-10-03","18:00","4","identity_access","golden_tip","NEWS RESERVE — fallback: Getting a NIF as a resident: one golden tip and what to verify","new residents","medium","news_flex","breaking_news","NIF | número de identificação fiscal","NIF | NISS | Chave Móvel Digital | Portal das Finanças | Segurança Social Direta","Official-source verification required; otherwise use fallback","1","curated_90_day"
"2026-10-03","21:00","5","irs","foundation","Foreign income and Anexo J: a plain-English explanation","people filing personal income tax","high","evergreen","none","foreign income anexo | Anexo J","IRS | Modelo 3 | e-Fatura | Anexo J | IRS Automático","Autoridade Tributária or Diário da República","1","curated_90_day"
"2026-10-04","08:30","1","citizenship_civil","edge_case","Counting legal residence time: mistakes, exceptions and edge cases","residents building a long-term life","high","evergreen","none","AIMA | autorização de residência","IRN | cidadania | nacionalidade | registo civil | Nascer Cidadão","IRN, gov.pt, or Diário da República","1","curated_90_day"
"2026-10-04","11:30","2","housing_property","audience","Stamp duty on property purchases for renters and property owners","renters and property owners","high","evergreen","none","arrendamento | contrato de arrendamento","arrendamento | IMI | AIMI | IMT | imóvel | habitação","Autoridade Tributária, gov.pt, Diário da República, or the responsible municipality","1","curated_90_day"
"2026-10-04","14:30","3","education_children","golden_tip","Applying to Portuguese higher education: one golden tip and what to verify","families and students","medium","evergreen","none","matrículas | Portal das Matrículas | educação","matrícula escolar | educação | equivalência | reconhecimento | MEGA","Direção-Geral da Educação, DGES, gov.pt, or Diário da República","1","curated_90_day"
"2026-10-04","18:00","4","daily_life_consumer","foundation","NEWS RESERVE — fallback: Internet installation documents: a plain-English explanation","everyone living in Portugal","low","news_flex","breaking_news","internet installation documents","ePortugal | Livro de Reclamações | ANACOM | energia | telecomunicações","Official-source verification required; otherwise use fallback","1","curated_90_day"
"2026-10-04","21:00","5","banking_money","action","Basic bank accounts: a practical step-by-step checklist","people managing money in Portugal","medium","evergreen","none","Banco de Portugal | IBAN | SEPA","Banco de Portugal | SEPA | conta bancária | IBAN | crédito","Banco de Portugal, European Central Bank, or gov.pt","1","curated_90_day"
"2026-10-05","08:30","1","irs","audience","Checking household information before IRS for people filing personal income tax","people filing personal income tax","high","evergreen","none","IRS | Imposto sobre o Rendimento das Pessoas Singulares","IRS | Modelo 3 | e-Fatura | Anexo J | IRS Automático","Autoridade Tributária or Diário da República","1","curated_90_day"
"2026-10-05","11:30","2","health_family","golden_tip","Changing address in health records: one golden tip and what to verify","individuals and families","medium","evergreen","none","registo de saúde | processo clínico | SNS","SNS | centro de saúde | médico de família | nascimento | família","SNS, SNS 24, gov.pt, or Diário da República","1","curated_90_day"
"2026-10-05","14:30","3","immigration_residency","foundation","Using the AIMA renewals portal: a plain-English explanation","international residents","high","evergreen","none","AIMA | autorização de residência","AIMA | autorização de residência | visto | reagrupamento familiar | CPLP","AIMA, gov.pt, Diário da República, or IRN as applicable","1","curated_90_day"
"2026-10-05","18:00","4","daily_life_consumer","action","Republic Day in Portugal: what the public holiday means for your plans","everyone living in Portugal","low","rule_locked","date_locked","republic public holiday","ePortugal | Livro de Reclamações | ANACOM | energia | telecomunicações","https://www.dgaep.gov.pt/stap/infoPage.cfm?objid=9a36961c-71bc-40de-8ee0-5cdeb2dea832","1","curated_90_day"
"2026-10-05","21:00","5","driving_transport","edge_case","Changing the address on vehicle records: mistakes, exceptions and edge cases","drivers and commuters","medium","evergreen","none","changing address vehicle","IMT | carta de condução | IUC | veículo | Via Verde","IMT, Autoridade Tributária, gov.pt, or Diário da República","1","curated_90_day"
"2026-10-06","08:30","1","banking_money","golden_tip","Direct debits: one golden tip and what to verify","people managing money in Portugal","medium","evergreen","none","direct debits","Banco de Portugal | SEPA | conta bancária | IBAN | crédito","Banco de Portugal, European Central Bank, or gov.pt","1","curated_90_day"
"2026-10-06","11:30","2","daily_life_consumer","foundation","Document-expiry monthly review: a plain-English explanation","everyone living in Portugal","low","evergreen","none","document expiry monthly","ePortugal | Livro de Reclamações | ANACOM | energia | telecomunicações","gov.pt, Direção-Geral do Consumidor, ANACOM, ERSE, or the responsible municipality","1","curated_90_day"
"2026-10-06","14:30","3","iva","action","Monthly versus quarterly IVA: a practical step-by-step checklist","freelancers and small businesses","high","evergreen","none","IVA | Imposto sobre o Valor Acrescentado","IVA | CIVA | artigo 53 | declaração periódica | VIES","Autoridade Tributária or Diário da República","1","curated_90_day"
"2026-10-06","18:00","4","employment","edge_case","NEWS RESERVE — fallback: Registering with IEFP: mistakes, exceptions and edge cases","employees and job seekers","medium","news_flex","breaking_news","registering","contrato de trabalho | emprego | salário | férias | desemprego","Official-source verification required; otherwise use fallback","1","curated_90_day"
"2026-10-06","21:00","5","identity_access","audience","Confirming email and mobile contacts on Finanças for new residents","new residents","medium","evergreen","none","confirming email mobile","NIF | NISS | Chave Móvel Digital | Portal das Finanças | Segurança Social Direta","gov.pt, Autoridade Tributária, Segurança Social, or Autenticação.gov as applicable","1","curated_90_day"
"2026-10-07","08:30","1","driving_transport","foundation","ISV basics: a plain-English explanation","drivers and commuters","medium","evergreen","none","basics","IMT | carta de condução | IUC | veículo | Via Verde","IMT, Autoridade Tributária, gov.pt, or Diário da República","1","curated_90_day"
"2026-10-07","11:30","2","citizenship_civil","action","Tracking an IRN application: a practical step-by-step checklist","residents building a long-term life","high","evergreen","none","tracking application | IRN","IRN | cidadania | nacionalidade | registo civil | Nascer Cidadão","IRN, gov.pt, or Diário da República","1","curated_90_day"
"2026-10-07","14:30","3","housing_property","edge_case","Condominium documents: mistakes, exceptions and edge cases","renters and property owners","high","evergreen","none","condominium documents","arrendamento | IMI | AIMI | IMT | imóvel | habitação","Autoridade Tributária, gov.pt, Diário da República, or the responsible municipality","1","curated_90_day"
"2026-10-07","18:00","4","education_children","audience","NEWS RESERVE — fallback: Renewing school enrolment for families and students","families and students","medium","news_flex","breaking_news","matrículas | Portal das Matrículas | educação","matrícula escolar | educação | equivalência | reconhecimento | MEGA","Official-source verification required; otherwise use fallback","1","curated_90_day"
"2026-10-07","21:00","5","health_family","golden_tip","Electronic prescriptions: one golden tip and what to verify","individuals and families","medium","evergreen","none","electronic prescriptions","SNS | centro de saúde | médico de família | nascimento | família","SNS, SNS 24, gov.pt, or Diário da República","1","curated_90_day"
"2026-10-08","08:30","1","identity_access","action","Using gov.pt authentication: a practical step-by-step checklist","new residents","medium","evergreen","none","using authentication","NIF | NISS | Chave Móvel Digital | Portal das Finanças | Segurança Social Direta","gov.pt, Autoridade Tributária, Segurança Social, or Autenticação.gov as applicable","1","curated_90_day"
"2026-10-08","11:30","2","irs","edge_case","Employment income and IRS: mistakes, exceptions and edge cases","people filing personal income tax","high","evergreen","none","IRS | Imposto sobre o Rendimento das Pessoas Singulares","IRS | Modelo 3 | e-Fatura | Anexo J | IRS Automático","Autoridade Tributária or Diário da República","1","curated_90_day"
"2026-10-08","14:30","3","health_family","audience","Healthcare for children for individuals and families","individuals and families","medium","evergreen","none","healthcare children","SNS | centro de saúde | médico de família | nascimento | família","SNS, SNS 24, gov.pt, or Diário da República","1","curated_90_day"
"2026-10-08","18:00","4","immigration_residency","golden_tip","NEWS RESERVE — fallback: Replacing a lost residence document: one golden tip and what to verify","international residents","high","news_flex","breaking_news","AIMA | autorização de residência","AIMA | autorização de residência | visto | reagrupamento familiar | CPLP","Official-source verification required; otherwise use fallback","1","curated_90_day"
"2026-10-08","21:00","5","driving_transport","foundation","Public-transport passes: a plain-English explanation","drivers and commuters","medium","evergreen","none","public transport passes","IMT | carta de condução | IUC | veículo | Via Verde","IMT, Autoridade Tributária, gov.pt, or Diário da República","1","curated_90_day"
"2026-10-09","08:30","1","freelance_business","edge_case","Starting a small company versus freelancing: mistakes, exceptions and edge cases","freelancers and solo founders","high","evergreen","none","starting small company","trabalhador independente | abrir atividade | recibos verdes | CAE | CIRS","Autoridade Tributária, Segurança Social, gov.pt, or Diário da República","1","curated_90_day"
"2026-10-09","11:30","2","banking_money","audience","Keeping proof of bank transfers for people managing money in Portugal","people managing money in Portugal","medium","evergreen","none","Banco de Portugal | IBAN | SEPA","Banco de Portugal | SEPA | conta bancária | IBAN | crédito","Banco de Portugal, European Central Bank, or gov.pt","1","curated_90_day"
"2026-10-09","14:30","3","daily_life_consumer","golden_tip","Changing electricity supplier: one golden tip and what to verify","everyone living in Portugal","low","evergreen","none","changing electricity supplier","ePortugal | Livro de Reclamações | ANACOM | energia | telecomunicações","gov.pt, Direção-Geral do Consumidor, ANACOM, ERSE, or the responsible municipality","1","curated_90_day"
"2026-10-09","18:00","4","iva","foundation","NEWS RESERVE — fallback: IVA on digital services: a plain-English explanation","freelancers and small businesses","high","news_flex","breaking_news","IVA | Imposto sobre o Valor Acrescentado","IVA | CIVA | artigo 53 | declaração periódica | VIES","Official-source verification required; otherwise use fallback","1","curated_90_day"
"2026-10-09","21:00","5","employment","action","Reading a Portuguese employment contract: a practical step-by-step checklist","employees and job seekers","medium","evergreen","none","contrato de trabalho | Código do Trabalho","contrato de trabalho | emprego | salário | férias | desemprego","ACT, Segurança Social, IEFP, gov.pt, or Diário da República","1","curated_90_day"
"2026-10-10","08:30","1","social_security","audience","Freelancing while employed for workers and freelancers","workers and freelancers","high","evergreen","none","freelancing while employed","Segurança Social | declaração trimestral | contribuições | NISS | desemprego","Segurança Social, gov.pt, or Diário da República","1","curated_90_day"
"2026-10-10","11:30","2","driving_transport","golden_tip","Changing the address on vehicle records: one golden tip and what to verify","drivers and commuters","medium","evergreen","none","changing address vehicle","IMT | carta de condução | IUC | veículo | Via Verde","IMT, Autoridade Tributária, gov.pt, or Diário da República","1","curated_90_day"
"2026-10-10","14:30","3","citizenship_civil","foundation","Apostilles and foreign documents: a plain-English explanation","residents building a long-term life","high","evergreen","none","apostilles foreign documents","IRN | cidadania | nacionalidade | registo civil | Nascer Cidadão","IRN, gov.pt, or Diário da República","1","curated_90_day"
"2026-10-10","18:00","4","education_children","action","NEWS RESERVE — fallback: Recognising foreign school records: a practical step-by-step checklist","families and students","medium","news_flex","breaking_news","matrículas | Portal das Matrículas | educação","matrícula escolar | educação | equivalência | reconhecimento | MEGA","Official-source verification required; otherwise use fallback","1","curated_90_day"
"2026-10-10","21:00","5","education_children","edge_case","Automatic versus specific degree recognition: mistakes, exceptions and edge cases","families and students","medium","evergreen","none","automatic versus specific","matrícula escolar | educação | equivalência | reconhecimento | MEGA","Direção-Geral da Educação, DGES, gov.pt, or Diário da República","1","curated_90_day"
"2026-10-11","08:30","1","employment","golden_tip","Sick leave steps: one golden tip and what to verify","employees and job seekers","medium","evergreen","none","leave steps","contrato de trabalho | emprego | salário | férias | desemprego","ACT, Segurança Social, IEFP, gov.pt, or Diário da República","1","curated_90_day"
"2026-10-11","11:30","2","identity_access","foundation","What a NISS is: a plain-English explanation","new residents","medium","evergreen","none","NISS | número de identificação da segurança social","NIF | NISS | Chave Móvel Digital | Portal das Finanças | Segurança Social Direta","gov.pt, Autoridade Tributária, Segurança Social, or Autenticação.gov as applicable","1","curated_90_day"
"2026-10-11","14:30","3","irs","action","Tax deductions versus tax credits: a practical step-by-step checklist","people filing personal income tax","high","evergreen","none","deductions versus credits","IRS | Modelo 3 | e-Fatura | Anexo J | IRS Automático","Autoridade Tributária or Diário da República","1","curated_90_day"
"2026-10-11","18:00","4","health_family","edge_case","NEWS RESERVE — fallback: Changing address in health records: mistakes, exceptions and edge cases","individuals and families","medium","news_flex","breaking_news","registo de saúde | processo clínico | SNS","SNS | centro de saúde | médico de família | nascimento | família","Official-source verification required; otherwise use fallback","1","curated_90_day"
"2026-10-11","21:00","5","immigration_residency","audience","Using the AIMA renewals portal for international residents","international residents","high","evergreen","none","AIMA | autorização de residência","AIMA | autorização de residência | visto | reagrupamento familiar | CPLP","AIMA, gov.pt, Diário da República, or IRN as applicable","1","curated_90_day"
"2026-10-12","08:30","1","education_children","foundation","Enrolling a child in a Portuguese school: a plain-English explanation","families and students","medium","evergreen","none","matrículas | Portal das Matrículas | educação","matrícula escolar | educação | equivalência | reconhecimento | MEGA","Direção-Geral da Educação, DGES, gov.pt, or Diário da República","1","curated_90_day"
"2026-10-12","11:30","2","freelance_business","action","Simplified accounting versus organised accounting: a practical step-by-step checklist","freelancers and solo founders","high","evergreen","none","simplified accounting versus","trabalhador independente | abrir atividade | recibos verdes | CAE | CIRS","Autoridade Tributária, Segurança Social, gov.pt, or Diário da República","1","curated_90_day"
"2026-10-12","14:30","3","banking_money","edge_case","Opening a Portuguese bank account: mistakes, exceptions and edge cases","people managing money in Portugal","medium","evergreen","none","Banco de Portugal | IBAN | SEPA","Banco de Portugal | SEPA | conta bancária | IBAN | crédito","Banco de Portugal, European Central Bank, or gov.pt","1","curated_90_day"
"2026-10-12","18:00","4","daily_life_consumer","audience","NEWS RESERVE — fallback: Building an emergency document folder for everyone living in Portugal","everyone living in Portugal","low","news_flex","breaking_news","building emergency document","ePortugal | Livro de Reclamações | ANACOM | energia | telecomunicações","Official-source verification required; otherwise use fallback","1","curated_90_day"
"2026-10-12","21:00","5","iva","golden_tip","Leaving the IVA exemption: one golden tip and what to verify","freelancers and small businesses","high","evergreen","none","IVA | Imposto sobre o Valor Acrescentado","IVA | CIVA | artigo 53 | declaração periódica | VIES","Autoridade Tributária or Diário da República","1","curated_90_day"
"2026-10-13","08:30","1","immigration_residency","action","Changing address during an immigration process: a practical step-by-step checklist","international residents","high","evergreen","none","changing address during","AIMA | autorização de residência | visto | reagrupamento familiar | CPLP","AIMA, gov.pt, Diário da República, or IRN as applicable","1","curated_90_day"
"2026-10-13","11:30","2","social_security","edge_case","Sickness-benefit basics: mistakes, exceptions and edge cases","workers and freelancers","high","evergreen","none","sickness benefit basics","Segurança Social | declaração trimestral | contribuições | NISS | desemprego","Segurança Social, gov.pt, or Diário da República","1","curated_90_day"
"2026-10-13","14:30","3","driving_transport","audience","Registering an imported vehicle for drivers and commuters","drivers and commuters","medium","evergreen","none","registering imported vehicle","IMT | carta de condução | IUC | veículo | Via Verde","IMT, Autoridade Tributária, gov.pt, or Diário da República","1","curated_90_day"
"2026-10-13","18:00","4","banking_money","golden_tip","NEWS RESERVE — fallback: Paying the state through Multibanco: one golden tip and what to verify","people managing money in Portugal","medium","news_flex","breaking_news","Banco de Portugal | IBAN | SEPA","Banco de Portugal | SEPA | conta bancária | IBAN | crédito","Official-source verification required; otherwise use fallback","1","curated_90_day"
"2026-10-13","21:00","5","employment","foundation","Gross salary versus take-home pay: a plain-English explanation","employees and job seekers","medium","evergreen","none","gross salary versus","contrato de trabalho | emprego | salário | férias | desemprego","ACT, Segurança Social, IEFP, gov.pt, or Diário da República","1","curated_90_day"
"2026-10-14","08:30","1","iva","edge_case","IVA on digital services: mistakes, exceptions and edge cases","freelancers and small businesses","high","evergreen","none","IVA | Imposto sobre o Valor Acrescentado","IVA | CIVA | artigo 53 | declaração periódica | VIES","Autoridade Tributária or Diário da República","1","curated_90_day"
"2026-10-14","11:30","2","employment","audience","Reading a Portuguese employment contract for employees and job seekers","employees and job seekers","medium","evergreen","none","contrato de trabalho | Código do Trabalho","contrato de trabalho | emprego | salário | férias | desemprego","ACT, Segurança Social, IEFP, gov.pt, or Diário da República","1","curated_90_day"
"2026-10-14","14:30","3","identity_access","golden_tip","What a Portuguese NIF is: one golden tip and what to verify","new residents","medium","evergreen","none","NIF | número de identificação fiscal","NIF | NISS | Chave Móvel Digital | Portal das Finanças | Segurança Social Direta","gov.pt, Autoridade Tributária, Segurança Social, or Autenticação.gov as applicable","1","curated_90_day"
"2026-10-14","18:00","4","irs","foundation","NEWS RESERVE — fallback: Correcting an IRS return: a plain-English explanation","people filing personal income tax","high","news_flex","breaking_news","IRS | Imposto sobre o Rendimento das Pessoas Singulares","IRS | Modelo 3 | e-Fatura | Anexo J | IRS Automático","Official-source verification required; otherwise use fallback","1","curated_90_day"
"2026-10-14","21:00","5","health_family","action","Healthcare for children: a practical step-by-step checklist","individuals and families","medium","evergreen","none","healthcare children","SNS | centro de saúde | médico de família | nascimento | família","SNS, SNS 24, gov.pt, or Diário da República","1","curated_90_day"
"2026-10-15","08:30","1","housing_property","audience","What AIMI is for renters and property owners","renters and property owners","high","evergreen","none","AIMI | Adicional ao IMI | arrendamento | contrato de arrendamento","arrendamento | IMI | AIMI | IMT | imóvel | habitação","Autoridade Tributária, gov.pt, Diário da República, or the responsible municipality","1","curated_90_day"
"2026-10-15","11:30","2","education_children","golden_tip","National-exam administration: one golden tip and what to verify","families and students","medium","evergreen","none","national administration","matrícula escolar | educação | equivalência | reconhecimento | MEGA","Direção-Geral da Educação, DGES, gov.pt, or Diário da República","1","curated_90_day"
"2026-10-15","14:30","3","freelance_business","foundation","Starting a small company versus freelancing: a plain-English explanation","freelancers and solo founders","high","evergreen","none","starting small company","trabalhador independente | abrir atividade | recibos verdes | CAE | CIRS","Autoridade Tributária, Segurança Social, gov.pt, or Diário da República","1","curated_90_day"
"2026-10-15","18:00","4","banking_money","action","NEWS RESERVE — fallback: MB WAY basics: a practical step-by-step checklist","people managing money in Portugal","medium","news_flex","breaking_news","basics","Banco de Portugal | SEPA | conta bancária | IBAN | crédito","Official-source verification required; otherwise use fallback","1","curated_90_day"
"2026-10-15","21:00","5","daily_life_consumer","edge_case","Booking public-service appointments: mistakes, exceptions and edge cases","everyone living in Portugal","low","evergreen","none","booking public service","ePortugal | Livro de Reclamações | ANACOM | energia | telecomunicações","gov.pt, Direção-Geral do Consumidor, ANACOM, ERSE, or the responsible municipality","1","curated_90_day"
"2026-10-16","08:30","1","health_family","golden_tip","Health-fee exemptions: one golden tip and what to verify","individuals and families","medium","evergreen","none","health exemptions","SNS | centro de saúde | médico de família | nascimento | família","SNS, SNS 24, gov.pt, or Diário da República","1","curated_90_day"
"2026-10-16","11:30","2","immigration_residency","foundation","Residence renewal preparation: a plain-English explanation","international residents","high","evergreen","none","AIMA | autorização de residência","AIMA | autorização de residência | visto | reagrupamento familiar | CPLP","AIMA, gov.pt, Diário da República, or IRN as applicable","1","curated_90_day"
"2026-10-16","14:30","3","social_security","action","Keeping proof of a quarterly declaration: a practical step-by-step checklist","workers and freelancers","high","evergreen","none","Segurança Social | declaração trimestral","Segurança Social | declaração trimestral | contribuições | NISS | desemprego","Segurança Social, gov.pt, or Diário da República","1","curated_90_day"
"2026-10-16","18:00","4","driving_transport","edge_case","NEWS RESERVE — fallback: Public-transport passes: mistakes, exceptions and edge cases","drivers and commuters","medium","news_flex","breaking_news","public transport passes","IMT | carta de condução | IUC | veículo | Via Verde","Official-source verification required; otherwise use fallback","1","curated_90_day"
"2026-10-16","21:00","5","education_children","audience","Enrolling a child in a Portuguese school for families and students","families and students","medium","evergreen","none","matrículas | Portal das Matrículas | educação","matrícula escolar | educação | equivalência | reconhecimento | MEGA","Direção-Geral da Educação, DGES, gov.pt, or Diário da República","1","curated_90_day"
"2026-10-17","08:30","1","daily_life_consumer","foundation","Preventing identity-document scams: a plain-English explanation","everyone living in Portugal","low","evergreen","none","preventing identity document","ePortugal | Livro de Reclamações | ANACOM | energia | telecomunicações","gov.pt, Direção-Geral do Consumidor, ANACOM, ERSE, or the responsible municipality","1","curated_90_day"
"2026-10-17","11:30","2","iva","action","Leaving the IVA exemption: a practical step-by-step checklist","freelancers and small businesses","high","evergreen","none","IVA | Imposto sobre o Valor Acrescentado","IVA | CIVA | artigo 53 | declaração periódica | VIES","Autoridade Tributária or Diário da República","1","curated_90_day"
"2026-10-17","14:30","3","employment","edge_case","Public holidays and work: mistakes, exceptions and edge cases","employees and job seekers","medium","evergreen","none","public holidays","contrato de trabalho | emprego | salário | férias | desemprego","ACT, Segurança Social, IEFP, gov.pt, or Diário da República","1","curated_90_day"
"2026-10-17","18:00","4","social_security","audience","October Social Security declaration: collect your quarterly income records","workers and freelancers","high","rule_locked","date_locked","Segurança Social | declaração trimestral","Segurança Social | declaração trimestral | contribuições | NISS | desemprego","https://www.seg-social.pt/documents/10152/15974914/1009u002520Trabalhadoru002520independenteu002520-u002520novou002520regime/87b6e00c-523d-4718-8a88-942ea804c18a","1","curated_90_day"
"2026-10-17","21:00","5","daily_life_consumer","golden_tip","Booking public-service appointments: one golden tip and what to verify","everyone living in Portugal","low","evergreen","none","booking public service","ePortugal | Livro de Reclamações | ANACOM | energia | telecomunicações","gov.pt, Direção-Geral do Consumidor, ANACOM, ERSE, or the responsible municipality","1","curated_90_day"
"2026-10-18","08:30","1","citizenship_civil","action","Name differences across foreign documents: a practical step-by-step checklist","residents building a long-term life","high","evergreen","none","differences across foreign","IRN | cidadania | nacionalidade | registo civil | Nascer Cidadão","IRN, gov.pt, or Diário da República","1","curated_90_day"
"2026-10-18","11:30","2","housing_property","edge_case","Rental income records: mistakes, exceptions and edge cases","renters and property owners","high","evergreen","none","arrendamento | contrato de arrendamento","arrendamento | IMI | AIMI | IMT | imóvel | habitação","Autoridade Tributária, gov.pt, Diário da República, or the responsible municipality","1","curated_90_day"
"2026-10-18","14:30","3","education_children","audience","School catchment areas for families and students","families and students","medium","evergreen","none","matrículas | Portal das Matrículas | educação","matrícula escolar | educação | equivalência | reconhecimento | MEGA","Direção-Geral da Educação, DGES, gov.pt, or Diário da República","1","curated_90_day"
"2026-10-18","18:00","4","daily_life_consumer","golden_tip","NEWS RESERVE — fallback: Building an emergency document folder: one golden tip and what to verify","everyone living in Portugal","low","news_flex","breaking_news","building emergency document","ePortugal | Livro de Reclamações | ANACOM | energia | telecomunicações","Official-source verification required; otherwise use fallback","1","curated_90_day"
"2026-10-18","21:00","5","banking_money","foundation","Mortgage preparation: a plain-English explanation","people managing money in Portugal","medium","evergreen","none","mortgage preparation","Banco de Portugal | SEPA | conta bancária | IBAN | crédito","Banco de Portugal, European Central Bank, or gov.pt","1","curated_90_day"
"2026-10-19","08:30","1","irs","edge_case","Rental income and IRS: mistakes, exceptions and edge cases","people filing personal income tax","high","evergreen","none","IRS | Imposto sobre o Rendimento das Pessoas Singulares | arrendamento | contrato de arrendamento","IRS | Modelo 3 | e-Fatura | Anexo J | IRS Automático","Autoridade Tributária or Diário da República","1","curated_90_day"
"2026-10-19","11:30","2","health_family","audience","European Health Insurance Card for individuals and families","individuals and families","medium","evergreen","none","european health insurance","SNS | centro de saúde | médico de família | nascimento | família","SNS, SNS 24, gov.pt, or Diário da República","1","curated_90_day"
"2026-10-19","14:30","3","immigration_residency","golden_tip","Changing address during an immigration process: one golden tip and what to verify","international residents","high","evergreen","none","changing address during","AIMA | autorização de residência | visto | reagrupamento familiar | CPLP","AIMA, gov.pt, Diário da República, or IRN as applicable","1","curated_90_day"
"2026-10-19","18:00","4","identity_access","foundation","NEWS RESERVE — fallback: Confirming email and mobile contacts on Finanças: a plain-English explanation","new residents","medium","news_flex","breaking_news","confirming email mobile","NIF | NISS | Chave Móvel Digital | Portal das Finanças | Segurança Social Direta","Official-source verification required; otherwise use fallback","1","curated_90_day"
"2026-10-19","21:00","5","driving_transport","action","Registering an imported vehicle: a practical step-by-step checklist","drivers and commuters","medium","evergreen","none","registering imported vehicle","IMT | carta de condução | IUC | veículo | Via Verde","IMT, Autoridade Tributária, gov.pt, or Diário da República","1","curated_90_day"
"2026-10-20","08:30","1","banking_money","audience","Closing a bank account for people managing money in Portugal","people managing money in Portugal","medium","evergreen","none","Banco de Portugal | IBAN | SEPA","Banco de Portugal | SEPA | conta bancária | IBAN | crédito","Banco de Portugal, European Central Bank, or gov.pt","1","curated_90_day"
"2026-10-20","11:30","2","daily_life_consumer","golden_tip","Mobile-phone contracts: one golden tip and what to verify","everyone living in Portugal","low","evergreen","none","mobile phone contracts","ePortugal | Livro de Reclamações | ANACOM | energia | telecomunicações","gov.pt, Direção-Geral do Consumidor, ANACOM, ERSE, or the responsible municipality","1","curated_90_day"
"2026-10-20","14:30","3","iva","foundation","Invoicing a non-EU customer: a plain-English explanation","freelancers and small businesses","high","evergreen","none","invoicing customer","IVA | CIVA | artigo 53 | declaração periódica | VIES","Autoridade Tributária or Diário da República","1","curated_90_day"
"2026-10-20","18:00","4","employment","action","NEWS RESERVE — fallback: Gross salary versus take-home pay: a practical step-by-step checklist","employees and job seekers","medium","news_flex","breaking_news","gross salary versus","contrato de trabalho | emprego | salário | férias | desemprego","Official-source verification required; otherwise use fallback","1","curated_90_day"
"2026-10-20","21:00","5","identity_access","edge_case","Getting a NIF before moving: mistakes, exceptions and edge cases","new residents","medium","evergreen","none","NIF | número de identificação fiscal","NIF | NISS | Chave Móvel Digital | Portal das Finanças | Segurança Social Direta","gov.pt, Autoridade Tributária, Segurança Social, or Autenticação.gov as applicable","1","curated_90_day"
"2026-10-21","08:30","1","driving_transport","golden_tip","Vehicle inspection timing: one golden tip and what to verify","drivers and commuters","medium","evergreen","none","vehicle inspection timing","IMT | carta de condução | IUC | veículo | Via Verde","IMT, Autoridade Tributária, gov.pt, or Diário da República","1","curated_90_day"
"2026-10-21","11:30","2","citizenship_civil","foundation","Requesting Portuguese civil certificates: a plain-English explanation","residents building a long-term life","high","evergreen","none","requesting civil certificates","IRN | cidadania | nacionalidade | registo civil | Nascer Cidadão","IRN, gov.pt, or Diário da República","1","curated_90_day"
"2026-10-21","14:30","3","housing_property","action","Proof of address for renters: a practical step-by-step checklist","renters and property owners","high","evergreen","none","arrendamento | contrato de arrendamento","arrendamento | IMI | AIMI | IMT | imóvel | habitação","Autoridade Tributária, gov.pt, Diário da República, or the responsible municipality","1","curated_90_day"
"2026-10-21","18:00","4","education_children","edge_case","NEWS RESERVE — fallback: Applying to Portuguese higher education: mistakes, exceptions and edge cases","families and students","medium","news_flex","breaking_news","matrículas | Portal das Matrículas | educação","matrícula escolar | educação | equivalência | reconhecimento | MEGA","Official-source verification required; otherwise use fallback","1","curated_90_day"
"2026-10-21","21:00","5","health_family","audience","Parental-leave administration for individuals and families","individuals and families","medium","evergreen","none","arrendamento | contrato de arrendamento","SNS | centro de saúde | médico de família | nascimento | família","SNS, SNS 24, gov.pt, or Diário da República","1","curated_90_day"
"2026-10-22","08:30","1","identity_access","foundation","Tax representation and when it applies: a plain-English explanation","new residents","medium","evergreen","none","representation applies","NIF | NISS | Chave Móvel Digital | Portal das Finanças | Segurança Social Direta","gov.pt, Autoridade Tributária, Segurança Social, or Autenticação.gov as applicable","1","curated_90_day"
"2026-10-22","11:30","2","irs","action","IRS Jovem basics: a practical step-by-step checklist","people filing personal income tax","high","evergreen","none","IRS | Imposto sobre o Rendimento das Pessoas Singulares","IRS | Modelo 3 | e-Fatura | Anexo J | IRS Automático","Autoridade Tributária or Diário da República","1","curated_90_day"
"2026-10-22","14:30","3","health_family","edge_case","Health-fee exemptions: mistakes, exceptions and edge cases","individuals and families","medium","evergreen","none","health exemptions","SNS | centro de saúde | médico de família | nascimento | família","SNS, SNS 24, gov.pt, or Diário da República","1","curated_90_day"
"2026-10-22","18:00","4","immigration_residency","audience","NEWS RESERVE — fallback: Preparing for an AIMA appointment for international residents","international residents","high","news_flex","breaking_news","AIMA | autorização de residência","AIMA | autorização de residência | visto | reagrupamento familiar | CPLP","Official-source verification required; otherwise use fallback","1","curated_90_day"
"2026-10-22","21:00","5","driving_transport","golden_tip","Checking vehicle documents: one golden tip and what to verify","drivers and commuters","medium","evergreen","none","checking vehicle documents","IMT | carta de condução | IUC | veículo | Via Verde","IMT, Autoridade Tributária, gov.pt, or Diário da República","1","curated_90_day"
"2026-10-23","08:30","1","freelance_business","action","Choosing a CAE or CIRS activity code: a practical step-by-step checklist","freelancers and solo founders","high","evergreen","none","choosing activity | CAE","trabalhador independente | abrir atividade | recibos verdes | CAE | CIRS","Autoridade Tributária, Segurança Social, gov.pt, or Diário da República","1","curated_90_day"
"2026-10-23","11:30","2","banking_money","edge_case","IBAN discrimination: mistakes, exceptions and edge cases","people managing money in Portugal","medium","evergreen","none","Banco de Portugal | IBAN | SEPA","Banco de Portugal | SEPA | conta bancária | IBAN | crédito","Banco de Portugal, European Central Bank, or gov.pt","1","curated_90_day"
"2026-10-23","14:30","3","daily_life_consumer","audience","Moving house administration checklist for everyone living in Portugal","everyone living in Portugal","low","evergreen","none","moving house administration","ePortugal | Livro de Reclamações | ANACOM | energia | telecomunicações","gov.pt, Direção-Geral do Consumidor, ANACOM, ERSE, or the responsible municipality","1","curated_90_day"
"2026-10-23","18:00","4","iva","golden_tip","NEWS RESERVE — fallback: Monthly versus quarterly IVA: one golden tip and what to verify","freelancers and small businesses","high","news_flex","breaking_news","IVA | Imposto sobre o Valor Acrescentado","IVA | CIVA | artigo 53 | declaração periódica | VIES","Official-source verification required; otherwise use fallback","1","curated_90_day"
"2026-10-23","21:00","5","employment","foundation","Working-time records: a plain-English explanation","employees and job seekers","medium","evergreen","none","working records","contrato de trabalho | emprego | salário | férias | desemprego","ACT, Segurança Social, IEFP, gov.pt, or Diário da República","1","curated_90_day"
"2026-10-24","08:30","1","social_security","edge_case","Unemployment-benefit basics: mistakes, exceptions and edge cases","workers and freelancers","high","evergreen","none","unemployment benefit basics","Segurança Social | declaração trimestral | contribuições | NISS | desemprego","Segurança Social, gov.pt, or Diário da República","1","curated_90_day"
"2026-10-24","11:30","2","driving_transport","audience","Buying a used car for drivers and commuters","drivers and commuters","medium","evergreen","none","buying","IMT | carta de condução | IUC | veículo | Via Verde","IMT, Autoridade Tributária, gov.pt, or Diário da República","1","curated_90_day"
"2026-10-24","14:30","3","citizenship_civil","golden_tip","Counting legal residence time: one golden tip and what to verify","residents building a long-term life","high","evergreen","none","AIMA | autorização de residência","IRN | cidadania | nacionalidade | registo civil | Nascer Cidadão","IRN, gov.pt, or Diário da República","1","curated_90_day"
"2026-10-24","18:00","4","banking_money","foundation","Before World Savings Day: five money-admin habits for life in Portugal","people managing money in Portugal","medium","occasion","date_locked","world savings money","Banco de Portugal | SEPA | conta bancária | IBAN | crédito","https://info.portaldasfinancas.gov.pt/pt/apoio_contribuinte/calendario_fiscal/Pages/Quadro_res_Pag_2026.aspx","1","curated_90_day"
"2026-10-24","21:00","5","education_children","action","Portuguese-language support for students: a practical step-by-step checklist","families and students","medium","evergreen","none","language support students","matrícula escolar | educação | equivalência | reconhecimento | MEGA","Direção-Geral da Educação, DGES, gov.pt, or Diário da República","1","curated_90_day"
"2026-10-25","08:30","1","employment","audience","Employee plus freelance income for employees and job seekers","employees and job seekers","medium","evergreen","none","contrato de trabalho | Código do Trabalho","contrato de trabalho | emprego | salário | férias | desemprego","ACT, Segurança Social, IEFP, gov.pt, or Diário da República","1","curated_90_day"
"2026-10-25","11:30","2","identity_access","golden_tip","Using gov.pt authentication: one golden tip and what to verify","new residents","medium","evergreen","none","using authentication","NIF | NISS | Chave Móvel Digital | Portal das Finanças | Segurança Social Direta","gov.pt, Autoridade Tributária, Segurança Social, or Autenticação.gov as applicable","1","curated_90_day"
"2026-10-25","14:30","3","irs","foundation","Reviewing automatic IRS: a plain-English explanation","people filing personal income tax","high","evergreen","none","IRS | Imposto sobre o Rendimento das Pessoas Singulares","IRS | Modelo 3 | e-Fatura | Anexo J | IRS Automático","Autoridade Tributária or Diário da República","1","curated_90_day"
"2026-10-25","18:00","4","health_family","action","NEWS RESERVE — fallback: European Health Insurance Card: a practical step-by-step checklist","individuals and families","medium","news_flex","breaking_news","european health insurance","SNS | centro de saúde | médico de família | nascimento | família","Official-source verification required; otherwise use fallback","1","curated_90_day"
"2026-10-25","21:00","5","immigration_residency","edge_case","Changing address during an immigration process: mistakes, exceptions and edge cases","international residents","high","evergreen","none","changing address during","AIMA | autorização de residência | visto | reagrupamento familiar | CPLP","AIMA, gov.pt, Diário da República, or IRN as applicable","1","curated_90_day"
"2026-10-26","08:30","1","education_children","golden_tip","MEGA schoolbook vouchers: one golden tip and what to verify","families and students","medium","evergreen","none","matrículas | Portal das Matrículas | educação | MEGA","matrícula escolar | educação | equivalência | reconhecimento | MEGA","Direção-Geral da Educação, DGES, gov.pt, or Diário da República","1","curated_90_day"
"2026-10-26","11:30","2","freelance_business","foundation","Freelancing while employed: a plain-English explanation","freelancers and solo founders","high","evergreen","none","freelancing while employed","trabalhador independente | abrir atividade | recibos verdes | CAE | CIRS","Autoridade Tributária, Segurança Social, gov.pt, or Diário da República","1","curated_90_day"
"2026-10-26","14:30","3","banking_money","action","Paying the state through Multibanco: a practical step-by-step checklist","people managing money in Portugal","medium","evergreen","none","Banco de Portugal | IBAN | SEPA","Banco de Portugal | SEPA | conta bancária | IBAN | crédito","Banco de Portugal, European Central Bank, or gov.pt","1","curated_90_day"
"2026-10-26","18:00","4","daily_life_consumer","edge_case","NEWS RESERVE — fallback: Changing electricity supplier: mistakes, exceptions and edge cases","everyone living in Portugal","low","news_flex","breaking_news","changing electricity supplier","ePortugal | Livro de Reclamações | ANACOM | energia | telecomunicações","Official-source verification required; otherwise use fallback","1","curated_90_day"
"2026-10-26","21:00","5","iva","audience","Reverse charge wording for freelancers and small businesses","freelancers and small businesses","high","evergreen","none","reverse charge wording","IVA | CIVA | artigo 53 | declaração periódica | VIES","Autoridade Tributária or Diário da República","1","curated_90_day"
"2026-10-27","08:30","1","immigration_residency","foundation","Residence title versus EU registration certificate: a plain-English explanation","international residents","high","evergreen","none","AIMA | autorização de residência","AIMA | autorização de residência | visto | reagrupamento familiar | CPLP","AIMA, gov.pt, Diário da República, or IRN as applicable","1","curated_90_day"
"2026-10-27","11:30","2","social_security","action","Income included in a quarterly declaration: a practical step-by-step checklist","workers and freelancers","high","evergreen","none","Segurança Social | declaração trimestral","Segurança Social | declaração trimestral | contribuições | NISS | desemprego","Segurança Social, gov.pt, or Diário da República","1","curated_90_day"
"2026-10-27","14:30","3","driving_transport","edge_case","Car-insurance documents: mistakes, exceptions and edge cases","drivers and commuters","medium","evergreen","none","insurance documents","IMT | carta de condução | IUC | veículo | Via Verde","IMT, Autoridade Tributária, gov.pt, or Diário da República","1","curated_90_day"
"2026-10-27","18:00","4","banking_money","audience","NEWS RESERVE — fallback: Avoiding payment-reference scams for people managing money in Portugal","people managing money in Portugal","medium","news_flex","breaking_news","avoiding payment reference","Banco de Portugal | SEPA | conta bancária | IBAN | crédito","Official-source verification required; otherwise use fallback","1","curated_90_day"
"2026-10-27","21:00","5","employment","golden_tip","Annual leave basics: one golden tip and what to verify","employees and job seekers","medium","evergreen","none","annual leave basics","contrato de trabalho | emprego | salário | férias | desemprego","ACT, Segurança Social, IEFP, gov.pt, or Diário da República","1","curated_90_day"
"2026-10-28","08:30","1","iva","action","Monitoring the IVA exemption threshold: a practical step-by-step checklist","freelancers and small businesses","high","evergreen","none","IVA | Imposto sobre o Valor Acrescentado","IVA | CIVA | artigo 53 | declaração periódica | VIES","Autoridade Tributária or Diário da República","1","curated_90_day"
"2026-10-28","11:30","2","employment","edge_case","Working-time records: mistakes, exceptions and edge cases","employees and job seekers","medium","evergreen","none","working records","contrato de trabalho | emprego | salário | férias | desemprego","ACT, Segurança Social, IEFP, gov.pt, or Diário da República","1","curated_90_day"
"2026-10-28","14:30","3","identity_access","audience","Requesting a NISS for new residents","new residents","medium","evergreen","none","NISS | número de identificação da segurança social","NIF | NISS | Chave Móvel Digital | Portal das Finanças | Segurança Social Direta","gov.pt, Autoridade Tributária, Segurança Social, or Autenticação.gov as applicable","1","curated_90_day"
"2026-10-28","18:00","4","social_security","golden_tip","Self-employed Social Security: final quarterly declaration checks","workers and freelancers","high","rule_locked","date_locked","Segurança Social | declaração trimestral","Segurança Social | declaração trimestral | contribuições | NISS | desemprego","https://www.seg-social.pt/documents/10152/15974914/1009u002520Trabalhadoru002520independenteu002520-u002520novou002520regime/87b6e00c-523d-4718-8a88-942ea804c18a","1","curated_90_day"
"2026-10-28","21:00","5","health_family","foundation","Changing address in health records: a plain-English explanation","individuals and families","medium","evergreen","none","registo de saúde | processo clínico | SNS","SNS | centro de saúde | médico de família | nascimento | família","SNS, SNS 24, gov.pt, or Diário da República","1","curated_90_day"
"2026-10-29","08:30","1","housing_property","edge_case","Buying as a non-resident: mistakes, exceptions and edge cases","renters and property owners","high","evergreen","none","buying resident","arrendamento | IMI | AIMI | IMT | imóvel | habitação","Autoridade Tributária, gov.pt, Diário da República, or the responsible municipality","1","curated_90_day"
"2026-10-29","11:30","2","education_children","audience","School-enrolment documents for families and students","families and students","medium","evergreen","none","matrículas | Portal das Matrículas | educação","matrícula escolar | educação | equivalência | reconhecimento | MEGA","Direção-Geral da Educação, DGES, gov.pt, or Diário da República","1","curated_90_day"
"2026-10-29","14:30","3","freelance_business","golden_tip","Choosing a CAE or CIRS activity code: one golden tip and what to verify","freelancers and solo founders","high","evergreen","none","choosing activity | CAE","trabalhador independente | abrir atividade | recibos verdes | CAE | CIRS","Autoridade Tributária, Segurança Social, gov.pt, or Diário da República","1","curated_90_day"
"2026-10-29","18:00","4","banking_money","foundation","NEWS RESERVE — fallback: Foreign bank accounts and Portuguese tax: a plain-English explanation","people managing money in Portugal","medium","news_flex","breaking_news","Banco de Portugal | IBAN | SEPA","Banco de Portugal | SEPA | conta bancária | IBAN | crédito","Official-source verification required; otherwise use fallback","1","curated_90_day"
"2026-10-29","21:00","5","daily_life_consumer","action","Cancelling a consumer contract: a practical step-by-step checklist","everyone living in Portugal","low","evergreen","none","Livro de Reclamações | Direção-Geral do Consumidor","ePortugal | Livro de Reclamações | ANACOM | energia | telecomunicações","gov.pt, Direção-Geral do Consumidor, ANACOM, ERSE, or the responsible municipality","1","curated_90_day"
"2026-10-30","08:30","1","health_family","audience","Electronic prescriptions for individuals and families","individuals and families","medium","evergreen","none","electronic prescriptions","SNS | centro de saúde | médico de família | nascimento | família","SNS, SNS 24, gov.pt, or Diário da República","1","curated_90_day"
"2026-10-30","11:30","2","immigration_residency","golden_tip","CPLP residence documentation: one golden tip and what to verify","international residents","high","evergreen","none","AIMA | autorização de residência | CPLP","AIMA | autorização de residência | visto | reagrupamento familiar | CPLP","AIMA, gov.pt, Diário da República, or IRN as applicable","1","curated_90_day"
"2026-10-30","14:30","3","social_security","foundation","Getting a contribution statement: a plain-English explanation","workers and freelancers","high","evergreen","none","getting contribution statement","Segurança Social | declaração trimestral | contribuições | NISS | desemprego","Segurança Social, gov.pt, or Diário da República","1","curated_90_day"
"2026-10-30","18:00","4","daily_life_consumer","action","All Saints’ Day weekend: check local schedules before travelling","everyone living in Portugal","low","rule_locked","date_locked","saints weekend check","ePortugal | Livro de Reclamações | ANACOM | energia | telecomunicações","https://www.dgaep.gov.pt/stap/infoPage.cfm?objid=9a36961c-71bc-40de-8ee0-5cdeb2dea832","1","curated_90_day"
"2026-10-30","21:00","5","education_children","edge_case","MEGA schoolbook vouchers: mistakes, exceptions and edge cases","families and students","medium","evergreen","none","matrículas | Portal das Matrículas | educação | MEGA","matrícula escolar | educação | equivalência | reconhecimento | MEGA","Direção-Geral da Educação, DGES, gov.pt, or Diário da República","1","curated_90_day"
"2026-10-31","08:30","1","daily_life_consumer","golden_tip","Getting an atestado de residência: one golden tip and what to verify","everyone living in Portugal","low","evergreen","none","getting atestado residência","ePortugal | Livro de Reclamações | ANACOM | energia | telecomunicações","gov.pt, Direção-Geral do Consumidor, ANACOM, ERSE, or the responsible municipality","1","curated_90_day"
"2026-10-31","11:30","2","iva","foundation","IVA when buying business services abroad: a plain-English explanation","freelancers and small businesses","high","evergreen","none","IVA | Imposto sobre o Valor Acrescentado","IVA | CIVA | artigo 53 | declaração periódica | VIES","Autoridade Tributária or Diário da República","1","curated_90_day"
"2026-10-31","14:30","3","banking_money","action","World Savings Day: run a 15-minute Portugal money check","people managing money in Portugal","medium","occasion","date_locked","world savings minute","Banco de Portugal | SEPA | conta bancária | IBAN | crédito","https://info.portaldasfinancas.gov.pt/pt/apoio_contribuinte/calendario_fiscal/Pages/Quadro_res_Pag_2026.aspx","1","curated_90_day"
"2026-10-31","18:00","4","social_security","edge_case","Quarterly Social Security declaration: complete it today if it applies","workers and freelancers","high","rule_locked","date_locked","Segurança Social | declaração trimestral","Segurança Social | declaração trimestral | contribuições | NISS | desemprego","https://www.seg-social.pt/documents/10152/15974914/1009u002520Trabalhadoru002520independenteu002520-u002520novou002520regime/87b6e00c-523d-4718-8a88-942ea804c18a","1","curated_90_day"
"2026-10-31","21:00","5","daily_life_consumer","audience","Cancelling a consumer contract for everyone living in Portugal","everyone living in Portugal","low","evergreen","none","Livro de Reclamações | Direção-Geral do Consumidor","ePortugal | Livro de Reclamações | ANACOM | energia | telecomunicações","gov.pt, Direção-Geral do Consumidor, ANACOM, ERSE, or the responsible municipality","1","curated_90_day"
"2026-11-01","08:30","1","citizenship_civil","foundation","Nascer Cidadão service: a plain-English explanation","residents building a long-term life","high","evergreen","none","nascer cidadão service | Nascer Cidadão","IRN | cidadania | nacionalidade | registo civil | Nascer Cidadão","IRN, gov.pt, or Diário da República","1","curated_90_day"
"2026-11-01","11:30","2","housing_property","action","Security deposits and records: a practical step-by-step checklist","renters and property owners","high","evergreen","none","security deposits records","arrendamento | IMI | AIMI | IMT | imóvel | habitação","Autoridade Tributária, gov.pt, Diário da República, or the responsible municipality","1","curated_90_day"
"2026-11-01","14:30","3","education_children","edge_case","National-exam administration: mistakes, exceptions and edge cases","families and students","medium","evergreen","none","national administration","matrícula escolar | educação | equivalência | reconhecimento | MEGA","Direção-Geral da Educação, DGES, gov.pt, or Diário da República","1","curated_90_day"
"2026-11-01","18:00","4","daily_life_consumer","audience","All Saints’ Day in Portugal: a practical note for international residents","everyone living in Portugal","low","rule_locked","date_locked","saints international residents","ePortugal | Livro de Reclamações | ANACOM | energia | telecomunicações","https://www.dgaep.gov.pt/stap/infoPage.cfm?objid=9a36961c-71bc-40de-8ee0-5cdeb2dea832","1","curated_90_day"
"2026-11-01","21:00","5","banking_money","golden_tip","Documents banks request: one golden tip and what to verify","people managing money in Portugal","medium","evergreen","none","Banco de Portugal | IBAN | SEPA","Banco de Portugal | SEPA | conta bancária | IBAN | crédito","Banco de Portugal, European Central Bank, or gov.pt","1","curated_90_day"
"2026-11-02","08:30","1","irs","action","Keeping an IRS submission receipt: a practical step-by-step checklist","people filing personal income tax","high","evergreen","none","IRS | Imposto sobre o Rendimento das Pessoas Singulares","IRS | Modelo 3 | e-Fatura | Anexo J | IRS Automático","Autoridade Tributária or Diário da República","1","curated_90_day"
"2026-11-02","11:30","2","health_family","edge_case","Emergency versus non-emergency care: mistakes, exceptions and edge cases","individuals and families","medium","evergreen","none","emergency versus emergency","SNS | centro de saúde | médico de família | nascimento | família","SNS, SNS 24, gov.pt, or Diário da República","1","curated_90_day"
"2026-11-02","14:30","3","daily_life_consumer","audience","When a municipal rule differs for everyone living in Portugal","everyone living in Portugal","low","evergreen","none","municipal differs","ePortugal | Livro de Reclamações | ANACOM | energia | telecomunicações","gov.pt, Direção-Geral do Consumidor, ANACOM, ERSE, or the responsible municipality","1","curated_90_day"
"2026-11-02","18:00","4","social_security","golden_tip","Missed the quarterly Social Security declaration? Check correction options","workers and freelancers","high","rule_locked","date_locked","Segurança Social | declaração trimestral","Segurança Social | declaração trimestral | contribuições | NISS | desemprego","https://www.seg-social.pt/documents/10152/15974914/1009u002520Trabalhadoru002520independenteu002520-u002520novou002520regime/87b6e00c-523d-4718-8a88-942ea804c18a","1","curated_90_day"
"2026-11-02","21:00","5","driving_transport","foundation","Via Verde basics: a plain-English explanation","drivers and commuters","medium","evergreen","none","verde basics | Via Verde","IMT | carta de condução | IUC | veículo | Via Verde","IMT, Autoridade Tributária, gov.pt, or Diário da República","1","curated_90_day"
"2026-11-03","08:30","1","banking_money","edge_case","Deposit protection basics: mistakes, exceptions and edge cases","people managing money in Portugal","medium","evergreen","none","deposit protection basics","Banco de Portugal | SEPA | conta bancária | IBAN | crédito","Banco de Portugal, European Central Bank, or gov.pt","1","curated_90_day"
"2026-11-03","11:30","2","daily_life_consumer","audience","Finding English-language official help for everyone living in Portugal","everyone living in Portugal","low","evergreen","none","finding language official","ePortugal | Livro de Reclamações | ANACOM | energia | telecomunicações","gov.pt, Direção-Geral do Consumidor, ANACOM, ERSE, or the responsible municipality","1","curated_90_day"
"2026-11-03","14:30","3","iva","golden_tip","Article 53 IVA exemption: one golden tip and what to verify","freelancers and small businesses","high","evergreen","none","IVA | Imposto sobre o Valor Acrescentado","IVA | CIVA | artigo 53 | declaração periódica | VIES","Autoridade Tributária or Diário da República","1","curated_90_day"
"2026-11-03","18:00","4","employment","foundation","NEWS RESERVE — fallback: Sick leave steps: a plain-English explanation","employees and job seekers","medium","news_flex","breaking_news","leave steps","contrato de trabalho | emprego | salário | férias | desemprego","Official-source verification required; otherwise use fallback","1","curated_90_day"
"2026-11-03","21:00","5","identity_access","action","Changing the temporary Finanças password: a practical step-by-step checklist","new residents","medium","evergreen","none","changing temporary finanças","NIF | NISS | Chave Móvel Digital | Portal das Finanças | Segurança Social Direta","gov.pt, Autoridade Tributária, Segurança Social, or Autenticação.gov as applicable","1","curated_90_day"
"2026-11-04","08:30","1","driving_transport","audience","Driving-licence exchange documents for drivers and commuters","drivers and commuters","medium","evergreen","none","driving licence exchange","IMT | carta de condução | IUC | veículo | Via Verde","IMT, Autoridade Tributária, gov.pt, or Diário da República","1","curated_90_day"
"2026-11-04","11:30","2","citizenship_civil","golden_tip","Nascer Cidadão service: one golden tip and what to verify","residents building a long-term life","high","evergreen","none","nascer cidadão service | Nascer Cidadão","IRN | cidadania | nacionalidade | registo civil | Nascer Cidadão","IRN, gov.pt, or Diário da República","1","curated_90_day"
"2026-11-04","14:30","3","housing_property","foundation","Stamp duty on property purchases: a plain-English explanation","renters and property owners","high","evergreen","none","stamp property purchases","arrendamento | IMI | AIMI | IMT | imóvel | habitação","Autoridade Tributária, gov.pt, Diário da República, or the responsible municipality","1","curated_90_day"
"2026-11-04","18:00","4","education_children","action","NEWS RESERVE — fallback: School catchment areas: a practical step-by-step checklist","families and students","medium","news_flex","breaking_news","matrículas | Portal das Matrículas | educação","matrícula escolar | educação | equivalência | reconhecimento | MEGA","Official-source verification required; otherwise use fallback","1","curated_90_day"
"2026-11-04","21:00","5","health_family","edge_case","Registering at a health centre: mistakes, exceptions and edge cases","individuals and families","medium","evergreen","none","registering health centre","SNS | centro de saúde | médico de família | nascimento | família","SNS, SNS 24, gov.pt, or Diário da República","1","curated_90_day"
"2026-11-05","08:30","1","identity_access","golden_tip","Activating Chave Móvel Digital: one golden tip and what to verify","new residents","medium","evergreen","none","Chave Móvel Digital | autenticação.gov | IVA | Imposto sobre o Valor Acrescentado","NIF | NISS | Chave Móvel Digital | Portal das Finanças | Segurança Social Direta","gov.pt, Autoridade Tributária, Segurança Social, or Autenticação.gov as applicable","1","curated_90_day"
"2026-11-05","11:30","2","irs","foundation","Validating e-Fatura expenses: a plain-English explanation","people filing personal income tax","high","evergreen","none","e-Fatura | faturas","IRS | Modelo 3 | e-Fatura | Anexo J | IRS Automático","Autoridade Tributária or Diário da República","1","curated_90_day"
"2026-11-05","14:30","3","health_family","action","Vaccination records: a practical step-by-step checklist","individuals and families","medium","evergreen","none","vaccination records","SNS | centro de saúde | médico de família | nascimento | família","SNS, SNS 24, gov.pt, or Diário da República","1","curated_90_day"
"2026-11-05","18:00","4","immigration_residency","edge_case","NEWS RESERVE — fallback: D3 highly qualified route: mistakes, exceptions and edge cases","international residents","high","news_flex","breaking_news","highly qualified route","AIMA | autorização de residência | visto | reagrupamento familiar | CPLP","Official-source verification required; otherwise use fallback","1","curated_90_day"
"2026-11-05","21:00","5","driving_transport","audience","Electronic tolls for foreign vehicles for drivers and commuters","drivers and commuters","medium","evergreen","none","electronic tolls foreign","IMT | carta de condução | IUC | veículo | Via Verde","IMT, Autoridade Tributária, gov.pt, or Diário da República","1","curated_90_day"
"2026-11-06","08:30","1","freelance_business","foundation","Restarting a closed activity: a plain-English explanation","freelancers and solo founders","high","evergreen","none","restarting closed activity","trabalhador independente | abrir atividade | recibos verdes | CAE | CIRS","Autoridade Tributária, Segurança Social, gov.pt, or Diário da República","1","curated_90_day"
"2026-11-06","11:30","2","banking_money","action","Direct debits: a practical step-by-step checklist","people managing money in Portugal","medium","evergreen","none","direct debits","Banco de Portugal | SEPA | conta bancária | IBAN | crédito","Banco de Portugal, European Central Bank, or gov.pt","1","curated_90_day"
"2026-11-06","14:30","3","daily_life_consumer","edge_case","Using ePortugal to find public services: mistakes, exceptions and edge cases","everyone living in Portugal","low","evergreen","none","using eportugal public | ePortugal","ePortugal | Livro de Reclamações | ANACOM | energia | telecomunicações","gov.pt, Direção-Geral do Consumidor, ANACOM, ERSE, or the responsible municipality","1","curated_90_day"
"2026-11-06","18:00","4","iva","audience","NEWS RESERVE — fallback: Checking a customer in VIES for freelancers and small businesses","freelancers and small businesses","high","news_flex","breaking_news","checking customer | VIES","IVA | CIVA | artigo 53 | declaração periódica | VIES","Official-source verification required; otherwise use fallback","1","curated_90_day"
"2026-11-06","21:00","5","employment","golden_tip","Unemployment-benefit preparation: one golden tip and what to verify","employees and job seekers","medium","evergreen","none","unemployment benefit preparation","contrato de trabalho | emprego | salário | férias | desemprego","ACT, Segurança Social, IEFP, gov.pt, or Diário da República","1","curated_90_day"
"2026-11-07","08:30","1","social_security","action","Quarterly Social Security declarations: a practical step-by-step checklist","workers and freelancers","high","evergreen","none","Segurança Social | declaração trimestral","Segurança Social | declaração trimestral | contribuições | NISS | desemprego","Segurança Social, gov.pt, or Diário da República","1","curated_90_day"
"2026-11-07","11:30","2","driving_transport","edge_case","Via Verde basics: mistakes, exceptions and edge cases","drivers and commuters","medium","evergreen","none","verde basics | Via Verde","IMT | carta de condução | IUC | veículo | Via Verde","IMT, Autoridade Tributária, gov.pt, or Diário da República","1","curated_90_day"
"2026-11-07","14:30","3","citizenship_civil","audience","Name differences across foreign documents for residents building a long-term life","residents building a long-term life","high","evergreen","none","differences across foreign","IRN | cidadania | nacionalidade | registo civil | Nascer Cidadão","IRN, gov.pt, or Diário da República","1","curated_90_day"
"2026-11-07","18:00","4","education_children","golden_tip","NEWS RESERVE — fallback: Portuguese-language support for students: one golden tip and what to verify","families and students","medium","news_flex","breaking_news","language support students","matrícula escolar | educação | equivalência | reconhecimento | MEGA","Official-source verification required; otherwise use fallback","1","curated_90_day"
"2026-11-07","21:00","5","education_children","foundation","Recognising a foreign degree: a plain-English explanation","families and students","medium","evergreen","none","recognising foreign degree","matrícula escolar | educação | equivalência | reconhecimento | MEGA","Direção-Geral da Educação, DGES, gov.pt, or Diário da República","1","curated_90_day"
"2026-11-08","08:30","1","employment","edge_case","Probation periods: mistakes, exceptions and edge cases","employees and job seekers","medium","evergreen","none","probation periods","contrato de trabalho | emprego | salário | férias | desemprego","ACT, Segurança Social, IEFP, gov.pt, or Diário da República","1","curated_90_day"
"2026-11-08","11:30","2","identity_access","audience","Tax representation and when it applies for new residents","new residents","medium","evergreen","none","representation applies","NIF | NISS | Chave Móvel Digital | Portal das Finanças | Segurança Social Direta","gov.pt, Autoridade Tributária, Segurança Social, or Autenticação.gov as applicable","1","curated_90_day"
"2026-11-08","14:30","3","irs","golden_tip","Employment income and IRS: one golden tip and what to verify","people filing personal income tax","high","evergreen","none","IRS | Imposto sobre o Rendimento das Pessoas Singulares","IRS | Modelo 3 | e-Fatura | Anexo J | IRS Automático","Autoridade Tributária or Diário da República","1","curated_90_day"
"2026-11-08","18:00","4","health_family","foundation","NEWS RESERVE — fallback: Emergency versus non-emergency care: a plain-English explanation","individuals and families","medium","news_flex","breaking_news","emergency versus emergency","SNS | centro de saúde | médico de família | nascimento | família","Official-source verification required; otherwise use fallback","1","curated_90_day"
"2026-11-08","21:00","5","immigration_residency","action","Residence title versus EU registration certificate: a practical step-by-step checklist","international residents","high","evergreen","none","AIMA | autorização de residência","AIMA | autorização de residência | visto | reagrupamento familiar | CPLP","AIMA, gov.pt, Diário da República, or IRN as applicable","1","curated_90_day"
"2026-11-09","08:30","1","education_children","audience","Moving schools during the year for families and students","families and students","medium","evergreen","none","matrículas | Portal das Matrículas | educação","matrícula escolar | educação | equivalência | reconhecimento | MEGA","Direção-Geral da Educação, DGES, gov.pt, or Diário da República","1","curated_90_day"
"2026-11-09","11:30","2","freelance_business","golden_tip","Changing an activity code later: one golden tip and what to verify","freelancers and solo founders","high","evergreen","none","changing activity later","trabalhador independente | abrir atividade | recibos verdes | CAE | CIRS","Autoridade Tributária, Segurança Social, gov.pt, or Diário da República","1","curated_90_day"
"2026-11-09","14:30","3","banking_money","foundation","Avoiding payment-reference scams: a plain-English explanation","people managing money in Portugal","medium","evergreen","none","avoiding payment reference","Banco de Portugal | SEPA | conta bancária | IBAN | crédito","Banco de Portugal, European Central Bank, or gov.pt","1","curated_90_day"
"2026-11-09","18:00","4","daily_life_consumer","action","NEWS RESERVE — fallback: Preventing identity-document scams: a practical step-by-step checklist","everyone living in Portugal","low","news_flex","breaking_news","preventing identity document","ePortugal | Livro de Reclamações | ANACOM | energia | telecomunicações","Official-source verification required; otherwise use fallback","1","curated_90_day"
"2026-11-09","21:00","5","iva","edge_case","What IVA is: mistakes, exceptions and edge cases","freelancers and small businesses","high","evergreen","none","IVA | Imposto sobre o Valor Acrescentado","IVA | CIVA | artigo 53 | declaração periódica | VIES","Autoridade Tributária or Diário da República","1","curated_90_day"
"2026-11-10","08:30","1","immigration_residency","golden_tip","D2 entrepreneur route: one golden tip and what to verify","international residents","high","evergreen","none","entrepreneur route","AIMA | autorização de residência | visto | reagrupamento familiar | CPLP","AIMA, gov.pt, Diário da República, or IRN as applicable","1","curated_90_day"
"2026-11-10","11:30","2","social_security","foundation","Stopping or suspending self-employment: a plain-English explanation","workers and freelancers","high","evergreen","none","stopping suspending employment","Segurança Social | declaração trimestral | contribuições | NISS | desemprego","Segurança Social, gov.pt, or Diário da República","1","curated_90_day"
"2026-11-10","14:30","3","driving_transport","action","Exchanging a non-EU driving licence: a practical step-by-step checklist","drivers and commuters","medium","evergreen","none","carta de condução | IMT","IMT | carta de condução | IUC | veículo | Via Verde","IMT, Autoridade Tributária, gov.pt, or Diário da República","1","curated_90_day"
"2026-11-10","18:00","4","banking_money","edge_case","NEWS RESERVE — fallback: Currency-conversion costs: mistakes, exceptions and edge cases","people managing money in Portugal","medium","news_flex","breaking_news","currency conversion costs","Banco de Portugal | SEPA | conta bancária | IBAN | crédito","Official-source verification required; otherwise use fallback","1","curated_90_day"
"2026-11-10","21:00","5","employment","audience","Remote work from Portugal for employees and job seekers","employees and job seekers","medium","evergreen","none","contrato de trabalho | Código do Trabalho","contrato de trabalho | emprego | salário | férias | desemprego","ACT, Segurança Social, IEFP, gov.pt, or Diário da República","1","curated_90_day"
"2026-11-11","08:30","1","iva","foundation","Invoicing an EU business customer: a plain-English explanation","freelancers and small businesses","high","evergreen","none","invoicing business customer","IVA | CIVA | artigo 53 | declaração periódica | VIES","Autoridade Tributária or Diário da República","1","annual_candidate"
"2026-11-11","11:30","2","employment","action","Unemployment-benefit preparation: a practical step-by-step checklist","employees and job seekers","medium","evergreen","none","unemployment benefit preparation","contrato de trabalho | emprego | salário | férias | desemprego","ACT, Segurança Social, IEFP, gov.pt, or Diário da República","1","annual_candidate"
"2026-11-11","14:30","3","identity_access","edge_case","Keeping digital copies of Portuguese documents: mistakes, exceptions and edge cases","new residents","medium","evergreen","none","keeping digital copies","NIF | NISS | Chave Móvel Digital | Portal das Finanças | Segurança Social Direta","gov.pt, Autoridade Tributária, Segurança Social, or Autenticação.gov as applicable","1","annual_candidate"
"2026-11-11","18:00","4","irs","audience","NEWS RESERVE — fallback: What Portuguese IRS is for people filing personal income tax","people filing personal income tax","high","news_flex","breaking_news","IRS | Imposto sobre o Rendimento das Pessoas Singulares","IRS | Modelo 3 | e-Fatura | Anexo J | IRS Automático","Official-source verification required; otherwise use fallback","1","annual_candidate"
"2026-11-11","21:00","5","health_family","golden_tip","Electronic prescriptions: one golden tip and what to verify","individuals and families","medium","evergreen","none","electronic prescriptions","SNS | centro de saúde | médico de família | nascimento | família","SNS, SNS 24, gov.pt, or Diário da República","2","annual_candidate"
"2026-11-12","08:30","1","housing_property","action","Registering a rental contract: a practical step-by-step checklist","renters and property owners","high","evergreen","none","arrendamento | contrato de arrendamento","arrendamento | IMI | AIMI | IMT | imóvel | habitação","Autoridade Tributária, gov.pt, Diário da República, or the responsible municipality","1","annual_candidate"
"2026-11-12","11:30","2","education_children","edge_case","MEGA schoolbook vouchers: mistakes, exceptions and edge cases","families and students","medium","evergreen","none","matrículas | Portal das Matrículas | educação | MEGA","matrícula escolar | educação | equivalência | reconhecimento | MEGA","Direção-Geral da Educação, DGES, gov.pt, or Diário da República","2","annual_candidate"
"2026-11-12","14:30","3","freelance_business","audience","Restarting a closed activity for freelancers and solo founders","freelancers and solo founders","high","evergreen","none","restarting closed activity","trabalhador independente | abrir atividade | recibos verdes | CAE | CIRS","Autoridade Tributária, Segurança Social, gov.pt, or Diário da República","1","annual_candidate"
"2026-11-12","18:00","4","banking_money","golden_tip","NEWS RESERVE — fallback: Opening a Portuguese bank account: one golden tip and what to verify","people managing money in Portugal","medium","news_flex","breaking_news","Banco de Portugal | IBAN | SEPA","Banco de Portugal | SEPA | conta bancária | IBAN | crédito","Official-source verification required; otherwise use fallback","1","annual_candidate"
"2026-11-12","21:00","5","daily_life_consumer","foundation","Building an emergency document folder: a plain-English explanation","everyone living in Portugal","low","evergreen","none","building emergency document","ePortugal | Livro de Reclamações | ANACOM | energia | telecomunicações","gov.pt, Direção-Geral do Consumidor, ANACOM, ERSE, or the responsible municipality","2","annual_candidate"
"2026-11-13","08:30","1","health_family","edge_case","Parental-leave administration: mistakes, exceptions and edge cases","individuals and families","medium","evergreen","none","arrendamento | contrato de arrendamento","SNS | centro de saúde | médico de família | nascimento | família","SNS, SNS 24, gov.pt, or Diário da República","2","annual_candidate"
"2026-11-13","11:30","2","immigration_residency","audience","Keeping evidence of an immigration submission for international residents","international residents","high","evergreen","none","keeping evidence immigration","AIMA | autorização de residência | visto | reagrupamento familiar | CPLP","AIMA, gov.pt, Diário da República, or IRN as applicable","1","annual_candidate"
"2026-11-13","14:30","3","social_security","golden_tip","What Portuguese Social Security covers: one golden tip and what to verify","workers and freelancers","high","evergreen","none","Segurança Social | declaração trimestral","Segurança Social | declaração trimestral | contribuições | NISS | desemprego","Segurança Social, gov.pt, or Diário da República","1","annual_candidate"
"2026-11-13","18:00","4","driving_transport","foundation","NEWS RESERVE — fallback: IUC payment timing: a plain-English explanation","drivers and commuters","medium","news_flex","breaking_news","IUC | Imposto Único de Circulação","IMT | carta de condução | IUC | veículo | Via Verde","Official-source verification required; otherwise use fallback","2","annual_candidate"
"2026-11-13","21:00","5","education_children","action","Moving schools during the year: a practical step-by-step checklist","families and students","medium","evergreen","none","matrículas | Portal das Matrículas | educação","matrícula escolar | educação | equivalência | reconhecimento | MEGA","Direção-Geral da Educação, DGES, gov.pt, or Diário da República","2","annual_candidate"
"2026-11-14","08:30","1","daily_life_consumer","audience","Mobile-phone contracts for everyone living in Portugal","everyone living in Portugal","low","evergreen","none","mobile phone contracts","ePortugal | Livro de Reclamações | ANACOM | energia | telecomunicações","gov.pt, Direção-Geral do Consumidor, ANACOM, ERSE, or the responsible municipality","1","annual_candidate"
"2026-11-14","11:30","2","iva","golden_tip","When property transactions involve IVA: one golden tip and what to verify","freelancers and small businesses","high","evergreen","none","IVA | Imposto sobre o Valor Acrescentado","IVA | CIVA | artigo 53 | declaração periódica | VIES","Autoridade Tributária or Diário da República","2","annual_candidate"
"2026-11-14","14:30","3","employment","foundation","Holiday and Christmas allowances: a plain-English explanation","employees and job seekers","medium","evergreen","none","holiday christmas allowances","contrato de trabalho | emprego | salário | férias | desemprego","ACT, Segurança Social, IEFP, gov.pt, or Diário da República","2","annual_candidate"
"2026-11-14","18:00","4","identity_access","action","NEWS RESERVE — fallback: Requesting a NISS: a practical step-by-step checklist","new residents","medium","news_flex","breaking_news","NISS | número de identificação da segurança social","NIF | NISS | Chave Móvel Digital | Portal das Finanças | Segurança Social Direta","Official-source verification required; otherwise use fallback","1","annual_candidate"
"2026-11-14","21:00","5","irs","edge_case","Correcting an IRS return: mistakes, exceptions and edge cases","people filing personal income tax","high","evergreen","none","IRS | Imposto sobre o Rendimento das Pessoas Singulares","IRS | Modelo 3 | e-Fatura | Anexo J | IRS Automático","Autoridade Tributária or Diário da República","1","annual_candidate"
"2026-11-15","08:30","1","citizenship_civil","golden_tip","Citizenship scams and unrealistic promises: one golden tip and what to verify","residents building a long-term life","high","evergreen","none","citizenship scams unrealistic","IRN | cidadania | nacionalidade | registo civil | Nascer Cidadão","IRN, gov.pt, or Diário da República","1","annual_candidate"
"2026-11-15","11:30","2","housing_property","foundation","What IMT is: a plain-English explanation","renters and property owners","high","evergreen","none","IMT | Imposto Municipal sobre as Transmissões","arrendamento | IMI | AIMI | IMT | imóvel | habitação","Autoridade Tributária, gov.pt, Diário da República, or the responsible municipality","1","annual_candidate"
"2026-11-15","14:30","3","education_children","action","School-enrolment documents: a practical step-by-step checklist","families and students","medium","evergreen","none","matrículas | Portal das Matrículas | educação","matrícula escolar | educação | equivalência | reconhecimento | MEGA","Direção-Geral da Educação, DGES, gov.pt, or Diário da República","1","annual_candidate"
"2026-11-15","18:00","4","daily_life_consumer","edge_case","NEWS RESERVE — fallback: Keeping proof of cancellation: mistakes, exceptions and edge cases","everyone living in Portugal","low","news_flex","breaking_news","keeping proof cancellation","ePortugal | Livro de Reclamações | ANACOM | energia | telecomunicações","Official-source verification required; otherwise use fallback","1","annual_candidate"
"2026-11-15","21:00","5","banking_money","audience","Bank fees and account packages for people managing money in Portugal","people managing money in Portugal","medium","evergreen","none","Banco de Portugal | IBAN | SEPA","Banco de Portugal | SEPA | conta bancária | IBAN | crédito","Banco de Portugal, European Central Bank, or gov.pt","1","annual_candidate"
"2026-11-16","08:30","1","irs","foundation","Preparing for IRS season: a plain-English explanation","people filing personal income tax","high","evergreen","none","IRS | Imposto sobre o Rendimento das Pessoas Singulares","IRS | Modelo 3 | e-Fatura | Anexo J | IRS Automático","Autoridade Tributária or Diário da República","1","annual_candidate"
"2026-11-16","11:30","2","health_family","action","Requesting or changing a family doctor: a practical step-by-step checklist","individuals and families","medium","evergreen","none","médico de família | SNS","SNS | centro de saúde | médico de família | nascimento | família","SNS, SNS 24, gov.pt, or Diário da República","1","annual_candidate"
"2026-11-16","14:30","3","immigration_residency","edge_case","D8 digital-nomad route: mistakes, exceptions and edge cases","international residents","high","evergreen","none","digital nomad route","AIMA | autorização de residência | visto | reagrupamento familiar | CPLP","AIMA, gov.pt, Diário da República, or IRN as applicable","2","annual_candidate"
"2026-11-16","18:00","4","identity_access","audience","NEWS RESERVE — fallback: Recovering Portal das Finanças access for new residents","new residents","medium","news_flex","breaking_news","recovering portal finanças | Portal das Finanças","NIF | NISS | Chave Móvel Digital | Portal das Finanças | Segurança Social Direta","Official-source verification required; otherwise use fallback","1","annual_candidate"
"2026-11-16","21:00","5","driving_transport","golden_tip","Public-transport passes: one golden tip and what to verify","drivers and commuters","medium","evergreen","none","public transport passes","IMT | carta de condução | IUC | veículo | Via Verde","IMT, Autoridade Tributária, gov.pt, or Diário da República","2","annual_candidate"
"2026-11-17","08:30","1","banking_money","action","SEPA transfers: a practical step-by-step checklist","people managing money in Portugal","medium","evergreen","none","Banco de Portugal | IBAN | SEPA","Banco de Portugal | SEPA | conta bancária | IBAN | crédito","Banco de Portugal, European Central Bank, or gov.pt","1","annual_candidate"
"2026-11-17","11:30","2","daily_life_consumer","edge_case","When a municipal rule differs: mistakes, exceptions and edge cases","everyone living in Portugal","low","evergreen","none","municipal differs","ePortugal | Livro de Reclamações | ANACOM | energia | telecomunicações","gov.pt, Direção-Geral do Consumidor, ANACOM, ERSE, or the responsible municipality","1","annual_candidate"
"2026-11-17","14:30","3","iva","audience","Correcting an IVA declaration for freelancers and small businesses","freelancers and small businesses","high","evergreen","none","IVA | Imposto sobre o Valor Acrescentado","IVA | CIVA | artigo 53 | declaração periódica | VIES","Autoridade Tributária or Diário da República","1","annual_candidate"
"2026-11-17","18:00","4","employment","golden_tip","NEWS RESERVE — fallback: Keeping employment documents: one golden tip and what to verify","employees and job seekers","medium","news_flex","breaking_news","keeping employment documents","contrato de trabalho | emprego | salário | férias | desemprego","Official-source verification required; otherwise use fallback","2","annual_candidate"
"2026-11-17","21:00","5","identity_access","foundation","Getting a NIF as a resident: a plain-English explanation","new residents","medium","evergreen","none","NIF | número de identificação fiscal","NIF | NISS | Chave Móvel Digital | Portal das Finanças | Segurança Social Direta","gov.pt, Autoridade Tributária, Segurança Social, or Autenticação.gov as applicable","1","annual_candidate"
"2026-11-18","08:30","1","driving_transport","edge_case","IUC payment timing: mistakes, exceptions and edge cases","drivers and commuters","medium","evergreen","none","IUC | Imposto Único de Circulação","IMT | carta de condução | IUC | veículo | Via Verde","IMT, Autoridade Tributária, gov.pt, or Diário da República","1","annual_candidate"
"2026-11-18","11:30","2","citizenship_civil","audience","Apostilles and foreign documents for residents building a long-term life","residents building a long-term life","high","evergreen","none","apostilles foreign documents","IRN | cidadania | nacionalidade | registo civil | Nascer Cidadão","IRN, gov.pt, or Diário da República","2","annual_candidate"
"2026-11-18","14:30","3","housing_property","golden_tip","Rental income records: one golden tip and what to verify","renters and property owners","high","evergreen","none","arrendamento | contrato de arrendamento","arrendamento | IMI | AIMI | IMT | imóvel | habitação","Autoridade Tributária, gov.pt, Diário da República, or the responsible municipality","1","annual_candidate"
"2026-11-18","18:00","4","education_children","foundation","NEWS RESERVE — fallback: National-exam administration: a plain-English explanation","families and students","medium","news_flex","breaking_news","national administration","matrícula escolar | educação | equivalência | reconhecimento | MEGA","Official-source verification required; otherwise use fallback","1","annual_candidate"
"2026-11-18","21:00","5","health_family","action","Healthcare for children: a practical step-by-step checklist","individuals and families","medium","evergreen","none","healthcare children","SNS | centro de saúde | médico de família | nascimento | família","SNS, SNS 24, gov.pt, or Diário da República","2","annual_candidate"
"2026-11-19","08:30","1","identity_access","audience","Changing the address linked to your NIF for new residents","new residents","medium","evergreen","none","NIF | número de identificação fiscal","NIF | NISS | Chave Móvel Digital | Portal das Finanças | Segurança Social Direta","gov.pt, Autoridade Tributária, Segurança Social, or Autenticação.gov as applicable","1","annual_candidate"
"2026-11-19","11:30","2","irs","golden_tip","Freelance income and IRS: one golden tip and what to verify","people filing personal income tax","high","evergreen","none","IRS | Imposto sobre o Rendimento das Pessoas Singulares","IRS | Modelo 3 | e-Fatura | Anexo J | IRS Automático","Autoridade Tributária or Diário da República","1","annual_candidate"
"2026-11-19","14:30","3","health_family","foundation","Parental-leave administration: a plain-English explanation","individuals and families","medium","evergreen","none","arrendamento | contrato de arrendamento","SNS | centro de saúde | médico de família | nascimento | família","SNS, SNS 24, gov.pt, or Diário da República","2","annual_candidate"
"2026-11-19","18:00","4","immigration_residency","action","NEWS RESERVE — fallback: When an application file is incomplete: a practical step-by-step checklist","international residents","high","news_flex","breaking_news","application incomplete","AIMA | autorização de residência | visto | reagrupamento familiar | CPLP","Official-source verification required; otherwise use fallback","1","annual_candidate"
"2026-11-19","21:00","5","driving_transport","edge_case","Exchanging an EU driving licence: mistakes, exceptions and edge cases","drivers and commuters","medium","evergreen","none","carta de condução | IMT","IMT | carta de condução | IUC | veículo | Via Verde","IMT, Autoridade Tributária, gov.pt, or Diário da República","1","annual_candidate"
"2026-11-20","08:30","1","freelance_business","golden_tip","Proof to retain after opening activity: one golden tip and what to verify","freelancers and solo founders","high","evergreen","none","proof retain opening","trabalhador independente | abrir atividade | recibos verdes | CAE | CIRS","Autoridade Tributária, Segurança Social, gov.pt, or Diário da República","1","annual_candidate"
"2026-11-20","11:30","2","banking_money","foundation","Closing a bank account: a plain-English explanation","people managing money in Portugal","medium","evergreen","none","Banco de Portugal | IBAN | SEPA","Banco de Portugal | SEPA | conta bancária | IBAN | crédito","Banco de Portugal, European Central Bank, or gov.pt","1","annual_candidate"
"2026-11-20","14:30","3","daily_life_consumer","action","Reading an electricity bill: a practical step-by-step checklist","everyone living in Portugal","low","evergreen","none","reading electricity","ePortugal | Livro de Reclamações | ANACOM | energia | telecomunicações","gov.pt, Direção-Geral do Consumidor, ANACOM, ERSE, or the responsible municipality","2","annual_candidate"
"2026-11-20","18:00","4","iva","edge_case","NEWS RESERVE — fallback: IVA after ceasing activity: mistakes, exceptions and edge cases","freelancers and small businesses","high","news_flex","breaking_news","IVA | Imposto sobre o Valor Acrescentado","IVA | CIVA | artigo 53 | declaração periódica | VIES","Official-source verification required; otherwise use fallback","2","annual_candidate"
"2026-11-20","21:00","5","employment","audience","Gross salary versus take-home pay for employees and job seekers","employees and job seekers","medium","evergreen","none","contrato de trabalho | Código do Trabalho","contrato de trabalho | emprego | salário | férias | desemprego","ACT, Segurança Social, IEFP, gov.pt, or Diário da República","2","annual_candidate"
"2026-11-21","08:30","1","social_security","foundation","Social Security contribution exemptions: a plain-English explanation","workers and freelancers","high","evergreen","none","Segurança Social | declaração trimestral","Segurança Social | declaração trimestral | contribuições | NISS | desemprego","Segurança Social, gov.pt, or Diário da República","1","annual_candidate"
"2026-11-21","11:30","2","driving_transport","action","Using a foreign driving licence in Portugal: a practical step-by-step checklist","drivers and commuters","medium","evergreen","none","carta de condução | IMT","IMT | carta de condução | IUC | veículo | Via Verde","IMT, Autoridade Tributária, gov.pt, or Diário da República","1","annual_candidate"
"2026-11-21","14:30","3","citizenship_civil","edge_case","Nascer Cidadão service: mistakes, exceptions and edge cases","residents building a long-term life","high","evergreen","none","nascer cidadão service | Nascer Cidadão","IRN | cidadania | nacionalidade | registo civil | Nascer Cidadão","IRN, gov.pt, or Diário da República","1","annual_candidate"
"2026-11-21","18:00","4","education_children","audience","NEWS RESERVE — fallback: Recognising a foreign degree for families and students","families and students","medium","news_flex","breaking_news","recognising foreign degree","matrícula escolar | educação | equivalência | reconhecimento | MEGA","Official-source verification required; otherwise use fallback","1","annual_candidate"
"2026-11-21","21:00","5","education_children","golden_tip","Renewing school enrolment: one golden tip and what to verify","families and students","medium","evergreen","none","matrículas | Portal das Matrículas | educação","matrícula escolar | educação | equivalência | reconhecimento | MEGA","Direção-Geral da Educação, DGES, gov.pt, or Diário da República","1","annual_candidate"
"2026-11-22","08:30","1","employment","action","Keeping employment documents: a practical step-by-step checklist","employees and job seekers","medium","evergreen","none","keeping employment documents","contrato de trabalho | emprego | salário | férias | desemprego","ACT, Segurança Social, IEFP, gov.pt, or Diário da República","1","annual_candidate"
"2026-11-22","11:30","2","identity_access","edge_case","Activating Chave Móvel Digital: mistakes, exceptions and edge cases","new residents","medium","evergreen","none","Chave Móvel Digital | autenticação.gov | IVA | Imposto sobre o Valor Acrescentado","NIF | NISS | Chave Móvel Digital | Portal das Finanças | Segurança Social Direta","gov.pt, Autoridade Tributária, Segurança Social, or Autenticação.gov as applicable","1","annual_candidate"
"2026-11-22","14:30","3","irs","audience","IRS Jovem basics for people filing personal income tax","people filing personal income tax","high","evergreen","none","IRS | Imposto sobre o Rendimento das Pessoas Singulares","IRS | Modelo 3 | e-Fatura | Anexo J | IRS Automático","Autoridade Tributária or Diário da República","1","annual_candidate"
"2026-11-22","18:00","4","health_family","golden_tip","NEWS RESERVE — fallback: Requesting or changing a family doctor: one golden tip and what to verify","individuals and families","medium","news_flex","breaking_news","médico de família | SNS","SNS | centro de saúde | médico de família | nascimento | família","Official-source verification required; otherwise use fallback","1","annual_candidate"
"2026-11-22","21:00","5","immigration_residency","foundation","D7 residence route: a plain-English explanation","international residents","high","evergreen","none","AIMA | autorização de residência","AIMA | autorização de residência | visto | reagrupamento familiar | CPLP","AIMA, gov.pt, Diário da República, or IRN as applicable","2","annual_candidate"
"2026-11-23","08:30","1","education_children","edge_case","School-meal and support applications: mistakes, exceptions and edge cases","families and students","medium","evergreen","none","matrículas | Portal das Matrículas | educação","matrícula escolar | educação | equivalência | reconhecimento | MEGA","Direção-Geral da Educação, DGES, gov.pt, or Diário da República","1","annual_candidate"
"2026-11-23","11:30","2","freelance_business","audience","Closing freelance activity for freelancers and solo founders","freelancers and solo founders","high","evergreen","none","closing freelance activity","trabalhador independente | abrir atividade | recibos verdes | CAE | CIRS","Autoridade Tributária, Segurança Social, gov.pt, or Diário da República","2","annual_candidate"
"2026-11-23","14:30","3","banking_money","golden_tip","Currency-conversion costs: one golden tip and what to verify","people managing money in Portugal","medium","evergreen","none","currency conversion costs","Banco de Portugal | SEPA | conta bancária | IBAN | crédito","Banco de Portugal, European Central Bank, or gov.pt","1","annual_candidate"
"2026-11-23","18:00","4","daily_life_consumer","foundation","NEWS RESERVE — fallback: Document-expiry monthly review: a plain-English explanation","everyone living in Portugal","low","news_flex","breaking_news","document expiry monthly","ePortugal | Livro de Reclamações | ANACOM | energia | telecomunicações","Official-source verification required; otherwise use fallback","2","annual_candidate"
"2026-11-23","21:00","5","iva","action","Paying IVA after filing: a practical step-by-step checklist","freelancers and small businesses","high","evergreen","none","IVA | Imposto sobre o Valor Acrescentado","IVA | CIVA | artigo 53 | declaração periódica | VIES","Autoridade Tributária or Diário da República","1","annual_candidate"
"2026-11-24","08:30","1","immigration_residency","audience","Recognising fake appointment websites for international residents","international residents","high","evergreen","none","recognising appointment websites","AIMA | autorização de residência | visto | reagrupamento familiar | CPLP","AIMA, gov.pt, Diário da República, or IRN as applicable","1","annual_candidate"
"2026-11-24","11:30","2","social_security","golden_tip","Parental-benefit basics: one golden tip and what to verify","workers and freelancers","high","evergreen","none","arrendamento | contrato de arrendamento","Segurança Social | declaração trimestral | contribuições | NISS | desemprego","Segurança Social, gov.pt, or Diário da República","1","annual_candidate"
"2026-11-24","14:30","3","driving_transport","foundation","ISV basics: a plain-English explanation","drivers and commuters","medium","evergreen","none","basics","IMT | carta de condução | IUC | veículo | Via Verde","IMT, Autoridade Tributária, gov.pt, or Diário da República","2","annual_candidate"
"2026-11-24","18:00","4","banking_money","action","NEWS RESERVE — fallback: Multibanco payments: a practical step-by-step checklist","people managing money in Portugal","medium","news_flex","breaking_news","Banco de Portugal | IBAN | SEPA","Banco de Portugal | SEPA | conta bancária | IBAN | crédito","Official-source verification required; otherwise use fallback","1","annual_candidate"
"2026-11-24","21:00","5","employment","edge_case","Holiday and Christmas allowances: mistakes, exceptions and edge cases","employees and job seekers","medium","evergreen","none","holiday christmas allowances","contrato de trabalho | emprego | salário | férias | desemprego","ACT, Segurança Social, IEFP, gov.pt, or Diário da República","1","annual_candidate"
"2026-11-25","08:30","1","iva","golden_tip","IVA after ceasing activity: one golden tip and what to verify","freelancers and small businesses","high","evergreen","none","IVA | Imposto sobre o Valor Acrescentado","IVA | CIVA | artigo 53 | declaração periódica | VIES","Autoridade Tributária or Diário da República","1","annual_candidate"
"2026-11-25","11:30","2","employment","foundation","Meal allowance: a plain-English explanation","employees and job seekers","medium","evergreen","none","allowance","contrato de trabalho | emprego | salário | férias | desemprego","ACT, Segurança Social, IEFP, gov.pt, or Diário da República","1","annual_candidate"
"2026-11-25","14:30","3","identity_access","action","What a NISS is: a practical step-by-step checklist","new residents","medium","evergreen","none","NISS | número de identificação da segurança social","NIF | NISS | Chave Móvel Digital | Portal das Finanças | Segurança Social Direta","gov.pt, Autoridade Tributária, Segurança Social, or Autenticação.gov as applicable","1","annual_candidate"
"2026-11-25","18:00","4","irs","edge_case","NEWS RESERVE — fallback: Submitting Modelo 3: mistakes, exceptions and edge cases","people filing personal income tax","high","news_flex","breaking_news","Modelo 3 | declaração de rendimentos","IRS | Modelo 3 | e-Fatura | Anexo J | IRS Automático","Official-source verification required; otherwise use fallback","1","annual_candidate"
"2026-11-25","21:00","5","health_family","audience","Parental-leave administration for individuals and families","individuals and families","medium","evergreen","none","arrendamento | contrato de arrendamento","SNS | centro de saúde | médico de família | nascimento | família","SNS, SNS 24, gov.pt, or Diário da República","2","annual_candidate"
"2026-11-26","08:30","1","housing_property","foundation","Temporary IMI exemptions: a plain-English explanation","renters and property owners","high","evergreen","none","IMI | Imposto Municipal sobre Imóveis","arrendamento | IMI | AIMI | IMT | imóvel | habitação","Autoridade Tributária, gov.pt, Diário da República, or the responsible municipality","1","annual_candidate"
"2026-11-26","11:30","2","education_children","action","Moving schools during the year: a practical step-by-step checklist","families and students","medium","evergreen","none","matrículas | Portal das Matrículas | educação","matrícula escolar | educação | equivalência | reconhecimento | MEGA","Direção-Geral da Educação, DGES, gov.pt, or Diário da República","3","annual_candidate"
"2026-11-26","14:30","3","freelance_business","edge_case","Proof to retain after opening activity: mistakes, exceptions and edge cases","freelancers and solo founders","high","evergreen","none","proof retain opening","trabalhador independente | abrir atividade | recibos verdes | CAE | CIRS","Autoridade Tributária, Segurança Social, gov.pt, or Diário da República","1","annual_candidate"
"2026-11-26","18:00","4","banking_money","audience","NEWS RESERVE — fallback: Paying the state through Multibanco for people managing money in Portugal","people managing money in Portugal","medium","news_flex","breaking_news","Banco de Portugal | IBAN | SEPA","Banco de Portugal | SEPA | conta bancária | IBAN | crédito","Official-source verification required; otherwise use fallback","1","annual_candidate"
"2026-11-26","21:00","5","daily_life_consumer","golden_tip","Using the electronic complaints book: one golden tip and what to verify","everyone living in Portugal","low","evergreen","none","Livro de Reclamações | Direção-Geral do Consumidor","ePortugal | Livro de Reclamações | ANACOM | energia | telecomunicações","gov.pt, Direção-Geral do Consumidor, ANACOM, ERSE, or the responsible municipality","2","annual_candidate"
"2026-11-27","08:30","1","health_family","action","Registering at a health centre: a practical step-by-step checklist","individuals and families","medium","evergreen","none","registering health centre","SNS | centro de saúde | médico de família | nascimento | família","SNS, SNS 24, gov.pt, or Diário da República","2","annual_candidate"
"2026-11-27","11:30","2","immigration_residency","edge_case","D7 residence route: mistakes, exceptions and edge cases","international residents","high","evergreen","none","AIMA | autorização de residência","AIMA | autorização de residência | visto | reagrupamento familiar | CPLP","AIMA, gov.pt, Diário da República, or IRN as applicable","1","annual_candidate"
"2026-11-27","14:30","3","social_security","audience","Calculating relevant self-employed income for workers and freelancers","workers and freelancers","high","evergreen","none","calculating relevant employed","Segurança Social | declaração trimestral | contribuições | NISS | desemprego","Segurança Social, gov.pt, or Diário da República","1","annual_candidate"
"2026-11-27","18:00","4","driving_transport","golden_tip","NEWS RESERVE — fallback: Changing the address on vehicle records: one golden tip and what to verify","drivers and commuters","medium","news_flex","breaking_news","changing address vehicle","IMT | carta de condução | IUC | veículo | Via Verde","Official-source verification required; otherwise use fallback","2","annual_candidate"
"2026-11-27","21:00","5","education_children","foundation","School-meal and support applications: a plain-English explanation","families and students","medium","evergreen","none","matrículas | Portal das Matrículas | educação","matrícula escolar | educação | equivalência | reconhecimento | MEGA","Direção-Geral da Educação, DGES, gov.pt, or Diário da República","2","annual_candidate"
"2026-11-28","08:30","1","daily_life_consumer","edge_case","Document-expiry monthly review: mistakes, exceptions and edge cases","everyone living in Portugal","low","evergreen","none","document expiry monthly","ePortugal | Livro de Reclamações | ANACOM | energia | telecomunicações","gov.pt, Direção-Geral do Consumidor, ANACOM, ERSE, or the responsible municipality","1","annual_candidate"
"2026-11-28","11:30","2","iva","audience","Quarterly IVA declaration basics for freelancers and small businesses","freelancers and small businesses","high","evergreen","none","IVA | Imposto sobre o Valor Acrescentado","IVA | CIVA | artigo 53 | declaração periódica | VIES","Autoridade Tributária or Diário da República","2","annual_candidate"
"2026-11-28","14:30","3","employment","golden_tip","Sick leave steps: one golden tip and what to verify","employees and job seekers","medium","evergreen","none","leave steps","contrato de trabalho | emprego | salário | férias | desemprego","ACT, Segurança Social, IEFP, gov.pt, or Diário da República","2","annual_candidate"
"2026-11-28","18:00","4","identity_access","foundation","NEWS RESERVE — fallback: Keeping digital copies of Portuguese documents: a plain-English explanation","new residents","medium","news_flex","breaking_news","keeping digital copies","NIF | NISS | Chave Móvel Digital | Portal das Finanças | Segurança Social Direta","Official-source verification required; otherwise use fallback","1","annual_candidate"
"2026-11-28","21:00","5","irs","action","Receiving an IRS assessment: a practical step-by-step checklist","people filing personal income tax","high","evergreen","none","IRS | Imposto sobre o Rendimento das Pessoas Singulares","IRS | Modelo 3 | e-Fatura | Anexo J | IRS Automático","Autoridade Tributária or Diário da República","1","annual_candidate"
"2026-11-29","08:30","1","citizenship_civil","audience","Requesting Portuguese civil certificates for residents building a long-term life","residents building a long-term life","high","evergreen","none","requesting civil certificates","IRN | cidadania | nacionalidade | registo civil | Nascer Cidadão","IRN, gov.pt, or Diário da República","1","annual_candidate"
"2026-11-29","11:30","2","housing_property","golden_tip","Selling a Portuguese property: one golden tip and what to verify","renters and property owners","high","evergreen","none","selling property","arrendamento | IMI | AIMI | IMT | imóvel | habitação","Autoridade Tributária, gov.pt, Diário da República, or the responsible municipality","1","annual_candidate"
"2026-11-29","14:30","3","education_children","foundation","School calendar basics: a plain-English explanation","families and students","medium","evergreen","none","matrículas | Portal das Matrículas | educação","matrícula escolar | educação | equivalência | reconhecimento | MEGA","Direção-Geral da Educação, DGES, gov.pt, or Diário da República","1","annual_candidate"
"2026-11-29","18:00","4","daily_life_consumer","action","NEWS RESERVE — fallback: Finding English-language official help: a practical step-by-step checklist","everyone living in Portugal","low","news_flex","breaking_news","finding language official","ePortugal | Livro de Reclamações | ANACOM | energia | telecomunicações","Official-source verification required; otherwise use fallback","1","annual_candidate"
"2026-11-29","21:00","5","banking_money","edge_case","Credit reports at Banco de Portugal: mistakes, exceptions and edge cases","people managing money in Portugal","medium","evergreen","none","credit reports banco | Banco de Portugal","Banco de Portugal | SEPA | conta bancária | IBAN | crédito","Banco de Portugal, European Central Bank, or gov.pt","1","annual_candidate"
"2026-11-30","08:30","1","irs","golden_tip","Foreign bank accounts in Anexo J: one golden tip and what to verify","people filing personal income tax","high","evergreen","none","Banco de Portugal | IBAN | SEPA | Anexo J","IRS | Modelo 3 | e-Fatura | Anexo J | IRS Automático","Autoridade Tributária or Diário da República","1","annual_candidate"
"2026-11-30","11:30","2","health_family","foundation","Pregnancy and birth administration: a plain-English explanation","individuals and families","medium","evergreen","none","pregnancy birth administration","SNS | centro de saúde | médico de família | nascimento | família","SNS, SNS 24, gov.pt, or Diário da República","1","annual_candidate"
"2026-11-30","14:30","3","immigration_residency","action","Checking AIMA fees safely: a practical step-by-step checklist","international residents","high","evergreen","none","AIMA | autorização de residência","AIMA | autorização de residência | visto | reagrupamento familiar | CPLP","AIMA, gov.pt, Diário da República, or IRN as applicable","2","annual_candidate"
"2026-11-30","18:00","4","identity_access","edge_case","NEWS RESERVE — fallback: What a Portuguese NIF is: mistakes, exceptions and edge cases","new residents","medium","news_flex","breaking_news","NIF | número de identificação fiscal","NIF | NISS | Chave Móvel Digital | Portal das Finanças | Segurança Social Direta","Official-source verification required; otherwise use fallback","1","annual_candidate"
"2026-11-30","21:00","5","driving_transport","audience","Checking vehicle documents for drivers and commuters","drivers and commuters","medium","evergreen","none","checking vehicle documents","IMT | carta de condução | IUC | veículo | Via Verde","IMT, Autoridade Tributária, gov.pt, or Diário da República","2","annual_candidate"
"2026-12-01","08:30","1","banking_money","foundation","Changing banks: a plain-English explanation","people managing money in Portugal","medium","evergreen","none","Banco de Portugal | IBAN | SEPA","Banco de Portugal | SEPA | conta bancária | IBAN | crédito","Banco de Portugal, European Central Bank, or gov.pt","1","annual_candidate"
"2026-12-01","11:30","2","daily_life_consumer","action","Changing electricity supplier: a practical step-by-step checklist","everyone living in Portugal","low","evergreen","none","changing electricity supplier","ePortugal | Livro de Reclamações | ANACOM | energia | telecomunicações","gov.pt, Direção-Geral do Consumidor, ANACOM, ERSE, or the responsible municipality","1","annual_candidate"
"2026-12-01","14:30","3","iva","edge_case","Keeping IVA evidence: mistakes, exceptions and edge cases","freelancers and small businesses","high","evergreen","none","IVA | Imposto sobre o Valor Acrescentado","IVA | CIVA | artigo 53 | declaração periódica | VIES","Autoridade Tributária or Diário da República","1","annual_candidate"
"2026-12-01","18:00","4","employment","audience","NEWS RESERVE — fallback: Reading a Portuguese employment contract for employees and job seekers","employees and job seekers","medium","news_flex","breaking_news","contrato de trabalho | Código do Trabalho","contrato de trabalho | emprego | salário | férias | desemprego","Official-source verification required; otherwise use fallback","2","annual_candidate"
"2026-12-01","21:00","5","identity_access","golden_tip","Recovering Portal das Finanças access: one golden tip and what to verify","new residents","medium","evergreen","none","recovering portal finanças | Portal das Finanças","NIF | NISS | Chave Móvel Digital | Portal das Finanças | Segurança Social Direta","gov.pt, Autoridade Tributária, Segurança Social, or Autenticação.gov as applicable","2","annual_candidate"
"2026-12-02","08:30","1","driving_transport","action","Changing the address on vehicle records: a practical step-by-step checklist","drivers and commuters","medium","evergreen","none","changing address vehicle","IMT | carta de condução | IUC | veículo | Via Verde","IMT, Autoridade Tributária, gov.pt, or Diário da República","1","annual_candidate"
"2026-12-02","11:30","2","citizenship_civil","edge_case","Counting legal residence time: mistakes, exceptions and edge cases","residents building a long-term life","high","evergreen","none","AIMA | autorização de residência","IRN | cidadania | nacionalidade | registo civil | Nascer Cidadão","IRN, gov.pt, or Diário da República","2","annual_candidate"
"2026-12-02","14:30","3","housing_property","audience","Security deposits and records for renters and property owners","renters and property owners","high","evergreen","none","arrendamento | contrato de arrendamento","arrendamento | IMI | AIMI | IMT | imóvel | habitação","Autoridade Tributária, gov.pt, Diário da República, or the responsible municipality","1","annual_candidate"
"2026-12-02","18:00","4","education_children","golden_tip","NEWS RESERVE — fallback: School-enrolment documents: one golden tip and what to verify","families and students","medium","news_flex","breaking_news","matrículas | Portal das Matrículas | educação","matrícula escolar | educação | equivalência | reconhecimento | MEGA","Official-source verification required; otherwise use fallback","2","annual_candidate"
"2026-12-02","21:00","5","health_family","foundation","Health-fee exemptions: a plain-English explanation","individuals and families","medium","evergreen","none","health exemptions","SNS | centro de saúde | médico de família | nascimento | família","SNS, SNS 24, gov.pt, or Diário da República","2","annual_candidate"
"2026-12-03","08:30","1","identity_access","edge_case","What Chave Móvel Digital does: mistakes, exceptions and edge cases","new residents","medium","evergreen","none","Chave Móvel Digital | autenticação.gov","NIF | NISS | Chave Móvel Digital | Portal das Finanças | Segurança Social Direta","gov.pt, Autoridade Tributária, Segurança Social, or Autenticação.gov as applicable","1","annual_candidate"
"2026-12-03","11:30","2","irs","audience","What to do after missing the filing window for people filing personal income tax","people filing personal income tax","high","evergreen","none","IRS | Imposto sobre o Rendimento das Pessoas Singulares","IRS | Modelo 3 | e-Fatura | Anexo J | IRS Automático","Autoridade Tributária or Diário da República","1","annual_candidate"
"2026-12-03","14:30","3","health_family","golden_tip","Registering at a health centre: one golden tip and what to verify","individuals and families","medium","evergreen","none","registering health centre","SNS | centro de saúde | médico de família | nascimento | família","SNS, SNS 24, gov.pt, or Diário da República","2","annual_candidate"
"2026-12-03","18:00","4","immigration_residency","foundation","NEWS RESERVE — fallback: Family reunification basics: a plain-English explanation","international residents","high","news_flex","breaking_news","AIMA | autorização de residência","AIMA | autorização de residência | visto | reagrupamento familiar | CPLP","Official-source verification required; otherwise use fallback","1","annual_candidate"
"2026-12-03","21:00","5","driving_transport","action","ISV basics: a practical step-by-step checklist","drivers and commuters","medium","evergreen","none","basics","IMT | carta de condução | IUC | veículo | Via Verde","IMT, Autoridade Tributária, gov.pt, or Diário da República","1","annual_candidate"
"2026-12-04","08:30","1","freelance_business","audience","Invoice, invoice-receipt and receipt differences for freelancers and solo founders","freelancers and solo founders","high","evergreen","none","invoice invoice receipt","trabalhador independente | abrir atividade | recibos verdes | CAE | CIRS","Autoridade Tributária, Segurança Social, gov.pt, or Diário da República","1","annual_candidate"
"2026-12-04","11:30","2","banking_money","golden_tip","Deposit protection basics: one golden tip and what to verify","people managing money in Portugal","medium","evergreen","none","deposit protection basics","Banco de Portugal | SEPA | conta bancária | IBAN | crédito","Banco de Portugal, European Central Bank, or gov.pt","1","annual_candidate"
"2026-12-04","14:30","3","daily_life_consumer","foundation","Preventing identity-document scams: a plain-English explanation","everyone living in Portugal","low","evergreen","none","preventing identity document","ePortugal | Livro de Reclamações | ANACOM | energia | telecomunicações","gov.pt, Direção-Geral do Consumidor, ANACOM, ERSE, or the responsible municipality","2","annual_candidate"
"2026-12-04","18:00","4","iva","action","NEWS RESERVE — fallback: Monthly versus quarterly IVA: a practical step-by-step checklist","freelancers and small businesses","high","news_flex","breaking_news","IVA | Imposto sobre o Valor Acrescentado","IVA | CIVA | artigo 53 | declaração periódica | VIES","Official-source verification required; otherwise use fallback","2","annual_candidate"
"2026-12-04","21:00","5","employment","edge_case","Annual leave basics: mistakes, exceptions and edge cases","employees and job seekers","medium","evergreen","none","annual leave basics","contrato de trabalho | emprego | salário | férias | desemprego","ACT, Segurança Social, IEFP, gov.pt, or Diário da República","2","annual_candidate"
"2026-12-05","08:30","1","social_security","golden_tip","Sickness-benefit basics: one golden tip and what to verify","workers and freelancers","high","evergreen","none","sickness benefit basics","Segurança Social | declaração trimestral | contribuições | NISS | desemprego","Segurança Social, gov.pt, or Diário da República","1","annual_candidate"
"2026-12-05","11:30","2","driving_transport","foundation","Registering an imported vehicle: a plain-English explanation","drivers and commuters","medium","evergreen","none","registering imported vehicle","IMT | carta de condução | IUC | veículo | Via Verde","IMT, Autoridade Tributária, gov.pt, or Diário da República","1","annual_candidate"
"2026-12-05","14:30","3","citizenship_civil","action","Citizenship scams and unrealistic promises: a practical step-by-step checklist","residents building a long-term life","high","evergreen","none","citizenship scams unrealistic","IRN | cidadania | nacionalidade | registo civil | Nascer Cidadão","IRN, gov.pt, or Diário da República","1","annual_candidate"
"2026-12-05","18:00","4","education_children","edge_case","NEWS RESERVE — fallback: Renewing school enrolment: mistakes, exceptions and edge cases","families and students","medium","news_flex","breaking_news","matrículas | Portal das Matrículas | educação","matrícula escolar | educação | equivalência | reconhecimento | MEGA","Official-source verification required; otherwise use fallback","2","annual_candidate"
"2026-12-05","21:00","5","education_children","audience","Applying to Portuguese higher education for families and students","families and students","medium","evergreen","none","matrículas | Portal das Matrículas | educação","matrícula escolar | educação | equivalência | reconhecimento | MEGA","Direção-Geral da Educação, DGES, gov.pt, or Diário da República","2","annual_candidate"
"2026-12-06","08:30","1","employment","foundation","Reading a Portuguese employment contract: a plain-English explanation","employees and job seekers","medium","evergreen","none","contrato de trabalho | Código do Trabalho","contrato de trabalho | emprego | salário | férias | desemprego","ACT, Segurança Social, IEFP, gov.pt, or Diário da República","1","annual_candidate"
"2026-12-06","11:30","2","identity_access","action","Changing the address linked to your NIF: a practical step-by-step checklist","new residents","medium","evergreen","none","NIF | número de identificação fiscal","NIF | NISS | Chave Móvel Digital | Portal das Finanças | Segurança Social Direta","gov.pt, Autoridade Tributária, Segurança Social, or Autenticação.gov as applicable","2","annual_candidate"
"2026-12-06","14:30","3","irs","edge_case","Validating e-Fatura expenses: mistakes, exceptions and edge cases","people filing personal income tax","high","evergreen","none","e-Fatura | faturas","IRS | Modelo 3 | e-Fatura | Anexo J | IRS Automático","Autoridade Tributária or Diário da República","1","annual_candidate"
"2026-12-06","18:00","4","health_family","audience","NEWS RESERVE — fallback: Pregnancy and birth administration for individuals and families","individuals and families","medium","news_flex","breaking_news","pregnancy birth administration","SNS | centro de saúde | médico de família | nascimento | família","Official-source verification required; otherwise use fallback","1","annual_candidate"
"2026-12-06","21:00","5","immigration_residency","golden_tip","Replacing a lost residence document: one golden tip and what to verify","international residents","high","evergreen","none","AIMA | autorização de residência","AIMA | autorização de residência | visto | reagrupamento familiar | CPLP","AIMA, gov.pt, Diário da República, or IRN as applicable","2","annual_candidate"
"2026-12-07","08:30","1","education_children","action","Student residence administration: a practical step-by-step checklist","families and students","medium","evergreen","none","AIMA | autorização de residência","matrícula escolar | educação | equivalência | reconhecimento | MEGA","Direção-Geral da Educação, DGES, gov.pt, or Diário da República","1","annual_candidate"
"2026-12-07","11:30","2","freelance_business","edge_case","Invoicing foreign clients: mistakes, exceptions and edge cases","freelancers and solo founders","high","evergreen","none","invoicing foreign clients","trabalhador independente | abrir atividade | recibos verdes | CAE | CIRS","Autoridade Tributária, Segurança Social, gov.pt, or Diário da República","1","annual_candidate"
"2026-12-07","14:30","3","banking_money","audience","Multibanco payments for people managing money in Portugal","people managing money in Portugal","medium","evergreen","none","Banco de Portugal | IBAN | SEPA","Banco de Portugal | SEPA | conta bancária | IBAN | crédito","Banco de Portugal, European Central Bank, or gov.pt","1","annual_candidate"
"2026-12-07","18:00","4","daily_life_consumer","golden_tip","NEWS RESERVE — fallback: Booking public-service appointments: one golden tip and what to verify","everyone living in Portugal","low","news_flex","breaking_news","booking public service","ePortugal | Livro de Reclamações | ANACOM | energia | telecomunicações","Official-source verification required; otherwise use fallback","2","annual_candidate"
"2026-12-07","21:00","5","iva","foundation","IVA when buying business services abroad: a plain-English explanation","freelancers and small businesses","high","evergreen","none","IVA | Imposto sobre o Valor Acrescentado","IVA | CIVA | artigo 53 | declaração periódica | VIES","Autoridade Tributária or Diário da República","2","annual_candidate"
"2026-12-08","08:30","1","immigration_residency","edge_case","Using the AIMA renewals portal: mistakes, exceptions and edge cases","international residents","high","evergreen","none","AIMA | autorização de residência","AIMA | autorização de residência | visto | reagrupamento familiar | CPLP","AIMA, gov.pt, Diário da República, or IRN as applicable","1","annual_candidate"
"2026-12-08","11:30","2","social_security","audience","Correcting a quarterly declaration for workers and freelancers","workers and freelancers","high","evergreen","none","Segurança Social | declaração trimestral","Segurança Social | declaração trimestral | contribuições | NISS | desemprego","Segurança Social, gov.pt, or Diário da República","1","annual_candidate"
"2026-12-08","14:30","3","driving_transport","golden_tip","Vehicle inspection timing: one golden tip and what to verify","drivers and commuters","medium","evergreen","none","vehicle inspection timing","IMT | carta de condução | IUC | veículo | Via Verde","IMT, Autoridade Tributária, gov.pt, or Diário da República","2","annual_candidate"
"2026-12-08","18:00","4","banking_money","foundation","NEWS RESERVE — fallback: Keeping proof of bank transfers: a plain-English explanation","people managing money in Portugal","medium","news_flex","breaking_news","Banco de Portugal | IBAN | SEPA","Banco de Portugal | SEPA | conta bancária | IBAN | crédito","Official-source verification required; otherwise use fallback","1","annual_candidate"
"2026-12-08","21:00","5","employment","action","Sick leave steps: a practical step-by-step checklist","employees and job seekers","medium","evergreen","none","leave steps","contrato de trabalho | emprego | salário | férias | desemprego","ACT, Segurança Social, IEFP, gov.pt, or Diário da República","1","annual_candidate"
"2026-12-09","08:30","1","iva","audience","Monthly versus quarterly IVA for freelancers and small businesses","freelancers and small businesses","high","evergreen","none","IVA | Imposto sobre o Valor Acrescentado","IVA | CIVA | artigo 53 | declaração periódica | VIES","Autoridade Tributária or Diário da República","1","annual_candidate"
"2026-12-09","11:30","2","employment","golden_tip","Public holidays and work: one golden tip and what to verify","employees and job seekers","medium","evergreen","none","public holidays","contrato de trabalho | emprego | salário | férias | desemprego","ACT, Segurança Social, IEFP, gov.pt, or Diário da República","1","annual_candidate"
"2026-12-09","14:30","3","identity_access","foundation","Using gov.pt authentication: a plain-English explanation","new residents","medium","evergreen","none","using authentication","NIF | NISS | Chave Móvel Digital | Portal das Finanças | Segurança Social Direta","gov.pt, Autoridade Tributária, Segurança Social, or Autenticação.gov as applicable","1","annual_candidate"
"2026-12-09","18:00","4","irs","action","NEWS RESERVE — fallback: Capital gains basics: a practical step-by-step checklist","people filing personal income tax","high","news_flex","breaking_news","capital gains basics","IRS | Modelo 3 | e-Fatura | Anexo J | IRS Automático","Official-source verification required; otherwise use fallback","1","annual_candidate"
"2026-12-09","21:00","5","health_family","edge_case","Registering at a health centre: mistakes, exceptions and edge cases","individuals and families","medium","evergreen","none","registering health centre","SNS | centro de saúde | médico de família | nascimento | família","SNS, SNS 24, gov.pt, or Diário da República","2","annual_candidate"
"2026-12-10","08:30","1","housing_property","golden_tip","Buying a primary residence: one golden tip and what to verify","renters and property owners","high","evergreen","none","AIMA | autorização de residência","arrendamento | IMI | AIMI | IMT | imóvel | habitação","Autoridade Tributária, gov.pt, Diário da República, or the responsible municipality","1","annual_candidate"
"2026-12-10","11:30","2","education_children","foundation","School-meal and support applications: a plain-English explanation","families and students","medium","evergreen","none","matrículas | Portal das Matrículas | educação","matrícula escolar | educação | equivalência | reconhecimento | MEGA","Direção-Geral da Educação, DGES, gov.pt, or Diário da República","3","annual_candidate"
"2026-12-10","14:30","3","freelance_business","action","Invoice, invoice-receipt and receipt differences: a practical step-by-step checklist","freelancers and solo founders","high","evergreen","none","invoice invoice receipt","trabalhador independente | abrir atividade | recibos verdes | CAE | CIRS","Autoridade Tributária, Segurança Social, gov.pt, or Diário da República","1","annual_candidate"
"2026-12-10","18:00","4","banking_money","edge_case","NEWS RESERVE — fallback: Avoiding payment-reference scams: mistakes, exceptions and edge cases","people managing money in Portugal","medium","news_flex","breaking_news","avoiding payment reference","Banco de Portugal | SEPA | conta bancária | IBAN | crédito","Official-source verification required; otherwise use fallback","1","annual_candidate"
"2026-12-10","21:00","5","daily_life_consumer","audience","Keeping proof of cancellation for everyone living in Portugal","everyone living in Portugal","low","evergreen","none","keeping proof cancellation","ePortugal | Livro de Reclamações | ANACOM | energia | telecomunicações","gov.pt, Direção-Geral do Consumidor, ANACOM, ERSE, or the responsible municipality","2","annual_candidate"
"2026-12-11","08:30","1","health_family","foundation","Vaccination records: a plain-English explanation","individuals and families","medium","evergreen","none","vaccination records","SNS | centro de saúde | médico de família | nascimento | família","SNS, SNS 24, gov.pt, or Diário da República","2","annual_candidate"
"2026-12-11","11:30","2","immigration_residency","action","Replacing a lost residence document: a practical step-by-step checklist","international residents","high","evergreen","none","AIMA | autorização de residência","AIMA | autorização de residência | visto | reagrupamento familiar | CPLP","AIMA, gov.pt, Diário da República, or IRN as applicable","1","annual_candidate"
"2026-12-11","14:30","3","social_security","edge_case","Voluntary Social Security: mistakes, exceptions and edge cases","workers and freelancers","high","evergreen","none","Segurança Social | declaração trimestral","Segurança Social | declaração trimestral | contribuições | NISS | desemprego","Segurança Social, gov.pt, or Diário da República","1","annual_candidate"
"2026-12-11","18:00","4","driving_transport","audience","NEWS RESERVE — fallback: Buying a used car for drivers and commuters","drivers and commuters","medium","news_flex","breaking_news","buying","IMT | carta de condução | IUC | veículo | Via Verde","Official-source verification required; otherwise use fallback","2","annual_candidate"
"2026-12-11","21:00","5","education_children","golden_tip","Student residence administration: one golden tip and what to verify","families and students","medium","evergreen","none","AIMA | autorização de residência","matrícula escolar | educação | equivalência | reconhecimento | MEGA","Direção-Geral da Educação, DGES, gov.pt, or Diário da República","2","annual_candidate"
"2026-12-12","08:30","1","daily_life_consumer","action","Booking public-service appointments: a practical step-by-step checklist","everyone living in Portugal","low","evergreen","none","booking public service","ePortugal | Livro de Reclamações | ANACOM | energia | telecomunicações","gov.pt, Direção-Geral do Consumidor, ANACOM, ERSE, or the responsible municipality","1","annual_candidate"
"2026-12-12","11:30","2","iva","edge_case","IVA on digital services: mistakes, exceptions and edge cases","freelancers and small businesses","high","evergreen","none","IVA | Imposto sobre o Valor Acrescentado","IVA | CIVA | artigo 53 | declaração periódica | VIES","Autoridade Tributária or Diário da República","2","annual_candidate"
"2026-12-12","14:30","3","employment","audience","Employee plus freelance income for employees and job seekers","employees and job seekers","medium","evergreen","none","contrato de trabalho | Código do Trabalho","contrato de trabalho | emprego | salário | férias | desemprego","ACT, Segurança Social, IEFP, gov.pt, or Diário da República","2","annual_candidate"
"2026-12-12","18:00","4","identity_access","golden_tip","NEWS RESERVE — fallback: What a NISS is: one golden tip and what to verify","new residents","medium","news_flex","breaking_news","NISS | número de identificação da segurança social","NIF | NISS | Chave Móvel Digital | Portal das Finanças | Segurança Social Direta","Official-source verification required; otherwise use fallback","1","annual_candidate"
"2026-12-12","21:00","5","irs","foundation","What Portuguese IRS is: a plain-English explanation","people filing personal income tax","high","evergreen","none","IRS | Imposto sobre o Rendimento das Pessoas Singulares","IRS | Modelo 3 | e-Fatura | Anexo J | IRS Automático","Autoridade Tributária or Diário da República","1","annual_candidate"
"2026-12-13","08:30","1","citizenship_civil","edge_case","Portuguese citizenship document checklist: mistakes, exceptions and edge cases","residents building a long-term life","high","evergreen","none","citizenship document","IRN | cidadania | nacionalidade | registo civil | Nascer Cidadão","IRN, gov.pt, or Diário da República","1","annual_candidate"
"2026-12-13","11:30","2","housing_property","audience","Rental receipts for renters and property owners","renters and property owners","high","evergreen","none","arrendamento | contrato de arrendamento","arrendamento | IMI | AIMI | IMT | imóvel | habitação","Autoridade Tributária, gov.pt, Diário da República, or the responsible municipality","1","annual_candidate"
"2026-12-13","14:30","3","education_children","golden_tip","Enrolling a child in a Portuguese school: one golden tip and what to verify","families and students","medium","evergreen","none","matrículas | Portal das Matrículas | educação","matrícula escolar | educação | equivalência | reconhecimento | MEGA","Direção-Geral da Educação, DGES, gov.pt, or Diário da República","1","annual_candidate"
"2026-12-13","18:00","4","daily_life_consumer","foundation","NEWS RESERVE — fallback: Reading an electricity bill: a plain-English explanation","everyone living in Portugal","low","news_flex","breaking_news","reading electricity","ePortugal | Livro de Reclamações | ANACOM | energia | telecomunicações","Official-source verification required; otherwise use fallback","1","annual_candidate"
"2026-12-13","21:00","5","banking_money","action","Resident versus non-resident bank accounts: a practical step-by-step checklist","people managing money in Portugal","medium","evergreen","none","Banco de Portugal | IBAN | SEPA","Banco de Portugal | SEPA | conta bancária | IBAN | crédito","Banco de Portugal, European Central Bank, or gov.pt","1","annual_candidate"
"2026-12-14","08:30","1","irs","audience","Paying an IRS balance for people filing personal income tax","people filing personal income tax","high","evergreen","none","IRS | Imposto sobre o Rendimento das Pessoas Singulares","IRS | Modelo 3 | e-Fatura | Anexo J | IRS Automático","Autoridade Tributária or Diário da República","1","annual_candidate"
"2026-12-14","11:30","2","health_family","golden_tip","Registering with the SNS: one golden tip and what to verify","individuals and families","medium","evergreen","none","registering | SNS","SNS | centro de saúde | médico de família | nascimento | família","SNS, SNS 24, gov.pt, or Diário da República","1","annual_candidate"
"2026-12-14","14:30","3","immigration_residency","foundation","Residence renewal preparation: a plain-English explanation","international residents","high","evergreen","none","AIMA | autorização de residência","AIMA | autorização de residência | visto | reagrupamento familiar | CPLP","AIMA, gov.pt, Diário da República, or IRN as applicable","2","annual_candidate"
"2026-12-14","18:00","4","identity_access","action","NEWS RESERVE — fallback: Requesting a NISS: a practical step-by-step checklist","new residents","medium","news_flex","breaking_news","NISS | número de identificação da segurança social","NIF | NISS | Chave Móvel Digital | Portal das Finanças | Segurança Social Direta","Official-source verification required; otherwise use fallback","2","annual_candidate"
"2026-12-14","21:00","5","driving_transport","edge_case","Electronic tolls for foreign vehicles: mistakes, exceptions and edge cases","drivers and commuters","medium","evergreen","none","electronic tolls foreign","IMT | carta de condução | IUC | veículo | Via Verde","IMT, Autoridade Tributária, gov.pt, or Diário da República","2","annual_candidate"
"2026-12-15","08:30","1","banking_money","golden_tip","Variable versus fixed mortgage rates: one golden tip and what to verify","people managing money in Portugal","medium","evergreen","none","variable versus fixed","Banco de Portugal | SEPA | conta bancária | IBAN | crédito","Banco de Portugal, European Central Bank, or gov.pt","1","annual_candidate"
"2026-12-15","11:30","2","daily_life_consumer","foundation","Moving house administration checklist: a plain-English explanation","everyone living in Portugal","low","evergreen","none","moving house administration","ePortugal | Livro de Reclamações | ANACOM | energia | telecomunicações","gov.pt, Direção-Geral do Consumidor, ANACOM, ERSE, or the responsible municipality","1","annual_candidate"
"2026-12-15","14:30","3","iva","action","Leaving the IVA exemption: a practical step-by-step checklist","freelancers and small businesses","high","evergreen","none","IVA | Imposto sobre o Valor Acrescentado","IVA | CIVA | artigo 53 | declaração periódica | VIES","Autoridade Tributária or Diário da República","2","annual_candidate"
"2026-12-15","18:00","4","employment","edge_case","NEWS RESERVE — fallback: Working-time records: mistakes, exceptions and edge cases","employees and job seekers","medium","news_flex","breaking_news","working records","contrato de trabalho | emprego | salário | férias | desemprego","Official-source verification required; otherwise use fallback","2","annual_candidate"
"2026-12-15","21:00","5","identity_access","audience","What a Portuguese NIF is for new residents","new residents","medium","evergreen","none","NIF | número de identificação fiscal","NIF | NISS | Chave Móvel Digital | Portal das Finanças | Segurança Social Direta","gov.pt, Autoridade Tributária, Segurança Social, or Autenticação.gov as applicable","2","annual_candidate"
"2026-12-16","08:30","1","driving_transport","foundation","Buying a used car: a plain-English explanation","drivers and commuters","medium","evergreen","none","buying","IMT | carta de condução | IUC | veículo | Via Verde","IMT, Autoridade Tributária, gov.pt, or Diário da República","1","annual_candidate"
"2026-12-16","11:30","2","citizenship_civil","action","Name differences across foreign documents: a practical step-by-step checklist","residents building a long-term life","high","evergreen","none","differences across foreign","IRN | cidadania | nacionalidade | registo civil | Nascer Cidadão","IRN, gov.pt, or Diário da República","2","annual_candidate"
"2026-12-16","14:30","3","housing_property","edge_case","What IMT is: mistakes, exceptions and edge cases","renters and property owners","high","evergreen","none","IMT | Imposto Municipal sobre as Transmissões","arrendamento | IMI | AIMI | IMT | imóvel | habitação","Autoridade Tributária, gov.pt, Diário da República, or the responsible municipality","1","annual_candidate"
"2026-12-16","18:00","4","education_children","audience","NEWS RESERVE — fallback: School calendar basics for families and students","families and students","medium","news_flex","breaking_news","matrículas | Portal das Matrículas | educação","matrícula escolar | educação | equivalência | reconhecimento | MEGA","Official-source verification required; otherwise use fallback","1","annual_candidate"
"2026-12-16","21:00","5","health_family","golden_tip","Electronic prescriptions: one golden tip and what to verify","individuals and families","medium","evergreen","none","electronic prescriptions","SNS | centro de saúde | médico de família | nascimento | família","SNS, SNS 24, gov.pt, or Diário da República","3","annual_candidate"
"2026-12-17","08:30","1","identity_access","action","Finding your NIF on official documents: a practical step-by-step checklist","new residents","medium","evergreen","none","NIF | número de identificação fiscal","NIF | NISS | Chave Móvel Digital | Portal das Finanças | Segurança Social Direta","gov.pt, Autoridade Tributária, Segurança Social, or Autenticação.gov as applicable","1","annual_candidate"
"2026-12-17","11:30","2","irs","edge_case","Checking household information before IRS: mistakes, exceptions and edge cases","people filing personal income tax","high","evergreen","none","IRS | Imposto sobre o Rendimento das Pessoas Singulares","IRS | Modelo 3 | e-Fatura | Anexo J | IRS Automático","Autoridade Tributária or Diário da República","1","annual_candidate"
"2026-12-17","14:30","3","health_family","audience","Vaccination records for individuals and families","individuals and families","medium","evergreen","none","vaccination records","SNS | centro de saúde | médico de família | nascimento | família","SNS, SNS 24, gov.pt, or Diário da República","1","annual_candidate"
"2026-12-17","18:00","4","immigration_residency","golden_tip","NEWS RESERVE — fallback: Changing address during an immigration process: one golden tip and what to verify","international residents","high","news_flex","breaking_news","changing address during","AIMA | autorização de residência | visto | reagrupamento familiar | CPLP","Official-source verification required; otherwise use fallback","2","annual_candidate"
"2026-12-17","21:00","5","driving_transport","foundation","Vehicle inspection timing: a plain-English explanation","drivers and commuters","medium","evergreen","none","vehicle inspection timing","IMT | carta de condução | IUC | veículo | Via Verde","IMT, Autoridade Tributária, gov.pt, or Diário da República","1","annual_candidate"
"2026-12-18","08:30","1","freelance_business","edge_case","Business expense record keeping: mistakes, exceptions and edge cases","freelancers and solo founders","high","evergreen","none","business expense record","trabalhador independente | abrir atividade | recibos verdes | CAE | CIRS","Autoridade Tributária, Segurança Social, gov.pt, or Diário da República","1","annual_candidate"
"2026-12-18","11:30","2","banking_money","audience","SEPA transfers for people managing money in Portugal","people managing money in Portugal","medium","evergreen","none","Banco de Portugal | IBAN | SEPA","Banco de Portugal | SEPA | conta bancária | IBAN | crédito","Banco de Portugal, European Central Bank, or gov.pt","1","annual_candidate"
"2026-12-18","14:30","3","daily_life_consumer","golden_tip","Getting an atestado de residência: one golden tip and what to verify","everyone living in Portugal","low","evergreen","none","getting atestado residência","ePortugal | Livro de Reclamações | ANACOM | energia | telecomunicações","gov.pt, Direção-Geral do Consumidor, ANACOM, ERSE, or the responsible municipality","2","annual_candidate"
"2026-12-18","18:00","4","iva","foundation","NEWS RESERVE — fallback: Invoicing a non-EU customer: a plain-English explanation","freelancers and small businesses","high","news_flex","breaking_news","invoicing customer","IVA | CIVA | artigo 53 | declaração periódica | VIES","Official-source verification required; otherwise use fallback","2","annual_candidate"
"2026-12-18","21:00","5","employment","action","Remote work from Portugal: a practical step-by-step checklist","employees and job seekers","medium","evergreen","none","remote","contrato de trabalho | emprego | salário | férias | desemprego","ACT, Segurança Social, IEFP, gov.pt, or Diário da República","2","annual_candidate"
"2026-12-19","08:30","1","social_security","audience","Income included in a quarterly declaration for workers and freelancers","workers and freelancers","high","evergreen","none","Segurança Social | declaração trimestral","Segurança Social | declaração trimestral | contribuições | NISS | desemprego","Segurança Social, gov.pt, or Diário da República","1","annual_candidate"
"2026-12-19","11:30","2","driving_transport","golden_tip","Car-insurance documents: one golden tip and what to verify","drivers and commuters","medium","evergreen","none","insurance documents","IMT | carta de condução | IUC | veículo | Via Verde","IMT, Autoridade Tributária, gov.pt, or Diário da República","1","annual_candidate"
"2026-12-19","14:30","3","citizenship_civil","foundation","Requesting Portuguese civil certificates: a plain-English explanation","residents building a long-term life","high","evergreen","none","requesting civil certificates","IRN | cidadania | nacionalidade | registo civil | Nascer Cidadão","IRN, gov.pt, or Diário da República","2","annual_candidate"
"2026-12-19","18:00","4","education_children","action","NEWS RESERVE — fallback: Applying to Portuguese higher education: a practical step-by-step checklist","families and students","medium","news_flex","breaking_news","matrículas | Portal das Matrículas | educação","matrícula escolar | educação | equivalência | reconhecimento | MEGA","Official-source verification required; otherwise use fallback","2","annual_candidate"
"2026-12-19","21:00","5","education_children","edge_case","School catchment areas: mistakes, exceptions and edge cases","families and students","medium","evergreen","none","matrículas | Portal das Matrículas | educação","matrícula escolar | educação | equivalência | reconhecimento | MEGA","Direção-Geral da Educação, DGES, gov.pt, or Diário da República","2","annual_candidate"
"2026-12-20","08:30","1","employment","golden_tip","Working-time records: one golden tip and what to verify","employees and job seekers","medium","evergreen","none","working records","contrato de trabalho | emprego | salário | férias | desemprego","ACT, Segurança Social, IEFP, gov.pt, or Diário da República","1","annual_candidate"
"2026-12-20","11:30","2","identity_access","foundation","What Chave Móvel Digital does: a plain-English explanation","new residents","medium","evergreen","none","Chave Móvel Digital | autenticação.gov","NIF | NISS | Chave Móvel Digital | Portal das Finanças | Segurança Social Direta","gov.pt, Autoridade Tributária, Segurança Social, or Autenticação.gov as applicable","2","annual_candidate"
"2026-12-20","14:30","3","irs","action","Freelance income and IRS: a practical step-by-step checklist","people filing personal income tax","high","evergreen","none","IRS | Imposto sobre o Rendimento das Pessoas Singulares","IRS | Modelo 3 | e-Fatura | Anexo J | IRS Automático","Autoridade Tributária or Diário da República","1","annual_candidate"
"2026-12-20","18:00","4","health_family","edge_case","NEWS RESERVE — fallback: Registering with the SNS: mistakes, exceptions and edge cases","individuals and families","medium","news_flex","breaking_news","registering | SNS","SNS | centro de saúde | médico de família | nascimento | família","Official-source verification required; otherwise use fallback","2","annual_candidate"
"2026-12-20","21:00","5","immigration_residency","audience","Preparing for an AIMA appointment for international residents","international residents","high","evergreen","none","AIMA | autorização de residência","AIMA | autorização de residência | visto | reagrupamento familiar | CPLP","AIMA, gov.pt, Diário da República, or IRN as applicable","2","annual_candidate"
"2026-12-21","08:30","1","education_children","foundation","Recognising foreign school records: a plain-English explanation","families and students","medium","evergreen","none","matrículas | Portal das Matrículas | educação","matrícula escolar | educação | equivalência | reconhecimento | MEGA","Direção-Geral da Educação, DGES, gov.pt, or Diário da República","1","annual_candidate"
"2026-12-21","11:30","2","freelance_business","action","What recibos verdes are: a practical step-by-step checklist","freelancers and solo founders","high","evergreen","none","recibos verdes","trabalhador independente | abrir atividade | recibos verdes | CAE | CIRS","Autoridade Tributária, Segurança Social, gov.pt, or Diário da República","2","annual_candidate"
"2026-12-21","14:30","3","banking_money","edge_case","Keeping proof of bank transfers: mistakes, exceptions and edge cases","people managing money in Portugal","medium","evergreen","none","Banco de Portugal | IBAN | SEPA","Banco de Portugal | SEPA | conta bancária | IBAN | crédito","Banco de Portugal, European Central Bank, or gov.pt","1","annual_candidate"
"2026-12-21","18:00","4","daily_life_consumer","audience","NEWS RESERVE — fallback: Cancelling a consumer contract for everyone living in Portugal","everyone living in Portugal","low","news_flex","breaking_news","Livro de Reclamações | Direção-Geral do Consumidor","ePortugal | Livro de Reclamações | ANACOM | energia | telecomunicações","Official-source verification required; otherwise use fallback","2","annual_candidate"
"2026-12-21","21:00","5","iva","golden_tip","Entering the normal IVA regime: one golden tip and what to verify","freelancers and small businesses","high","evergreen","none","IVA | Imposto sobre o Valor Acrescentado","IVA | CIVA | artigo 53 | declaração periódica | VIES","Autoridade Tributária or Diário da República","2","annual_candidate"
"2026-12-22","08:30","1","immigration_residency","action","Long-term resident status: a practical step-by-step checklist","international residents","high","evergreen","none","resident status","AIMA | autorização de residência | visto | reagrupamento familiar | CPLP","AIMA, gov.pt, Diário da República, or IRN as applicable","1","annual_candidate"
"2026-12-22","11:30","2","social_security","edge_case","Checking contribution history: mistakes, exceptions and edge cases","workers and freelancers","high","evergreen","none","checking contribution history","Segurança Social | declaração trimestral | contribuições | NISS | desemprego","Segurança Social, gov.pt, or Diário da República","1","annual_candidate"
"2026-12-22","14:30","3","driving_transport","audience","Driving-licence exchange documents for drivers and commuters","drivers and commuters","medium","evergreen","none","driving licence exchange","IMT | carta de condução | IUC | veículo | Via Verde","IMT, Autoridade Tributária, gov.pt, or Diário da República","2","annual_candidate"
"2026-12-22","18:00","4","banking_money","golden_tip","NEWS RESERVE — fallback: IBAN discrimination: one golden tip and what to verify","people managing money in Portugal","medium","news_flex","breaking_news","Banco de Portugal | IBAN | SEPA","Banco de Portugal | SEPA | conta bancária | IBAN | crédito","Official-source verification required; otherwise use fallback","1","annual_candidate"
"2026-12-22","21:00","5","employment","foundation","Employee plus freelance income: a plain-English explanation","employees and job seekers","medium","evergreen","none","contrato de trabalho | Código do Trabalho","contrato de trabalho | emprego | salário | férias | desemprego","ACT, Segurança Social, IEFP, gov.pt, or Diário da República","1","annual_candidate"
"2026-12-23","08:30","1","iva","edge_case","Invoicing a non-EU customer: mistakes, exceptions and edge cases","freelancers and small businesses","high","evergreen","none","invoicing customer","IVA | CIVA | artigo 53 | declaração periódica | VIES","Autoridade Tributária or Diário da República","1","annual_candidate"
"2026-12-23","11:30","2","employment","audience","Working for a foreign employer for employees and job seekers","employees and job seekers","medium","evergreen","none","contrato de trabalho | Código do Trabalho","contrato de trabalho | emprego | salário | férias | desemprego","ACT, Segurança Social, IEFP, gov.pt, or Diário da República","1","annual_candidate"
"2026-12-23","14:30","3","identity_access","golden_tip","Tax representation and when it applies: one golden tip and what to verify","new residents","medium","evergreen","none","representation applies","NIF | NISS | Chave Móvel Digital | Portal das Finanças | Segurança Social Direta","gov.pt, Autoridade Tributária, Segurança Social, or Autenticação.gov as applicable","2","annual_candidate"
"2026-12-23","18:00","4","irs","foundation","NEWS RESERVE — fallback: Tax deductions versus tax credits: a plain-English explanation","people filing personal income tax","high","news_flex","breaking_news","deductions versus credits","IRS | Modelo 3 | e-Fatura | Anexo J | IRS Automático","Official-source verification required; otherwise use fallback","1","annual_candidate"
"2026-12-23","21:00","5","health_family","action","Vaccination records: a practical step-by-step checklist","individuals and families","medium","evergreen","none","vaccination records","SNS | centro de saúde | médico de família | nascimento | família","SNS, SNS 24, gov.pt, or Diário da República","2","annual_candidate"
"2026-12-24","08:30","1","housing_property","audience","Reading a Portuguese rental contract for renters and property owners","renters and property owners","high","evergreen","none","arrendamento | contrato de arrendamento","arrendamento | IMI | AIMI | IMT | imóvel | habitação","Autoridade Tributária, gov.pt, Diário da República, or the responsible municipality","1","annual_candidate"
"2026-12-24","11:30","2","education_children","golden_tip","Student residence administration: one golden tip and what to verify","families and students","medium","evergreen","none","AIMA | autorização de residência","matrícula escolar | educação | equivalência | reconhecimento | MEGA","Direção-Geral da Educação, DGES, gov.pt, or Diário da República","3","annual_candidate"
"2026-12-24","14:30","3","freelance_business","foundation","Business expense record keeping: a plain-English explanation","freelancers and solo founders","high","evergreen","none","business expense record","trabalhador independente | abrir atividade | recibos verdes | CAE | CIRS","Autoridade Tributária, Segurança Social, gov.pt, or Diário da República","1","annual_candidate"
"2026-12-24","18:00","4","banking_money","action","NEWS RESERVE — fallback: Currency-conversion costs: a practical step-by-step checklist","people managing money in Portugal","medium","news_flex","breaking_news","currency conversion costs","Banco de Portugal | SEPA | conta bancária | IBAN | crédito","Official-source verification required; otherwise use fallback","1","annual_candidate"
"2026-12-24","21:00","5","daily_life_consumer","edge_case","Finding English-language official help: mistakes, exceptions and edge cases","everyone living in Portugal","low","evergreen","none","finding language official","ePortugal | Livro de Reclamações | ANACOM | energia | telecomunicações","gov.pt, Direção-Geral do Consumidor, ANACOM, ERSE, or the responsible municipality","2","annual_candidate"
"2026-12-25","08:30","1","health_family","golden_tip","Changing address in health records: one golden tip and what to verify","individuals and families","medium","evergreen","none","registo de saúde | processo clínico | SNS","SNS | centro de saúde | médico de família | nascimento | família","SNS, SNS 24, gov.pt, or Diário da República","2","annual_candidate"
"2026-12-25","11:30","2","immigration_residency","foundation","Preparing for an AIMA appointment: a plain-English explanation","international residents","high","evergreen","none","AIMA | autorização de residência","AIMA | autorização de residência | visto | reagrupamento familiar | CPLP","AIMA, gov.pt, Diário da República, or IRN as applicable","2","annual_candidate"
"2026-12-25","14:30","3","social_security","action","Registering as a self-employed worker: a practical step-by-step checklist","workers and freelancers","high","evergreen","none","registering employed worker","Segurança Social | declaração trimestral | contribuições | NISS | desemprego","Segurança Social, gov.pt, or Diário da República","1","annual_candidate"
"2026-12-25","18:00","4","driving_transport","edge_case","NEWS RESERVE — fallback: Via Verde basics: mistakes, exceptions and edge cases","drivers and commuters","medium","news_flex","breaking_news","verde basics | Via Verde","IMT | carta de condução | IUC | veículo | Via Verde","Official-source verification required; otherwise use fallback","2","annual_candidate"
"2026-12-25","21:00","5","education_children","audience","Recognising foreign school records for families and students","families and students","medium","evergreen","none","matrículas | Portal das Matrículas | educação","matrícula escolar | educação | equivalência | reconhecimento | MEGA","Direção-Geral da Educação, DGES, gov.pt, or Diário da República","2","annual_candidate"
"2026-12-26","08:30","1","daily_life_consumer","foundation","Cancelling a consumer contract: a plain-English explanation","everyone living in Portugal","low","evergreen","none","Livro de Reclamações | Direção-Geral do Consumidor","ePortugal | Livro de Reclamações | ANACOM | energia | telecomunicações","gov.pt, Direção-Geral do Consumidor, ANACOM, ERSE, or the responsible municipality","1","annual_candidate"
"2026-12-26","11:30","2","iva","action","Monitoring the IVA exemption threshold: a practical step-by-step checklist","freelancers and small businesses","high","evergreen","none","IVA | Imposto sobre o Valor Acrescentado","IVA | CIVA | artigo 53 | declaração periódica | VIES","Autoridade Tributária or Diário da República","2","annual_candidate"
"2026-12-26","14:30","3","employment","edge_case","Probation periods: mistakes, exceptions and edge cases","employees and job seekers","medium","evergreen","none","probation periods","contrato de trabalho | emprego | salário | férias | desemprego","ACT, Segurança Social, IEFP, gov.pt, or Diário da República","2","annual_candidate"
"2026-12-26","18:00","4","identity_access","audience","NEWS RESERVE — fallback: Using gov.pt authentication for new residents","new residents","medium","news_flex","breaking_news","using authentication","NIF | NISS | Chave Móvel Digital | Portal das Finanças | Segurança Social Direta","Official-source verification required; otherwise use fallback","1","annual_candidate"
"2026-12-26","21:00","5","irs","golden_tip","Submitting Modelo 3: one golden tip and what to verify","people filing personal income tax","high","evergreen","none","Modelo 3 | declaração de rendimentos","IRS | Modelo 3 | e-Fatura | Anexo J | IRS Automático","Autoridade Tributária or Diário da República","1","annual_candidate"
"2026-12-27","08:30","1","citizenship_civil","action","Certified translations: a practical step-by-step checklist","residents building a long-term life","high","evergreen","none","certified translations","IRN | cidadania | nacionalidade | registo civil | Nascer Cidadão","IRN, gov.pt, or Diário da República","1","annual_candidate"
"2026-12-27","11:30","2","housing_property","edge_case","What AIMI is: mistakes, exceptions and edge cases","renters and property owners","high","evergreen","none","AIMI | Adicional ao IMI","arrendamento | IMI | AIMI | IMT | imóvel | habitação","Autoridade Tributária, gov.pt, Diário da República, or the responsible municipality","1","annual_candidate"
"2026-12-27","14:30","3","education_children","audience","MEGA schoolbook vouchers for families and students","families and students","medium","evergreen","none","matrículas | Portal das Matrículas | educação | MEGA","matrícula escolar | educação | equivalência | reconhecimento | MEGA","Direção-Geral da Educação, DGES, gov.pt, or Diário da República","1","annual_candidate"
"2026-12-27","18:00","4","daily_life_consumer","golden_tip","NEWS RESERVE — fallback: Preventing identity-document scams: one golden tip and what to verify","everyone living in Portugal","low","news_flex","breaking_news","preventing identity document","ePortugal | Livro de Reclamações | ANACOM | energia | telecomunicações","Official-source verification required; otherwise use fallback","1","annual_candidate"
"2026-12-27","21:00","5","banking_money","foundation","MB WAY basics: a plain-English explanation","people managing money in Portugal","medium","evergreen","none","basics","Banco de Portugal | SEPA | conta bancária | IBAN | crédito","Banco de Portugal, European Central Bank, or gov.pt","1","annual_candidate"
"2026-12-28","08:30","1","irs","edge_case","Tax residence and IRS: mistakes, exceptions and edge cases","people filing personal income tax","high","evergreen","none","IRS | Imposto sobre o Rendimento das Pessoas Singulares | AIMA | autorização de residência","IRS | Modelo 3 | e-Fatura | Anexo J | IRS Automático","Autoridade Tributária or Diário da República","1","annual_candidate"
"2026-12-28","11:30","2","health_family","audience","S1 healthcare registration for individuals and families","individuals and families","medium","evergreen","none","healthcare registration","SNS | centro de saúde | médico de família | nascimento | família","SNS, SNS 24, gov.pt, or Diário da República","1","annual_candidate"
"2026-12-28","14:30","3","immigration_residency","golden_tip","CPLP residence documentation: one golden tip and what to verify","international residents","high","evergreen","none","AIMA | autorização de residência | CPLP","AIMA | autorização de residência | visto | reagrupamento familiar | CPLP","AIMA, gov.pt, Diário da República, or IRN as applicable","2","annual_candidate"
"2026-12-28","18:00","4","identity_access","foundation","NEWS RESERVE — fallback: Keeping digital copies of Portuguese documents: a plain-English explanation","new residents","medium","news_flex","breaking_news","keeping digital copies","NIF | NISS | Chave Móvel Digital | Portal das Finanças | Segurança Social Direta","Official-source verification required; otherwise use fallback","2","annual_candidate"
"2026-12-28","21:00","5","driving_transport","action","Exchanging an EU driving licence: a practical step-by-step checklist","drivers and commuters","medium","evergreen","none","carta de condução | IMT","IMT | carta de condução | IUC | veículo | Via Verde","IMT, Autoridade Tributária, gov.pt, or Diário da República","2","annual_candidate"
"2026-12-29","08:30","1","banking_money","audience","Understanding Portuguese IBANs for people managing money in Portugal","people managing money in Portugal","medium","evergreen","none","Banco de Portugal | IBAN | SEPA","Banco de Portugal | SEPA | conta bancária | IBAN | crédito","Banco de Portugal, European Central Bank, or gov.pt","1","annual_candidate"
"2026-12-29","11:30","2","daily_life_consumer","golden_tip","Using ePortugal to find public services: one golden tip and what to verify","everyone living in Portugal","low","evergreen","none","using eportugal public | ePortugal","ePortugal | Livro de Reclamações | ANACOM | energia | telecomunicações","gov.pt, Direção-Geral do Consumidor, ANACOM, ERSE, or the responsible municipality","1","annual_candidate"
"2026-12-29","14:30","3","iva","foundation","Reverse charge wording: a plain-English explanation","freelancers and small businesses","high","evergreen","none","reverse charge wording","IVA | CIVA | artigo 53 | declaração periódica | VIES","Autoridade Tributária or Diário da República","2","annual_candidate"
"2026-12-29","18:00","4","employment","action","NEWS RESERVE — fallback: Unemployment-benefit preparation: a practical step-by-step checklist","employees and job seekers","medium","news_flex","breaking_news","unemployment benefit preparation","contrato de trabalho | emprego | salário | férias | desemprego","Official-source verification required; otherwise use fallback","2","annual_candidate"
"2026-12-29","21:00","5","identity_access","edge_case","Requesting a NISS: mistakes, exceptions and edge cases","new residents","medium","evergreen","none","NISS | número de identificação da segurança social","NIF | NISS | Chave Móvel Digital | Portal das Finanças | Segurança Social Direta","gov.pt, Autoridade Tributária, Segurança Social, or Autenticação.gov as applicable","2","annual_candidate"
"2026-12-30","08:30","1","driving_transport","golden_tip","Via Verde basics: one golden tip and what to verify","drivers and commuters","medium","evergreen","none","verde basics | Via Verde","IMT | carta de condução | IUC | veículo | Via Verde","IMT, Autoridade Tributária, gov.pt, or Diário da República","1","annual_candidate"
"2026-12-30","11:30","2","citizenship_civil","foundation","Nascer Cidadão service: a plain-English explanation","residents building a long-term life","high","evergreen","none","nascer cidadão service | Nascer Cidadão","IRN | cidadania | nacionalidade | registo civil | Nascer Cidadão","IRN, gov.pt, or Diário da República","2","annual_candidate"
"2026-12-30","14:30","3","housing_property","action","Selling a Portuguese property: a practical step-by-step checklist","renters and property owners","high","evergreen","none","selling property","arrendamento | IMI | AIMI | IMT | imóvel | habitação","Autoridade Tributária, gov.pt, Diário da República, or the responsible municipality","1","annual_candidate"
"2026-12-30","18:00","4","education_children","edge_case","NEWS RESERVE — fallback: Enrolling a child in a Portuguese school: mistakes, exceptions and edge cases","families and students","medium","news_flex","breaking_news","matrículas | Portal das Matrículas | educação","matrícula escolar | educação | equivalência | reconhecimento | MEGA","Official-source verification required; otherwise use fallback","1","annual_candidate"
"2026-12-30","21:00","5","health_family","audience","Parental-leave administration for individuals and families","individuals and families","medium","evergreen","none","arrendamento | contrato de arrendamento","SNS | centro de saúde | médico de família | nascimento | família","SNS, SNS 24, gov.pt, or Diário da República","3","annual_candidate"
"2026-12-31","08:30","1","identity_access","foundation","Confirming email and mobile contacts on Finanças: a plain-English explanation","new residents","medium","evergreen","none","confirming email mobile","NIF | NISS | Chave Móvel Digital | Portal das Finanças | Segurança Social Direta","gov.pt, Autoridade Tributária, Segurança Social, or Autenticação.gov as applicable","2","annual_candidate"
"2026-12-31","11:30","2","irs","action","Rental income and IRS: a practical step-by-step checklist","people filing personal income tax","high","evergreen","none","IRS | Imposto sobre o Rendimento das Pessoas Singulares | arrendamento | contrato de arrendamento","IRS | Modelo 3 | e-Fatura | Anexo J | IRS Automático","Autoridade Tributária or Diário da República","1","annual_candidate"
"2026-12-31","14:30","3","health_family","edge_case","Changing address in health records: mistakes, exceptions and edge cases","individuals and families","medium","evergreen","none","registo de saúde | processo clínico | SNS","SNS | centro de saúde | médico de família | nascimento | família","SNS, SNS 24, gov.pt, or Diário da República","2","annual_candidate"
"2026-12-31","18:00","4","immigration_residency","audience","NEWS RESERVE — fallback: Residence title versus EU registration certificate for international residents","international residents","high","news_flex","breaking_news","AIMA | autorização de residência","AIMA | autorização de residência | visto | reagrupamento familiar | CPLP","Official-source verification required; otherwise use fallback","2","annual_candidate"
"2026-12-31","21:00","5","driving_transport","golden_tip","Driving-licence exchange documents: one golden tip and what to verify","drivers and commuters","medium","evergreen","none","driving licence exchange","IMT | carta de condução | IUC | veículo | Via Verde","IMT, Autoridade Tributária, gov.pt, or Diário da República","1","annual_candidate"
"2027-01-01","08:30","1","freelance_business","action","Changing an activity code later: a practical step-by-step checklist","freelancers and solo founders","high","evergreen","none","changing activity later","trabalhador independente | abrir atividade | recibos verdes | CAE | CIRS","Autoridade Tributária, Segurança Social, gov.pt, or Diário da República","1","annual_candidate"
"2027-01-01","11:30","2","banking_money","edge_case","Changing banks: mistakes, exceptions and edge cases","people managing money in Portugal","medium","evergreen","none","Banco de Portugal | IBAN | SEPA","Banco de Portugal | SEPA | conta bancária | IBAN | crédito","Banco de Portugal, European Central Bank, or gov.pt","1","annual_candidate"
"2027-01-01","14:30","3","daily_life_consumer","audience","Mobile-phone contracts for everyone living in Portugal","everyone living in Portugal","low","evergreen","none","mobile phone contracts","ePortugal | Livro de Reclamações | ANACOM | energia | telecomunicações","gov.pt, Direção-Geral do Consumidor, ANACOM, ERSE, or the responsible municipality","2","annual_candidate"
"2027-01-01","18:00","4","iva","golden_tip","NEWS RESERVE — fallback: Article 53 IVA exemption: one golden tip and what to verify","freelancers and small businesses","high","news_flex","breaking_news","IVA | Imposto sobre o Valor Acrescentado","IVA | CIVA | artigo 53 | declaração periódica | VIES","Official-source verification required; otherwise use fallback","2","annual_candidate"
"2027-01-01","21:00","5","employment","foundation","Holiday and Christmas allowances: a plain-English explanation","employees and job seekers","medium","evergreen","none","holiday christmas allowances","contrato de trabalho | emprego | salário | férias | desemprego","ACT, Segurança Social, IEFP, gov.pt, or Diário da República","3","annual_candidate"
"2027-01-02","08:30","1","social_security","edge_case","Stopping or suspending self-employment: mistakes, exceptions and edge cases","workers and freelancers","high","evergreen","none","stopping suspending employment","Segurança Social | declaração trimestral | contribuições | NISS | desemprego","Segurança Social, gov.pt, or Diário da República","1","annual_candidate"
"2027-01-02","11:30","2","driving_transport","audience","Exchanging a non-EU driving licence for drivers and commuters","drivers and commuters","medium","evergreen","none","carta de condução | IMT","IMT | carta de condução | IUC | veículo | Via Verde","IMT, Autoridade Tributária, gov.pt, or Diário da República","1","annual_candidate"
"2027-01-02","14:30","3","citizenship_civil","golden_tip","Portuguese citizenship document checklist: one golden tip and what to verify","residents building a long-term life","high","evergreen","none","citizenship document","IRN | cidadania | nacionalidade | registo civil | Nascer Cidadão","IRN, gov.pt, or Diário da República","2","annual_candidate"
"2027-01-02","18:00","4","education_children","foundation","NEWS RESERVE — fallback: School catchment areas: a plain-English explanation","families and students","medium","news_flex","breaking_news","matrículas | Portal das Matrículas | educação","matrícula escolar | educação | equivalência | reconhecimento | MEGA","Official-source verification required; otherwise use fallback","2","annual_candidate"
"2027-01-02","21:00","5","education_children","action","National-exam administration: a practical step-by-step checklist","families and students","medium","evergreen","none","national administration","matrícula escolar | educação | equivalência | reconhecimento | MEGA","Direção-Geral da Educação, DGES, gov.pt, or Diário da República","2","annual_candidate"
"2027-01-03","08:30","1","employment","audience","Unemployment-benefit preparation for employees and job seekers","employees and job seekers","medium","evergreen","none","contrato de trabalho | Código do Trabalho","contrato de trabalho | emprego | salário | férias | desemprego","ACT, Segurança Social, IEFP, gov.pt, or Diário da República","1","annual_candidate"
"2027-01-03","11:30","2","identity_access","golden_tip","Finding your NIF on official documents: one golden tip and what to verify","new residents","medium","evergreen","none","NIF | número de identificação fiscal","NIF | NISS | Chave Móvel Digital | Portal das Finanças | Segurança Social Direta","gov.pt, Autoridade Tributária, Segurança Social, or Autenticação.gov as applicable","2","annual_candidate"
"2027-01-03","14:30","3","irs","foundation","What to do after missing the filing window: a plain-English explanation","people filing personal income tax","high","evergreen","none","missing filing window","IRS | Modelo 3 | e-Fatura | Anexo J | IRS Automático","Autoridade Tributária or Diário da República","1","annual_candidate"
"2027-01-03","18:00","4","health_family","action","NEWS RESERVE — fallback: S1 healthcare registration: a practical step-by-step checklist","individuals and families","medium","news_flex","breaking_news","healthcare registration","SNS | centro de saúde | médico de família | nascimento | família","Official-source verification required; otherwise use fallback","2","annual_candidate"
"2027-01-03","21:00","5","immigration_residency","edge_case","D3 highly qualified route: mistakes, exceptions and edge cases","international residents","high","evergreen","none","highly qualified route","AIMA | autorização de residência | visto | reagrupamento familiar | CPLP","AIMA, gov.pt, Diário da República, or IRN as applicable","2","annual_candidate"
"2027-01-04","08:30","1","education_children","golden_tip","Automatic versus specific degree recognition: one golden tip and what to verify","families and students","medium","evergreen","none","automatic versus specific","matrícula escolar | educação | equivalência | reconhecimento | MEGA","Direção-Geral da Educação, DGES, gov.pt, or Diário da República","1","annual_candidate"
"2027-01-04","11:30","2","freelance_business","foundation","Starting a small company versus freelancing: a plain-English explanation","freelancers and solo founders","high","evergreen","none","starting small company","trabalhador independente | abrir atividade | recibos verdes | CAE | CIRS","Autoridade Tributária, Segurança Social, gov.pt, or Diário da República","2","annual_candidate"
"2027-01-04","14:30","3","banking_money","action","IBAN discrimination: a practical step-by-step checklist","people managing money in Portugal","medium","evergreen","none","Banco de Portugal | IBAN | SEPA","Banco de Portugal | SEPA | conta bancária | IBAN | crédito","Banco de Portugal, European Central Bank, or gov.pt","1","annual_candidate"
"2027-01-04","18:00","4","daily_life_consumer","edge_case","NEWS RESERVE — fallback: When a municipal rule differs: mistakes, exceptions and edge cases","everyone living in Portugal","low","news_flex","breaking_news","municipal differs","ePortugal | Livro de Reclamações | ANACOM | energia | telecomunicações","Official-source verification required; otherwise use fallback","2","annual_candidate"
"2027-01-04","21:00","5","iva","audience","Checking a customer in VIES for freelancers and small businesses","freelancers and small businesses","high","evergreen","none","checking customer | VIES","IVA | CIVA | artigo 53 | declaração periódica | VIES","Autoridade Tributária or Diário da República","2","annual_candidate"
"2027-01-05","08:30","1","immigration_residency","foundation","Visa versus residence permit: a plain-English explanation","international residents","high","evergreen","none","AIMA | autorização de residência","AIMA | autorização de residência | visto | reagrupamento familiar | CPLP","AIMA, gov.pt, Diário da República, or IRN as applicable","1","annual_candidate"
"2027-01-05","11:30","2","social_security","action","Portable A1 certificates: a practical step-by-step checklist","workers and freelancers","high","evergreen","none","portable certificates","Segurança Social | declaração trimestral | contribuições | NISS | desemprego","Segurança Social, gov.pt, or Diário da República","1","annual_candidate"
"2027-01-05","14:30","3","driving_transport","edge_case","IUC payment timing: mistakes, exceptions and edge cases","drivers and commuters","medium","evergreen","none","IUC | Imposto Único de Circulação","IMT | carta de condução | IUC | veículo | Via Verde","IMT, Autoridade Tributária, gov.pt, or Diário da República","2","annual_candidate"
"2027-01-05","18:00","4","banking_money","audience","NEWS RESERVE — fallback: Direct debits for people managing money in Portugal","people managing money in Portugal","medium","news_flex","breaking_news","direct debits","Banco de Portugal | SEPA | conta bancária | IBAN | crédito","Official-source verification required; otherwise use fallback","1","annual_candidate"
"2027-01-05","21:00","5","employment","golden_tip","Probation periods: one golden tip and what to verify","employees and job seekers","medium","evergreen","none","probation periods","contrato de trabalho | emprego | salário | férias | desemprego","ACT, Segurança Social, IEFP, gov.pt, or Diário da República","1","annual_candidate"
"2027-01-06","08:30","1","iva","action","Article 53 IVA exemption: a practical step-by-step checklist","freelancers and small businesses","high","evergreen","none","IVA | Imposto sobre o Valor Acrescentado","IVA | CIVA | artigo 53 | declaração periódica | VIES","Autoridade Tributária or Diário da República","1","annual_candidate"
"2027-01-06","11:30","2","employment","edge_case","Payslip basics: mistakes, exceptions and edge cases","employees and job seekers","medium","evergreen","none","contrato de trabalho | Código do Trabalho","contrato de trabalho | emprego | salário | férias | desemprego","ACT, Segurança Social, IEFP, gov.pt, or Diário da República","1","annual_candidate"
"2027-01-06","14:30","3","identity_access","audience","Activating Chave Móvel Digital for new residents","new residents","medium","evergreen","none","Chave Móvel Digital | autenticação.gov | IVA | Imposto sobre o Valor Acrescentado","NIF | NISS | Chave Móvel Digital | Portal das Finanças | Segurança Social Direta","gov.pt, Autoridade Tributária, Segurança Social, or Autenticação.gov as applicable","1","annual_candidate"
"2027-01-06","18:00","4","irs","golden_tip","NEWS RESERVE — fallback: Reviewing automatic IRS: one golden tip and what to verify","people filing personal income tax","high","news_flex","breaking_news","IRS | Imposto sobre o Rendimento das Pessoas Singulares","IRS | Modelo 3 | e-Fatura | Anexo J | IRS Automático","Official-source verification required; otherwise use fallback","1","annual_candidate"
"2027-01-06","21:00","5","health_family","foundation","Changing address in health records: a plain-English explanation","individuals and families","medium","evergreen","none","registo de saúde | processo clínico | SNS","SNS | centro de saúde | médico de família | nascimento | família","SNS, SNS 24, gov.pt, or Diário da República","2","annual_candidate"
"2027-01-07","08:30","1","housing_property","edge_case","IMI payment instalments: mistakes, exceptions and edge cases","renters and property owners","high","evergreen","none","IMI | Imposto Municipal sobre Imóveis","arrendamento | IMI | AIMI | IMT | imóvel | habitação","Autoridade Tributária, gov.pt, Diário da República, or the responsible municipality","1","annual_candidate"
"2027-01-07","11:30","2","education_children","audience","Recognising foreign school records for families and students","families and students","medium","evergreen","none","matrículas | Portal das Matrículas | educação","matrícula escolar | educação | equivalência | reconhecimento | MEGA","Direção-Geral da Educação, DGES, gov.pt, or Diário da República","3","annual_candidate"
"2027-01-07","14:30","3","freelance_business","golden_tip","Changing an activity code later: one golden tip and what to verify","freelancers and solo founders","high","evergreen","none","changing activity later","trabalhador independente | abrir atividade | recibos verdes | CAE | CIRS","Autoridade Tributária, Segurança Social, gov.pt, or Diário da República","2","annual_candidate"
"2027-01-07","18:00","4","banking_money","foundation","NEWS RESERVE — fallback: Multibanco payments: a plain-English explanation","people managing money in Portugal","medium","news_flex","breaking_news","Banco de Portugal | IBAN | SEPA","Banco de Portugal | SEPA | conta bancária | IBAN | crédito","Official-source verification required; otherwise use fallback","1","annual_candidate"
"2027-01-07","21:00","5","daily_life_consumer","action","Reading an electricity bill: a practical step-by-step checklist","everyone living in Portugal","low","evergreen","none","reading electricity","ePortugal | Livro de Reclamações | ANACOM | energia | telecomunicações","gov.pt, Direção-Geral do Consumidor, ANACOM, ERSE, or the responsible municipality","3","annual_candidate"
"2027-01-08","08:30","1","health_family","audience","European Health Insurance Card for individuals and families","individuals and families","medium","evergreen","none","european health insurance","SNS | centro de saúde | médico de família | nascimento | família","SNS, SNS 24, gov.pt, or Diário da República","2","annual_candidate"
"2027-01-08","11:30","2","immigration_residency","golden_tip","D3 highly qualified route: one golden tip and what to verify","international residents","high","evergreen","none","highly qualified route","AIMA | autorização de residência | visto | reagrupamento familiar | CPLP","AIMA, gov.pt, Diário da República, or IRN as applicable","2","annual_candidate"
"2027-01-08","14:30","3","social_security","foundation","Monthly contribution payments: a plain-English explanation","workers and freelancers","high","evergreen","none","monthly contribution payments","Segurança Social | declaração trimestral | contribuições | NISS | desemprego","Segurança Social, gov.pt, or Diário da República","1","annual_candidate"
"2027-01-08","18:00","4","driving_transport","action","NEWS RESERVE — fallback: Using a foreign driving licence in Portugal: a practical step-by-step checklist","drivers and commuters","medium","news_flex","breaking_news","carta de condução | IMT","IMT | carta de condução | IUC | veículo | Via Verde","Official-source verification required; otherwise use fallback","2","annual_candidate"
"2027-01-08","21:00","5","education_children","edge_case","Automatic versus specific degree recognition: mistakes, exceptions and edge cases","families and students","medium","evergreen","none","automatic versus specific","matrícula escolar | educação | equivalência | reconhecimento | MEGA","Direção-Geral da Educação, DGES, gov.pt, or Diário da República","2","annual_candidate"
"2027-01-09","08:30","1","daily_life_consumer","golden_tip","When a municipal rule differs: one golden tip and what to verify","everyone living in Portugal","low","evergreen","none","municipal differs","ePortugal | Livro de Reclamações | ANACOM | energia | telecomunicações","gov.pt, Direção-Geral do Consumidor, ANACOM, ERSE, or the responsible municipality","1","annual_candidate"
"2027-01-09","11:30","2","iva","foundation","Invoicing an EU business customer: a plain-English explanation","freelancers and small businesses","high","evergreen","none","invoicing business customer","IVA | CIVA | artigo 53 | declaração periódica | VIES","Autoridade Tributária or Diário da República","2","annual_candidate"
"2027-01-09","14:30","3","employment","action","Keeping employment documents: a practical step-by-step checklist","employees and job seekers","medium","evergreen","none","keeping employment documents","contrato de trabalho | emprego | salário | férias | desemprego","ACT, Segurança Social, IEFP, gov.pt, or Diário da República","2","annual_candidate"
"2027-01-09","18:00","4","identity_access","edge_case","NEWS RESERVE — fallback: Tax representation and when it applies: mistakes, exceptions and edge cases","new residents","medium","news_flex","breaking_news","representation applies","NIF | NISS | Chave Móvel Digital | Portal das Finanças | Segurança Social Direta","Official-source verification required; otherwise use fallback","1","annual_candidate"
"2027-01-09","21:00","5","irs","audience","Capital gains basics for people filing personal income tax","people filing personal income tax","high","evergreen","none","IRS | Imposto sobre o Rendimento das Pessoas Singulares","IRS | Modelo 3 | e-Fatura | Anexo J | IRS Automático","Autoridade Tributária or Diário da República","1","annual_candidate"
"2027-01-10","08:30","1","citizenship_civil","foundation","Birth registration in Portugal: a plain-English explanation","residents building a long-term life","high","evergreen","none","birth registration","IRN | cidadania | nacionalidade | registo civil | Nascer Cidadão","IRN, gov.pt, or Diário da República","1","annual_candidate"
"2027-01-10","11:30","2","housing_property","action","Buying as a non-resident: a practical step-by-step checklist","renters and property owners","high","evergreen","none","buying resident","arrendamento | IMI | AIMI | IMT | imóvel | habitação","Autoridade Tributária, gov.pt, Diário da República, or the responsible municipality","1","annual_candidate"
"2027-01-10","14:30","3","education_children","edge_case","Moving schools during the year: mistakes, exceptions and edge cases","families and students","medium","evergreen","none","matrículas | Portal das Matrículas | educação","matrícula escolar | educação | equivalência | reconhecimento | MEGA","Direção-Geral da Educação, DGES, gov.pt, or Diário da República","1","annual_candidate"
"2027-01-10","18:00","4","daily_life_consumer","audience","NEWS RESERVE — fallback: Getting an atestado de residência for everyone living in Portugal","everyone living in Portugal","low","news_flex","breaking_news","getting atestado residência","ePortugal | Livro de Reclamações | ANACOM | energia | telecomunicações","Official-source verification required; otherwise use fallback","1","annual_candidate"
"2027-01-10","21:00","5","banking_money","golden_tip","Foreign bank accounts and Portuguese tax: one golden tip and what to verify","people managing money in Portugal","medium","evergreen","none","Banco de Portugal | IBAN | SEPA","Banco de Portugal | SEPA | conta bancária | IBAN | crédito","Banco de Portugal, European Central Bank, or gov.pt","1","annual_candidate"
"2027-01-11","08:30","1","irs","action","Foreign income and Anexo J: a practical step-by-step checklist","people filing personal income tax","high","evergreen","none","foreign income anexo | Anexo J","IRS | Modelo 3 | e-Fatura | Anexo J | IRS Automático","Autoridade Tributária or Diário da República","1","annual_candidate"
"2027-01-11","11:30","2","health_family","edge_case","Keeping foreign medical records usable: mistakes, exceptions and edge cases","individuals and families","medium","evergreen","none","registo de saúde | processo clínico | SNS","SNS | centro de saúde | médico de família | nascimento | família","SNS, SNS 24, gov.pt, or Diário da República","2","annual_candidate"
"2027-01-11","14:30","3","immigration_residency","audience","Keeping evidence of an immigration submission for international residents","international residents","high","evergreen","none","keeping evidence immigration","AIMA | autorização de residência | visto | reagrupamento familiar | CPLP","AIMA, gov.pt, Diário da República, or IRN as applicable","2","annual_candidate"
"2027-01-11","18:00","4","identity_access","golden_tip","NEWS RESERVE — fallback: What a NISS is: one golden tip and what to verify","new residents","medium","news_flex","breaking_news","NISS | número de identificação da segurança social","NIF | NISS | Chave Móvel Digital | Portal das Finanças | Segurança Social Direta","Official-source verification required; otherwise use fallback","2","annual_candidate"
"2027-01-11","21:00","5","driving_transport","foundation","ISV basics: a plain-English explanation","drivers and commuters","medium","evergreen","none","basics","IMT | carta de condução | IUC | veículo | Via Verde","IMT, Autoridade Tributária, gov.pt, or Diário da República","3","annual_candidate"
"2027-01-12","08:30","1","banking_money","edge_case","Basic bank accounts: mistakes, exceptions and edge cases","people managing money in Portugal","medium","evergreen","none","Banco de Portugal | IBAN | SEPA","Banco de Portugal | SEPA | conta bancária | IBAN | crédito","Banco de Portugal, European Central Bank, or gov.pt","1","annual_candidate"
"2027-01-12","11:30","2","daily_life_consumer","audience","Changing telecom provider for everyone living in Portugal","everyone living in Portugal","low","evergreen","none","changing telecom provider","ePortugal | Livro de Reclamações | ANACOM | energia | telecomunicações","gov.pt, Direção-Geral do Consumidor, ANACOM, ERSE, or the responsible municipality","2","annual_candidate"
"2027-01-12","14:30","3","iva","golden_tip","What IVA is: one golden tip and what to verify","freelancers and small businesses","high","evergreen","none","IVA | Imposto sobre o Valor Acrescentado","IVA | CIVA | artigo 53 | declaração periódica | VIES","Autoridade Tributária or Diário da República","2","annual_candidate"
"2027-01-12","18:00","4","employment","foundation","NEWS RESERVE — fallback: Meal allowance: a plain-English explanation","employees and job seekers","medium","news_flex","breaking_news","allowance","contrato de trabalho | emprego | salário | férias | desemprego","Official-source verification required; otherwise use fallback","2","annual_candidate"
"2027-01-12","21:00","5","identity_access","action","Keeping digital copies of Portuguese documents: a practical step-by-step checklist","new residents","medium","evergreen","none","keeping digital copies","NIF | NISS | Chave Móvel Digital | Portal das Finanças | Segurança Social Direta","gov.pt, Autoridade Tributária, Segurança Social, or Autenticação.gov as applicable","2","annual_candidate"
"2027-01-13","08:30","1","driving_transport","audience","Using a foreign driving licence in Portugal for drivers and commuters","drivers and commuters","medium","evergreen","none","carta de condução | IMT","IMT | carta de condução | IUC | veículo | Via Verde","IMT, Autoridade Tributária, gov.pt, or Diário da República","1","annual_candidate"
"2027-01-13","11:30","2","citizenship_civil","golden_tip","Citizenship scams and unrealistic promises: one golden tip and what to verify","residents building a long-term life","high","evergreen","none","citizenship scams unrealistic","IRN | cidadania | nacionalidade | registo civil | Nascer Cidadão","IRN, gov.pt, or Diário da República","2","annual_candidate"
"2027-01-13","14:30","3","housing_property","foundation","Rental receipts: a plain-English explanation","renters and property owners","high","evergreen","none","arrendamento | contrato de arrendamento","arrendamento | IMI | AIMI | IMT | imóvel | habitação","Autoridade Tributária, gov.pt, Diário da República, or the responsible municipality","1","annual_candidate"
"2027-01-13","18:00","4","education_children","action","NEWS RESERVE — fallback: MEGA schoolbook vouchers: a practical step-by-step checklist","families and students","medium","news_flex","breaking_news","matrículas | Portal das Matrículas | educação | MEGA","matrícula escolar | educação | equivalência | reconhecimento | MEGA","Official-source verification required; otherwise use fallback","1","annual_candidate"
"2027-01-13","21:00","5","health_family","edge_case","Registering at a health centre: mistakes, exceptions and edge cases","individuals and families","medium","evergreen","none","registering health centre","SNS | centro de saúde | médico de família | nascimento | família","SNS, SNS 24, gov.pt, or Diário da República","3","annual_candidate"
"2027-01-14","08:30","1","identity_access","golden_tip","Getting a NIF before moving: one golden tip and what to verify","new residents","medium","evergreen","none","NIF | número de identificação fiscal","NIF | NISS | Chave Móvel Digital | Portal das Finanças | Segurança Social Direta","gov.pt, Autoridade Tributária, Segurança Social, or Autenticação.gov as applicable","1","annual_candidate"
"2027-01-14","11:30","2","irs","foundation","Keeping an IRS submission receipt: a plain-English explanation","people filing personal income tax","high","evergreen","none","IRS | Imposto sobre o Rendimento das Pessoas Singulares","IRS | Modelo 3 | e-Fatura | Anexo J | IRS Automático","Autoridade Tributária or Diário da República","1","annual_candidate"
"2027-01-14","14:30","3","health_family","action","European Health Insurance Card: a practical step-by-step checklist","individuals and families","medium","evergreen","none","european health insurance","SNS | centro de saúde | médico de família | nascimento | família","SNS, SNS 24, gov.pt, or Diário da República","2","annual_candidate"
"2027-01-14","18:00","4","immigration_residency","edge_case","NEWS RESERVE — fallback: D2 entrepreneur route: mistakes, exceptions and edge cases","international residents","high","news_flex","breaking_news","entrepreneur route","AIMA | autorização de residência | visto | reagrupamento familiar | CPLP","Official-source verification required; otherwise use fallback","1","annual_candidate"
"2027-01-14","21:00","5","driving_transport","audience","IUC payment timing for drivers and commuters","drivers and commuters","medium","evergreen","none","IUC | Imposto Único de Circulação","IMT | carta de condução | IUC | veículo | Via Verde","IMT, Autoridade Tributária, gov.pt, or Diário da República","2","annual_candidate"
"2027-01-15","08:30","1","freelance_business","foundation","Working with one main client: a plain-English explanation","freelancers and solo founders","high","evergreen","none","working client","trabalhador independente | abrir atividade | recibos verdes | CAE | CIRS","Autoridade Tributária, Segurança Social, gov.pt, or Diário da República","2","annual_candidate"
"2027-01-15","11:30","2","banking_money","action","Variable versus fixed mortgage rates: a practical step-by-step checklist","people managing money in Portugal","medium","evergreen","none","variable versus fixed","Banco de Portugal | SEPA | conta bancária | IBAN | crédito","Banco de Portugal, European Central Bank, or gov.pt","1","annual_candidate"
"2027-01-15","14:30","3","daily_life_consumer","edge_case","Document-expiry monthly review: mistakes, exceptions and edge cases","everyone living in Portugal","low","evergreen","none","document expiry monthly","ePortugal | Livro de Reclamações | ANACOM | energia | telecomunicações","gov.pt, Direção-Geral do Consumidor, ANACOM, ERSE, or the responsible municipality","2","annual_candidate"
"2027-01-15","18:00","4","iva","audience","NEWS RESERVE — fallback: Correcting an IVA declaration for freelancers and small businesses","freelancers and small businesses","high","news_flex","breaking_news","IVA | Imposto sobre o Valor Acrescentado","IVA | CIVA | artigo 53 | declaração periódica | VIES","Official-source verification required; otherwise use fallback","2","annual_candidate"
"2027-01-15","21:00","5","employment","golden_tip","Sick leave steps: one golden tip and what to verify","employees and job seekers","medium","evergreen","none","leave steps","contrato de trabalho | emprego | salário | férias | desemprego","ACT, Segurança Social, IEFP, gov.pt, or Diário da República","3","annual_candidate"
"2027-01-16","08:30","1","social_security","action","Parental-benefit basics: a practical step-by-step checklist","workers and freelancers","high","evergreen","none","arrendamento | contrato de arrendamento","Segurança Social | declaração trimestral | contribuições | NISS | desemprego","Segurança Social, gov.pt, or Diário da República","1","annual_candidate"
"2027-01-16","11:30","2","driving_transport","edge_case","What IUC is: mistakes, exceptions and edge cases","drivers and commuters","medium","evergreen","none","IUC | Imposto Único de Circulação","IMT | carta de condução | IUC | veículo | Via Verde","IMT, Autoridade Tributária, gov.pt, or Diário da República","1","annual_candidate"
"2027-01-16","14:30","3","citizenship_civil","audience","Certified translations for residents building a long-term life","residents building a long-term life","high","evergreen","none","certified translations","IRN | cidadania | nacionalidade | registo civil | Nascer Cidadão","IRN, gov.pt, or Diário da República","2","annual_candidate"
"2027-01-16","18:00","4","education_children","golden_tip","NEWS RESERVE — fallback: National-exam administration: one golden tip and what to verify","families and students","medium","news_flex","breaking_news","national administration","matrícula escolar | educação | equivalência | reconhecimento | MEGA","Official-source verification required; otherwise use fallback","2","annual_candidate"
"2027-01-16","21:00","5","education_children","foundation","School-enrolment documents: a plain-English explanation","families and students","medium","evergreen","none","matrículas | Portal das Matrículas | educação","matrícula escolar | educação | equivalência | reconhecimento | MEGA","Direção-Geral da Educação, DGES, gov.pt, or Diário da República","2","annual_candidate"
"2027-01-17","08:30","1","employment","edge_case","Meal allowance: mistakes, exceptions and edge cases","employees and job seekers","medium","evergreen","none","allowance","contrato de trabalho | emprego | salário | férias | desemprego","ACT, Segurança Social, IEFP, gov.pt, or Diário da República","1","annual_candidate"
"2027-01-17","11:30","2","identity_access","audience","Confirming email and mobile contacts on Finanças for new residents","new residents","medium","evergreen","none","confirming email mobile","NIF | NISS | Chave Móvel Digital | Portal das Finanças | Segurança Social Direta","gov.pt, Autoridade Tributária, Segurança Social, or Autenticação.gov as applicable","2","annual_candidate"
"2027-01-17","14:30","3","irs","golden_tip","Checking household information before IRS: one golden tip and what to verify","people filing personal income tax","high","evergreen","none","IRS | Imposto sobre o Rendimento das Pessoas Singulares","IRS | Modelo 3 | e-Fatura | Anexo J | IRS Automático","Autoridade Tributária or Diário da República","1","annual_candidate"
"2027-01-17","18:00","4","health_family","foundation","NEWS RESERVE — fallback: Keeping foreign medical records usable: a plain-English explanation","individuals and families","medium","news_flex","breaking_news","registo de saúde | processo clínico | SNS","SNS | centro de saúde | médico de família | nascimento | família","Official-source verification required; otherwise use fallback","2","annual_candidate"
"2027-01-17","21:00","5","immigration_residency","action","When an application file is incomplete: a practical step-by-step checklist","international residents","high","evergreen","none","application incomplete","AIMA | autorização de residência | visto | reagrupamento familiar | CPLP","AIMA, gov.pt, Diário da República, or IRN as applicable","2","annual_candidate"
"2027-01-18","08:30","1","education_children","audience","Portuguese-language support for students for families and students","families and students","medium","evergreen","none","language support students","matrícula escolar | educação | equivalência | reconhecimento | MEGA","Direção-Geral da Educação, DGES, gov.pt, or Diário da República","1","annual_candidate"
"2027-01-18","11:30","2","freelance_business","golden_tip","Choosing a CAE or CIRS activity code: one golden tip and what to verify","freelancers and solo founders","high","evergreen","none","choosing activity | CAE","trabalhador independente | abrir atividade | recibos verdes | CAE | CIRS","Autoridade Tributária, Segurança Social, gov.pt, or Diário da República","2","annual_candidate"
"2027-01-18","14:30","3","banking_money","foundation","Direct debits: a plain-English explanation","people managing money in Portugal","medium","evergreen","none","direct debits","Banco de Portugal | SEPA | conta bancária | IBAN | crédito","Banco de Portugal, European Central Bank, or gov.pt","1","annual_candidate"
"2027-01-18","18:00","4","daily_life_consumer","action","NEWS RESERVE — fallback: Changing electricity supplier: a practical step-by-step checklist","everyone living in Portugal","low","news_flex","breaking_news","changing electricity supplier","ePortugal | Livro de Reclamações | ANACOM | energia | telecomunicações","Official-source verification required; otherwise use fallback","2","annual_candidate"
"2027-01-18","21:00","5","iva","edge_case","When property transactions involve IVA: mistakes, exceptions and edge cases","freelancers and small businesses","high","evergreen","none","IVA | Imposto sobre o Valor Acrescentado","IVA | CIVA | artigo 53 | declaração periódica | VIES","Autoridade Tributária or Diário da República","1","annual_candidate"
"2027-01-19","08:30","1","immigration_residency","golden_tip","D8 digital-nomad route: one golden tip and what to verify","international residents","high","evergreen","none","digital nomad route","AIMA | autorização de residência | visto | reagrupamento familiar | CPLP","AIMA, gov.pt, Diário da República, or IRN as applicable","1","annual_candidate"
"2027-01-19","11:30","2","social_security","foundation","Keeping proof of a quarterly declaration: a plain-English explanation","workers and freelancers","high","evergreen","none","Segurança Social | declaração trimestral","Segurança Social | declaração trimestral | contribuições | NISS | desemprego","Segurança Social, gov.pt, or Diário da República","1","annual_candidate"
"2027-01-19","14:30","3","driving_transport","action","Changing the address on vehicle records: a practical step-by-step checklist","drivers and commuters","medium","evergreen","none","changing address vehicle","IMT | carta de condução | IUC | veículo | Via Verde","IMT, Autoridade Tributária, gov.pt, or Diário da República","2","annual_candidate"
"2027-01-19","18:00","4","banking_money","edge_case","NEWS RESERVE — fallback: Closing a bank account: mistakes, exceptions and edge cases","people managing money in Portugal","medium","news_flex","breaking_news","Banco de Portugal | IBAN | SEPA","Banco de Portugal | SEPA | conta bancária | IBAN | crédito","Official-source verification required; otherwise use fallback","1","annual_candidate"
"2027-01-19","21:00","5","employment","audience","Keeping employment documents for employees and job seekers","employees and job seekers","medium","evergreen","none","contrato de trabalho | Código do Trabalho","contrato de trabalho | emprego | salário | férias | desemprego","ACT, Segurança Social, IEFP, gov.pt, or Diário da República","1","annual_candidate"
"2027-01-20","08:30","1","iva","foundation","Correcting an IVA declaration: a plain-English explanation","freelancers and small businesses","high","evergreen","none","IVA | Imposto sobre o Valor Acrescentado","IVA | CIVA | artigo 53 | declaração periódica | VIES","Autoridade Tributária or Diário da República","1","annual_candidate"
"2027-01-20","11:30","2","employment","action","Ending an employment contract: a practical step-by-step checklist","employees and job seekers","medium","evergreen","none","contrato de trabalho | Código do Trabalho","contrato de trabalho | emprego | salário | férias | desemprego","ACT, Segurança Social, IEFP, gov.pt, or Diário da República","1","annual_candidate"
"2027-01-20","14:30","3","identity_access","edge_case","Changing the address linked to your NIF: mistakes, exceptions and edge cases","new residents","medium","evergreen","none","NIF | número de identificação fiscal","NIF | NISS | Chave Móvel Digital | Portal das Finanças | Segurança Social Direta","gov.pt, Autoridade Tributária, Segurança Social, or Autenticação.gov as applicable","1","annual_candidate"
"2027-01-20","18:00","4","irs","audience","NEWS RESERVE — fallback: Employment income and IRS for people filing personal income tax","people filing personal income tax","high","news_flex","breaking_news","IRS | Imposto sobre o Rendimento das Pessoas Singulares","IRS | Modelo 3 | e-Fatura | Anexo J | IRS Automático","Official-source verification required; otherwise use fallback","1","annual_candidate"
"2027-01-20","21:00","5","health_family","golden_tip","European Health Insurance Card: one golden tip and what to verify","individuals and families","medium","evergreen","none","european health insurance","SNS | centro de saúde | médico de família | nascimento | família","SNS, SNS 24, gov.pt, or Diário da República","1","annual_candidate"
"2027-01-21","08:30","1","housing_property","action","Updating property ownership records: a practical step-by-step checklist","renters and property owners","high","evergreen","none","updating property ownership","arrendamento | IMI | AIMI | IMT | imóvel | habitação","Autoridade Tributária, gov.pt, Diário da República, or the responsible municipality","1","annual_candidate"
"2027-01-21","11:30","2","education_children","edge_case","Automatic versus specific degree recognition: mistakes, exceptions and edge cases","families and students","medium","evergreen","none","automatic versus specific","matrícula escolar | educação | equivalência | reconhecimento | MEGA","Direção-Geral da Educação, DGES, gov.pt, or Diário da República","3","annual_candidate"
"2027-01-21","14:30","3","freelance_business","audience","Working with one main client for freelancers and solo founders","freelancers and solo founders","high","evergreen","none","working client","trabalhador independente | abrir atividade | recibos verdes | CAE | CIRS","Autoridade Tributária, Segurança Social, gov.pt, or Diário da República","1","annual_candidate"
"2027-01-21","18:00","4","banking_money","golden_tip","NEWS RESERVE — fallback: Keeping proof of bank transfers: one golden tip and what to verify","people managing money in Portugal","medium","news_flex","breaking_news","Banco de Portugal | IBAN | SEPA","Banco de Portugal | SEPA | conta bancária | IBAN | crédito","Official-source verification required; otherwise use fallback","1","annual_candidate"
"2027-01-21","21:00","5","daily_life_consumer","foundation","Preventing identity-document scams: a plain-English explanation","everyone living in Portugal","low","evergreen","none","preventing identity document","ePortugal | Livro de Reclamações | ANACOM | energia | telecomunicações","gov.pt, Direção-Geral do Consumidor, ANACOM, ERSE, or the responsible municipality","3","annual_candidate"
"2027-01-22","08:30","1","health_family","edge_case","Emergency versus non-emergency care: mistakes, exceptions and edge cases","individuals and families","medium","evergreen","none","emergency versus emergency","SNS | centro de saúde | médico de família | nascimento | família","SNS, SNS 24, gov.pt, or Diário da República","2","annual_candidate"
"2027-01-22","11:30","2","immigration_residency","audience","When an application file is incomplete for international residents","international residents","high","evergreen","none","application incomplete","AIMA | autorização de residência | visto | reagrupamento familiar | CPLP","AIMA, gov.pt, Diário da República, or IRN as applicable","2","annual_candidate"
"2027-01-22","14:30","3","social_security","golden_tip","Employee Social Security deductions: one golden tip and what to verify","workers and freelancers","high","evergreen","none","Segurança Social | declaração trimestral | contrato de trabalho | Código do Trabalho","Segurança Social | declaração trimestral | contribuições | NISS | desemprego","Segurança Social, gov.pt, or Diário da República","1","annual_candidate"
"2027-01-22","18:00","4","driving_transport","foundation","NEWS RESERVE — fallback: Registering an imported vehicle: a plain-English explanation","drivers and commuters","medium","news_flex","breaking_news","registering imported vehicle","IMT | carta de condução | IUC | veículo | Via Verde","Official-source verification required; otherwise use fallback","2","annual_candidate"
"2027-01-22","21:00","5","education_children","action","Portuguese-language support for students: a practical step-by-step checklist","families and students","medium","evergreen","none","language support students","matrícula escolar | educação | equivalência | reconhecimento | MEGA","Direção-Geral da Educação, DGES, gov.pt, or Diário da República","2","annual_candidate"
"2027-01-23","08:30","1","daily_life_consumer","audience","Changing electricity supplier for everyone living in Portugal","everyone living in Portugal","low","evergreen","none","changing electricity supplier","ePortugal | Livro de Reclamações | ANACOM | energia | telecomunicações","gov.pt, Direção-Geral do Consumidor, ANACOM, ERSE, or the responsible municipality","1","annual_candidate"
"2027-01-23","11:30","2","iva","golden_tip","IVA after ceasing activity: one golden tip and what to verify","freelancers and small businesses","high","evergreen","none","IVA | Imposto sobre o Valor Acrescentado","IVA | CIVA | artigo 53 | declaração periódica | VIES","Autoridade Tributária or Diário da República","2","annual_candidate"
"2027-01-23","14:30","3","employment","foundation","Reading a Portuguese employment contract: a plain-English explanation","employees and job seekers","medium","evergreen","none","contrato de trabalho | Código do Trabalho","contrato de trabalho | emprego | salário | férias | desemprego","ACT, Segurança Social, IEFP, gov.pt, or Diário da República","2","annual_candidate"
"2027-01-23","18:00","4","identity_access","action","NEWS RESERVE — fallback: Activating Chave Móvel Digital: a practical step-by-step checklist","new residents","medium","news_flex","breaking_news","Chave Móvel Digital | autenticação.gov | IVA | Imposto sobre o Valor Acrescentado","NIF | NISS | Chave Móvel Digital | Portal das Finanças | Segurança Social Direta","Official-source verification required; otherwise use fallback","1","annual_candidate"
"2027-01-23","21:00","5","irs","edge_case","Tax deductions versus tax credits: mistakes, exceptions and edge cases","people filing personal income tax","high","evergreen","none","deductions versus credits","IRS | Modelo 3 | e-Fatura | Anexo J | IRS Automático","Autoridade Tributária or Diário da República","1","annual_candidate"
"2027-01-24","08:30","1","citizenship_civil","golden_tip","Tracking an IRN application: one golden tip and what to verify","residents building a long-term life","high","evergreen","none","tracking application | IRN","IRN | cidadania | nacionalidade | registo civil | Nascer Cidadão","IRN, gov.pt, or Diário da República","1","annual_candidate"
"2027-01-24","11:30","2","housing_property","foundation","Registering a rental contract: a plain-English explanation","renters and property owners","high","evergreen","none","arrendamento | contrato de arrendamento","arrendamento | IMI | AIMI | IMT | imóvel | habitação","Autoridade Tributária, gov.pt, Diário da República, or the responsible municipality","1","annual_candidate"
"2027-01-24","14:30","3","education_children","action","School-meal and support applications: a practical step-by-step checklist","families and students","medium","evergreen","none","matrículas | Portal das Matrículas | educação","matrícula escolar | educação | equivalência | reconhecimento | MEGA","Direção-Geral da Educação, DGES, gov.pt, or Diário da República","1","annual_candidate"
"2027-01-24","18:00","4","daily_life_consumer","edge_case","NEWS RESERVE — fallback: Mobile-phone contracts: mistakes, exceptions and edge cases","everyone living in Portugal","low","news_flex","breaking_news","mobile phone contracts","ePortugal | Livro de Reclamações | ANACOM | energia | telecomunicações","Official-source verification required; otherwise use fallback","1","annual_candidate"
"2027-01-24","21:00","5","banking_money","audience","Opening a Portuguese bank account for people managing money in Portugal","people managing money in Portugal","medium","evergreen","none","Banco de Portugal | IBAN | SEPA","Banco de Portugal | SEPA | conta bancária | IBAN | crédito","Banco de Portugal, European Central Bank, or gov.pt","1","annual_candidate"
"2027-01-25","08:30","1","irs","foundation","Understanding an IRS refund: a plain-English explanation","people filing personal income tax","high","evergreen","none","IRS | Imposto sobre o Rendimento das Pessoas Singulares","IRS | Modelo 3 | e-Fatura | Anexo J | IRS Automático","Autoridade Tributária or Diário da República","1","annual_candidate"
"2027-01-25","11:30","2","health_family","action","Using SNS 24: a practical step-by-step checklist","individuals and families","medium","evergreen","none","using | SNS","SNS | centro de saúde | médico de família | nascimento | família","SNS, SNS 24, gov.pt, or Diário da República","2","annual_candidate"
"2027-01-25","14:30","3","immigration_residency","edge_case","D7 residence route: mistakes, exceptions and edge cases","international residents","high","evergreen","none","AIMA | autorização de residência","AIMA | autorização de residência | visto | reagrupamento familiar | CPLP","AIMA, gov.pt, Diário da República, or IRN as applicable","2","annual_candidate"
"2027-01-25","18:00","4","identity_access","audience","NEWS RESERVE — fallback: Using gov.pt authentication for new residents","new residents","medium","news_flex","breaking_news","using authentication","NIF | NISS | Chave Móvel Digital | Portal das Finanças | Segurança Social Direta","Official-source verification required; otherwise use fallback","2","annual_candidate"
"2027-01-25","21:00","5","driving_transport","golden_tip","Vehicle inspection timing: one golden tip and what to verify","drivers and commuters","medium","evergreen","none","vehicle inspection timing","IMT | carta de condução | IUC | veículo | Via Verde","IMT, Autoridade Tributária, gov.pt, or Diário da República","3","annual_candidate"
"2027-01-26","08:30","1","banking_money","action","Mortgage preparation: a practical step-by-step checklist","people managing money in Portugal","medium","evergreen","none","mortgage preparation","Banco de Portugal | SEPA | conta bancária | IBAN | crédito","Banco de Portugal, European Central Bank, or gov.pt","1","annual_candidate"
"2027-01-26","11:30","2","daily_life_consumer","edge_case","Official email and SMS scam checks: mistakes, exceptions and edge cases","everyone living in Portugal","low","evergreen","none","official email checks","ePortugal | Livro de Reclamações | ANACOM | energia | telecomunicações","gov.pt, Direção-Geral do Consumidor, ANACOM, ERSE, or the responsible municipality","2","annual_candidate"
"2027-01-26","14:30","3","iva","audience","Paying IVA after filing for freelancers and small businesses","freelancers and small businesses","high","evergreen","none","IVA | Imposto sobre o Valor Acrescentado","IVA | CIVA | artigo 53 | declaração periódica | VIES","Autoridade Tributária or Diário da República","2","annual_candidate"
"2027-01-26","18:00","4","employment","golden_tip","NEWS RESERVE — fallback: Public holidays and work: one golden tip and what to verify","employees and job seekers","medium","news_flex","breaking_news","public holidays","contrato de trabalho | emprego | salário | férias | desemprego","Official-source verification required; otherwise use fallback","2","annual_candidate"
"2027-01-26","21:00","5","identity_access","foundation","What a NISS is: a plain-English explanation","new residents","medium","evergreen","none","NISS | número de identificação da segurança social","NIF | NISS | Chave Móvel Digital | Portal das Finanças | Segurança Social Direta","gov.pt, Autoridade Tributária, Segurança Social, or Autenticação.gov as applicable","2","annual_candidate"
"2027-01-27","08:30","1","driving_transport","edge_case","Registering an imported vehicle: mistakes, exceptions and edge cases","drivers and commuters","medium","evergreen","none","registering imported vehicle","IMT | carta de condução | IUC | veículo | Via Verde","IMT, Autoridade Tributária, gov.pt, or Diário da República","1","annual_candidate"
"2027-01-27","11:30","2","citizenship_civil","audience","Requesting Portuguese civil certificates for residents building a long-term life","residents building a long-term life","high","evergreen","none","requesting civil certificates","IRN | cidadania | nacionalidade | registo civil | Nascer Cidadão","IRN, gov.pt, or Diário da República","2","annual_candidate"
"2027-01-27","14:30","3","housing_property","golden_tip","What AIMI is: one golden tip and what to verify","renters and property owners","high","evergreen","none","AIMI | Adicional ao IMI","arrendamento | IMI | AIMI | IMT | imóvel | habitação","Autoridade Tributária, gov.pt, Diário da República, or the responsible municipality","1","annual_candidate"
"2027-01-27","18:00","4","education_children","foundation","NEWS RESERVE — fallback: Moving schools during the year: a plain-English explanation","families and students","medium","news_flex","breaking_news","matrículas | Portal das Matrículas | educação","matrícula escolar | educação | equivalência | reconhecimento | MEGA","Official-source verification required; otherwise use fallback","1","annual_candidate"
"2027-01-27","21:00","5","health_family","action","Vaccination records: a practical step-by-step checklist","individuals and families","medium","evergreen","none","vaccination records","SNS | centro de saúde | médico de família | nascimento | família","SNS, SNS 24, gov.pt, or Diário da República","3","annual_candidate"
"2027-01-28","08:30","1","identity_access","audience","Changing the temporary Finanças password for new residents","new residents","medium","evergreen","none","changing temporary finanças","NIF | NISS | Chave Móvel Digital | Portal das Finanças | Segurança Social Direta","gov.pt, Autoridade Tributária, Segurança Social, or Autenticação.gov as applicable","1","annual_candidate"
"2027-01-28","11:30","2","irs","golden_tip","Preparing for IRS season: one golden tip and what to verify","people filing personal income tax","high","evergreen","none","IRS | Imposto sobre o Rendimento das Pessoas Singulares","IRS | Modelo 3 | e-Fatura | Anexo J | IRS Automático","Autoridade Tributária or Diário da República","1","annual_candidate"
"2027-01-28","14:30","3","health_family","foundation","Emergency versus non-emergency care: a plain-English explanation","individuals and families","medium","evergreen","none","emergency versus emergency","SNS | centro de saúde | médico de família | nascimento | família","SNS, SNS 24, gov.pt, or Diário da República","2","annual_candidate"
"2027-01-28","18:00","4","immigration_residency","action","NEWS RESERVE — fallback: Recognising fake appointment websites: a practical step-by-step checklist","international residents","high","news_flex","breaking_news","recognising appointment websites","AIMA | autorização de residência | visto | reagrupamento familiar | CPLP","Official-source verification required; otherwise use fallback","1","annual_candidate"
"2027-01-28","21:00","5","driving_transport","edge_case","Changing the address on vehicle records: mistakes, exceptions and edge cases","drivers and commuters","medium","evergreen","none","changing address vehicle","IMT | carta de condução | IUC | veículo | Via Verde","IMT, Autoridade Tributária, gov.pt, or Diário da República","2","annual_candidate"
"2027-01-29","08:30","1","freelance_business","golden_tip","When to speak with a certified accountant: one golden tip and what to verify","freelancers and solo founders","high","evergreen","none","speak certified accountant","trabalhador independente | abrir atividade | recibos verdes | CAE | CIRS","Autoridade Tributária, Segurança Social, gov.pt, or Diário da República","1","annual_candidate"
"2027-01-29","11:30","2","banking_money","foundation","Understanding Portuguese IBANs: a plain-English explanation","people managing money in Portugal","medium","evergreen","none","Banco de Portugal | IBAN | SEPA","Banco de Portugal | SEPA | conta bancária | IBAN | crédito","Banco de Portugal, European Central Bank, or gov.pt","1","annual_candidate"
"2027-01-29","14:30","3","daily_life_consumer","action","Booking public-service appointments: a practical step-by-step checklist","everyone living in Portugal","low","evergreen","none","booking public service","ePortugal | Livro de Reclamações | ANACOM | energia | telecomunicações","gov.pt, Direção-Geral do Consumidor, ANACOM, ERSE, or the responsible municipality","2","annual_candidate"
"2027-01-29","18:00","4","iva","edge_case","NEWS RESERVE — fallback: Keeping IVA evidence: mistakes, exceptions and edge cases","freelancers and small businesses","high","news_flex","breaking_news","IVA | Imposto sobre o Valor Acrescentado","IVA | CIVA | artigo 53 | declaração periódica | VIES","Official-source verification required; otherwise use fallback","2","annual_candidate"
"2027-01-29","21:00","5","employment","audience","Employee plus freelance income for employees and job seekers","employees and job seekers","medium","evergreen","none","contrato de trabalho | Código do Trabalho","contrato de trabalho | emprego | salário | férias | desemprego","ACT, Segurança Social, IEFP, gov.pt, or Diário da República","3","annual_candidate"
"2027-01-30","08:30","1","social_security","foundation","Correcting a quarterly declaration: a plain-English explanation","workers and freelancers","high","evergreen","none","Segurança Social | declaração trimestral","Segurança Social | declaração trimestral | contribuições | NISS | desemprego","Segurança Social, gov.pt, or Diário da República","1","annual_candidate"
"2027-01-30","11:30","2","driving_transport","action","Selling a vehicle safely: a practical step-by-step checklist","drivers and commuters","medium","evergreen","none","selling vehicle safely","IMT | carta de condução | IUC | veículo | Via Verde","IMT, Autoridade Tributária, gov.pt, or Diário da República","1","annual_candidate"
"2027-01-30","14:30","3","citizenship_civil","edge_case","Birth registration in Portugal: mistakes, exceptions and edge cases","residents building a long-term life","high","evergreen","none","birth registration","IRN | cidadania | nacionalidade | registo civil | Nascer Cidadão","IRN, gov.pt, or Diário da República","2","annual_candidate"
"2027-01-30","18:00","4","education_children","audience","NEWS RESERVE — fallback: School-enrolment documents for families and students","families and students","medium","news_flex","breaking_news","matrículas | Portal das Matrículas | educação","matrícula escolar | educação | equivalência | reconhecimento | MEGA","Official-source verification required; otherwise use fallback","2","annual_candidate"
"2027-01-30","21:00","5","education_children","golden_tip","School calendar basics: one golden tip and what to verify","families and students","medium","evergreen","none","matrículas | Portal das Matrículas | educação","matrícula escolar | educação | equivalência | reconhecimento | MEGA","Direção-Geral da Educação, DGES, gov.pt, or Diário da República","2","annual_candidate"
"2027-01-31","08:30","1","employment","action","Public holidays and work: a practical step-by-step checklist","employees and job seekers","medium","evergreen","none","public holidays","contrato de trabalho | emprego | salário | férias | desemprego","ACT, Segurança Social, IEFP, gov.pt, or Diário da República","1","annual_candidate"
"2027-01-31","11:30","2","identity_access","edge_case","Getting a NIF before moving: mistakes, exceptions and edge cases","new residents","medium","evergreen","none","NIF | número de identificação fiscal","NIF | NISS | Chave Móvel Digital | Portal das Finanças | Segurança Social Direta","gov.pt, Autoridade Tributária, Segurança Social, or Autenticação.gov as applicable","2","annual_candidate"
"2027-01-31","14:30","3","irs","audience","Rental income and IRS for people filing personal income tax","people filing personal income tax","high","evergreen","none","IRS | Imposto sobre o Rendimento das Pessoas Singulares | arrendamento | contrato de arrendamento","IRS | Modelo 3 | e-Fatura | Anexo J | IRS Automático","Autoridade Tributária or Diário da República","1","annual_candidate"
"2027-01-31","18:00","4","health_family","golden_tip","NEWS RESERVE — fallback: Using SNS 24: one golden tip and what to verify","individuals and families","medium","news_flex","breaking_news","using | SNS","SNS | centro de saúde | médico de família | nascimento | família","Official-source verification required; otherwise use fallback","2","annual_candidate"
"2027-01-31","21:00","5","immigration_residency","foundation","Family reunification basics: a plain-English explanation","international residents","high","evergreen","none","AIMA | autorização de residência","AIMA | autorização de residência | visto | reagrupamento familiar | CPLP","AIMA, gov.pt, Diário da República, or IRN as applicable","2","annual_candidate"
"2027-02-01","08:30","1","education_children","edge_case","Recognising a foreign degree: mistakes, exceptions and edge cases","families and students","medium","evergreen","none","recognising foreign degree","matrícula escolar | educação | equivalência | reconhecimento | MEGA","Direção-Geral da Educação, DGES, gov.pt, or Diário da República","1","annual_candidate"
"2027-02-01","11:30","2","freelance_business","audience","Restarting a closed activity for freelancers and solo founders","freelancers and solo founders","high","evergreen","none","restarting closed activity","trabalhador independente | abrir atividade | recibos verdes | CAE | CIRS","Autoridade Tributária, Segurança Social, gov.pt, or Diário da República","2","annual_candidate"
"2027-02-01","14:30","3","banking_money","golden_tip","Closing a bank account: one golden tip and what to verify","people managing money in Portugal","medium","evergreen","none","Banco de Portugal | IBAN | SEPA","Banco de Portugal | SEPA | conta bancária | IBAN | crédito","Banco de Portugal, European Central Bank, or gov.pt","1","annual_candidate"
"2027-02-01","18:00","4","daily_life_consumer","foundation","NEWS RESERVE — fallback: Moving house administration checklist: a plain-English explanation","everyone living in Portugal","low","news_flex","breaking_news","moving house administration","ePortugal | Livro de Reclamações | ANACOM | energia | telecomunicações","Official-source verification required; otherwise use fallback","2","annual_candidate"
"2027-02-01","21:00","5","iva","action","Quarterly IVA declaration basics: a practical step-by-step checklist","freelancers and small businesses","high","evergreen","none","IVA | Imposto sobre o Valor Acrescentado","IVA | CIVA | artigo 53 | declaração periódica | VIES","Autoridade Tributária or Diário da República","1","annual_candidate"
"2027-02-02","08:30","1","immigration_residency","audience","Checking AIMA fees safely for international residents","international residents","high","evergreen","none","AIMA | autorização de residência","AIMA | autorização de residência | visto | reagrupamento familiar | CPLP","AIMA, gov.pt, Diário da República, or IRN as applicable","1","annual_candidate"
"2027-02-02","11:30","2","social_security","golden_tip","Getting a contribution statement: one golden tip and what to verify","workers and freelancers","high","evergreen","none","getting contribution statement","Segurança Social | declaração trimestral | contribuições | NISS | desemprego","Segurança Social, gov.pt, or Diário da República","1","annual_candidate"
"2027-02-02","14:30","3","driving_transport","foundation","Buying a used car: a plain-English explanation","drivers and commuters","medium","evergreen","none","buying","IMT | carta de condução | IUC | veículo | Via Verde","IMT, Autoridade Tributária, gov.pt, or Diário da República","2","annual_candidate"
"2027-02-02","18:00","4","banking_money","action","NEWS RESERVE — fallback: Deposit protection basics: a practical step-by-step checklist","people managing money in Portugal","medium","news_flex","breaking_news","deposit protection basics","Banco de Portugal | SEPA | conta bancária | IBAN | crédito","Official-source verification required; otherwise use fallback","1","annual_candidate"
"2027-02-02","21:00","5","employment","edge_case","Reading a Portuguese employment contract: mistakes, exceptions and edge cases","employees and job seekers","medium","evergreen","none","contrato de trabalho | Código do Trabalho","contrato de trabalho | emprego | salário | férias | desemprego","ACT, Segurança Social, IEFP, gov.pt, or Diário da República","1","annual_candidate"
"2027-02-03","08:30","1","iva","golden_tip","Keeping IVA evidence: one golden tip and what to verify","freelancers and small businesses","high","evergreen","none","IVA | Imposto sobre o Valor Acrescentado","IVA | CIVA | artigo 53 | declaração periódica | VIES","Autoridade Tributária or Diário da República","1","annual_candidate"
"2027-02-03","11:30","2","employment","foundation","Recognising unpaid-trial scams: a plain-English explanation","employees and job seekers","medium","evergreen","none","recognising unpaid trial","contrato de trabalho | emprego | salário | férias | desemprego","ACT, Segurança Social, IEFP, gov.pt, or Diário da República","1","annual_candidate"
"2027-02-03","14:30","3","identity_access","action","What Chave Móvel Digital does: a practical step-by-step checklist","new residents","medium","evergreen","none","Chave Móvel Digital | autenticação.gov","NIF | NISS | Chave Móvel Digital | Portal das Finanças | Segurança Social Direta","gov.pt, Autoridade Tributária, Segurança Social, or Autenticação.gov as applicable","1","annual_candidate"
"2027-02-03","18:00","4","irs","edge_case","NEWS RESERVE — fallback: IRS Jovem basics: mistakes, exceptions and edge cases","people filing personal income tax","high","news_flex","breaking_news","IRS | Imposto sobre o Rendimento das Pessoas Singulares","IRS | Modelo 3 | e-Fatura | Anexo J | IRS Automático","Official-source verification required; otherwise use fallback","1","annual_candidate"
"2027-02-03","21:00","5","health_family","audience","Emergency versus non-emergency care for individuals and families","individuals and families","medium","evergreen","none","emergency versus emergency","SNS | centro de saúde | médico de família | nascimento | família","SNS, SNS 24, gov.pt, or Diário da República","1","annual_candidate"
"2027-02-04","08:30","1","housing_property","foundation","Municipal property differences: a plain-English explanation","renters and property owners","high","evergreen","none","municipal property differences","arrendamento | IMI | AIMI | IMT | imóvel | habitação","Autoridade Tributária, gov.pt, Diário da República, or the responsible municipality","1","annual_candidate"
"2027-02-04","11:30","2","education_children","action","Portuguese-language support for students: a practical step-by-step checklist","families and students","medium","evergreen","none","language support students","matrícula escolar | educação | equivalência | reconhecimento | MEGA","Direção-Geral da Educação, DGES, gov.pt, or Diário da República","3","annual_candidate"
"2027-02-04","14:30","3","freelance_business","edge_case","When to speak with a certified accountant: mistakes, exceptions and edge cases","freelancers and solo founders","high","evergreen","none","speak certified accountant","trabalhador independente | abrir atividade | recibos verdes | CAE | CIRS","Autoridade Tributária, Segurança Social, gov.pt, or Diário da República","1","annual_candidate"
"2027-02-04","18:00","4","banking_money","audience","NEWS RESERVE — fallback: IBAN discrimination for people managing money in Portugal","people managing money in Portugal","medium","news_flex","breaking_news","Banco de Portugal | IBAN | SEPA","Banco de Portugal | SEPA | conta bancária | IBAN | crédito","Official-source verification required; otherwise use fallback","1","annual_candidate"
"2027-02-04","21:00","5","daily_life_consumer","golden_tip","Getting an atestado de residência: one golden tip and what to verify","everyone living in Portugal","low","evergreen","none","getting atestado residência","ePortugal | Livro de Reclamações | ANACOM | energia | telecomunicações","gov.pt, Direção-Geral do Consumidor, ANACOM, ERSE, or the responsible municipality","3","annual_candidate"
"2027-02-05","08:30","1","health_family","action","Requesting or changing a family doctor: a practical step-by-step checklist","individuals and families","medium","evergreen","none","médico de família | SNS","SNS | centro de saúde | médico de família | nascimento | família","SNS, SNS 24, gov.pt, or Diário da República","2","annual_candidate"
"2027-02-05","11:30","2","immigration_residency","edge_case","Family reunification basics: mistakes, exceptions and edge cases","international residents","high","evergreen","none","AIMA | autorização de residência","AIMA | autorização de residência | visto | reagrupamento familiar | CPLP","AIMA, gov.pt, Diário da República, or IRN as applicable","2","annual_candidate"
"2027-02-05","14:30","3","social_security","audience","First-year Social Security treatment for workers and freelancers","workers and freelancers","high","evergreen","none","Segurança Social | declaração trimestral","Segurança Social | declaração trimestral | contribuições | NISS | desemprego","Segurança Social, gov.pt, or Diário da República","1","annual_candidate"
"2027-02-05","18:00","4","driving_transport","golden_tip","NEWS RESERVE — fallback: Car-insurance documents: one golden tip and what to verify","drivers and commuters","medium","news_flex","breaking_news","insurance documents","IMT | carta de condução | IUC | veículo | Via Verde","Official-source verification required; otherwise use fallback","2","annual_candidate"
"2027-02-05","21:00","5","education_children","foundation","Recognising a foreign degree: a plain-English explanation","families and students","medium","evergreen","none","recognising foreign degree","matrícula escolar | educação | equivalência | reconhecimento | MEGA","Direção-Geral da Educação, DGES, gov.pt, or Diário da República","2","annual_candidate"
"2027-02-06","08:30","1","daily_life_consumer","edge_case","Moving house administration checklist: mistakes, exceptions and edge cases","everyone living in Portugal","low","evergreen","none","moving house administration","ePortugal | Livro de Reclamações | ANACOM | energia | telecomunicações","gov.pt, Direção-Geral do Consumidor, ANACOM, ERSE, or the responsible municipality","1","annual_candidate"
"2027-02-06","11:30","2","iva","audience","Monthly versus quarterly IVA for freelancers and small businesses","freelancers and small businesses","high","evergreen","none","IVA | Imposto sobre o Valor Acrescentado","IVA | CIVA | artigo 53 | declaração periódica | VIES","Autoridade Tributária or Diário da República","2","annual_candidate"
"2027-02-06","14:30","3","employment","golden_tip","Working-time records: one golden tip and what to verify","employees and job seekers","medium","evergreen","none","working records","contrato de trabalho | emprego | salário | férias | desemprego","ACT, Segurança Social, IEFP, gov.pt, or Diário da República","2","annual_candidate"
"2027-02-06","18:00","4","identity_access","foundation","NEWS RESERVE — fallback: Changing the address linked to your NIF: a plain-English explanation","new residents","medium","news_flex","breaking_news","NIF | número de identificação fiscal","NIF | NISS | Chave Móvel Digital | Portal das Finanças | Segurança Social Direta","Official-source verification required; otherwise use fallback","1","annual_candidate"
"2027-02-06","21:00","5","irs","action","Reviewing automatic IRS: a practical step-by-step checklist","people filing personal income tax","high","evergreen","none","IRS | Imposto sobre o Rendimento das Pessoas Singulares","IRS | Modelo 3 | e-Fatura | Anexo J | IRS Automático","Autoridade Tributária or Diário da República","1","annual_candidate"
"2027-02-07","08:30","1","citizenship_civil","audience","Marriage registration for residents building a long-term life","residents building a long-term life","high","evergreen","none","marriage registration","IRN | cidadania | nacionalidade | registo civil | Nascer Cidadão","IRN, gov.pt, or Diário da República","1","annual_candidate"
"2027-02-07","11:30","2","housing_property","golden_tip","Temporary IMI exemptions: one golden tip and what to verify","renters and property owners","high","evergreen","none","IMI | Imposto Municipal sobre Imóveis","arrendamento | IMI | AIMI | IMT | imóvel | habitação","Autoridade Tributária, gov.pt, Diário da República, or the responsible municipality","1","annual_candidate"
"2027-02-07","14:30","3","education_children","foundation","Student residence administration: a plain-English explanation","families and students","medium","evergreen","none","AIMA | autorização de residência","matrícula escolar | educação | equivalência | reconhecimento | MEGA","Direção-Geral da Educação, DGES, gov.pt, or Diário da República","1","annual_candidate"
"2027-02-07","18:00","4","daily_life_consumer","action","NEWS RESERVE — fallback: Document-expiry monthly review: a practical step-by-step checklist","everyone living in Portugal","low","news_flex","breaking_news","document expiry monthly","ePortugal | Livro de Reclamações | ANACOM | energia | telecomunicações","Official-source verification required; otherwise use fallback","1","annual_candidate"
"2027-02-07","21:00","5","banking_money","edge_case","Paying the state through Multibanco: mistakes, exceptions and edge cases","people managing money in Portugal","medium","evergreen","none","Banco de Portugal | IBAN | SEPA","Banco de Portugal | SEPA | conta bancária | IBAN | crédito","Banco de Portugal, European Central Bank, or gov.pt","2","annual_candidate"
"2027-02-08","08:30","1","irs","golden_tip","Who normally files Modelo 3: one golden tip and what to verify","people filing personal income tax","high","evergreen","none","Modelo 3 | declaração de rendimentos","IRS | Modelo 3 | e-Fatura | Anexo J | IRS Automático","Autoridade Tributária or Diário da República","1","annual_candidate"
"2027-02-08","11:30","2","health_family","foundation","Registering a birth: a plain-English explanation","individuals and families","medium","evergreen","none","registering birth","SNS | centro de saúde | médico de família | nascimento | família","SNS, SNS 24, gov.pt, or Diário da República","2","annual_candidate"
"2027-02-08","14:30","3","immigration_residency","action","Replacing a lost residence document: a practical step-by-step checklist","international residents","high","evergreen","none","AIMA | autorização de residência","AIMA | autorização de residência | visto | reagrupamento familiar | CPLP","AIMA, gov.pt, Diário da República, or IRN as applicable","2","annual_candidate"
"2027-02-08","18:00","4","identity_access","edge_case","NEWS RESERVE — fallback: Tax representation and when it applies: mistakes, exceptions and edge cases","new residents","medium","news_flex","breaking_news","representation applies","NIF | NISS | Chave Móvel Digital | Portal das Finanças | Segurança Social Direta","Official-source verification required; otherwise use fallback","2","annual_candidate"
"2027-02-08","21:00","5","driving_transport","audience","Driving-licence exchange documents for drivers and commuters","drivers and commuters","medium","evergreen","none","driving licence exchange","IMT | carta de condução | IUC | veículo | Via Verde","IMT, Autoridade Tributária, gov.pt, or Diário da República","3","annual_candidate"
"2027-02-09","08:30","1","banking_money","foundation","Documents banks request: a plain-English explanation","people managing money in Portugal","medium","evergreen","none","Banco de Portugal | IBAN | SEPA","Banco de Portugal | SEPA | conta bancária | IBAN | crédito","Banco de Portugal, European Central Bank, or gov.pt","2","annual_candidate"
"2027-02-09","11:30","2","daily_life_consumer","action","Finding the correct municipal office: a practical step-by-step checklist","everyone living in Portugal","low","evergreen","none","finding correct municipal","ePortugal | Livro de Reclamações | ANACOM | energia | telecomunicações","gov.pt, Direção-Geral do Consumidor, ANACOM, ERSE, or the responsible municipality","2","annual_candidate"
"2027-02-09","14:30","3","iva","edge_case","IVA when buying business services abroad: mistakes, exceptions and edge cases","freelancers and small businesses","high","evergreen","none","IVA | Imposto sobre o Valor Acrescentado","IVA | CIVA | artigo 53 | declaração periódica | VIES","Autoridade Tributária or Diário da República","2","annual_candidate"
"2027-02-09","18:00","4","employment","audience","NEWS RESERVE — fallback: Working for a foreign employer for employees and job seekers","employees and job seekers","medium","news_flex","breaking_news","contrato de trabalho | Código do Trabalho","contrato de trabalho | emprego | salário | férias | desemprego","Official-source verification required; otherwise use fallback","2","annual_candidate"
"2027-02-09","21:00","5","identity_access","golden_tip","Using gov.pt authentication: one golden tip and what to verify","new residents","medium","evergreen","none","using authentication","NIF | NISS | Chave Móvel Digital | Portal das Finanças | Segurança Social Direta","gov.pt, Autoridade Tributária, Segurança Social, or Autenticação.gov as applicable","2","annual_candidate"
"2027-02-10","08:30","1","driving_transport","action","Car-insurance documents: a practical step-by-step checklist","drivers and commuters","medium","evergreen","none","insurance documents","IMT | carta de condução | IUC | veículo | Via Verde","IMT, Autoridade Tributária, gov.pt, or Diário da República","1","annual_candidate"
"2027-02-10","11:30","2","citizenship_civil","edge_case","Portuguese citizenship document checklist: mistakes, exceptions and edge cases","residents building a long-term life","high","evergreen","none","citizenship document","IRN | cidadania | nacionalidade | registo civil | Nascer Cidadão","IRN, gov.pt, or Diário da República","2","annual_candidate"
"2027-02-10","14:30","3","housing_property","audience","Buying as a non-resident for renters and property owners","renters and property owners","high","evergreen","none","arrendamento | contrato de arrendamento","arrendamento | IMI | AIMI | IMT | imóvel | habitação","Autoridade Tributária, gov.pt, Diário da República, or the responsible municipality","1","annual_candidate"
"2027-02-10","18:00","4","education_children","golden_tip","NEWS RESERVE — fallback: School-meal and support applications: one golden tip and what to verify","families and students","medium","news_flex","breaking_news","matrículas | Portal das Matrículas | educação","matrícula escolar | educação | equivalência | reconhecimento | MEGA","Official-source verification required; otherwise use fallback","1","annual_candidate"
"2027-02-10","21:00","5","health_family","foundation","Changing address in health records: a plain-English explanation","individuals and families","medium","evergreen","none","registo de saúde | processo clínico | SNS","SNS | centro de saúde | médico de família | nascimento | família","SNS, SNS 24, gov.pt, or Diário da República","3","annual_candidate"
"2027-02-11","08:30","1","identity_access","edge_case","Getting a NIF as a resident: mistakes, exceptions and edge cases","new residents","medium","evergreen","none","NIF | número de identificação fiscal","NIF | NISS | Chave Móvel Digital | Portal das Finanças | Segurança Social Direta","gov.pt, Autoridade Tributária, Segurança Social, or Autenticação.gov as applicable","1","annual_candidate"
"2027-02-11","11:30","2","irs","audience","Foreign bank accounts in Anexo J for people filing personal income tax","people filing personal income tax","high","evergreen","none","IRS | Imposto sobre o Rendimento das Pessoas Singulares | Banco de Portugal | IBAN | SEPA","IRS | Modelo 3 | e-Fatura | Anexo J | IRS Automático","Autoridade Tributária or Diário da República","2","annual_candidate"
"2027-02-11","14:30","3","health_family","golden_tip","Requesting or changing a family doctor: one golden tip and what to verify","individuals and families","medium","evergreen","none","médico de família | SNS","SNS | centro de saúde | médico de família | nascimento | família","SNS, SNS 24, gov.pt, or Diário da República","2","annual_candidate"
"2027-02-11","18:00","4","immigration_residency","foundation","NEWS RESERVE — fallback: Using the AIMA renewals portal: a plain-English explanation","international residents","high","news_flex","breaking_news","AIMA | autorização de residência","AIMA | autorização de residência | visto | reagrupamento familiar | CPLP","Official-source verification required; otherwise use fallback","2","annual_candidate"
"2027-02-11","21:00","5","driving_transport","action","Buying a used car: a practical step-by-step checklist","drivers and commuters","medium","evergreen","none","buying","IMT | carta de condução | IUC | veículo | Via Verde","IMT, Autoridade Tributária, gov.pt, or Diário da República","1","annual_candidate"
"2027-02-12","08:30","1","freelance_business","audience","Correcting a Portuguese invoice for freelancers and solo founders","freelancers and solo founders","high","evergreen","none","correcting invoice","trabalhador independente | abrir atividade | recibos verdes | CAE | CIRS","Autoridade Tributária, Segurança Social, gov.pt, or Diário da República","2","annual_candidate"
"2027-02-12","11:30","2","banking_money","golden_tip","Basic bank accounts: one golden tip and what to verify","people managing money in Portugal","medium","evergreen","none","Banco de Portugal | IBAN | SEPA","Banco de Portugal | SEPA | conta bancária | IBAN | crédito","Banco de Portugal, European Central Bank, or gov.pt","1","annual_candidate"
"2027-02-12","14:30","3","daily_life_consumer","foundation","Cancelling a consumer contract: a plain-English explanation","everyone living in Portugal","low","evergreen","none","Livro de Reclamações | Direção-Geral do Consumidor","ePortugal | Livro de Reclamações | ANACOM | energia | telecomunicações","gov.pt, Direção-Geral do Consumidor, ANACOM, ERSE, or the responsible municipality","2","annual_candidate"
"2027-02-12","18:00","4","iva","action","NEWS RESERVE — fallback: Leaving the IVA exemption: a practical step-by-step checklist","freelancers and small businesses","high","news_flex","breaking_news","IVA | Imposto sobre o Valor Acrescentado","IVA | CIVA | artigo 53 | declaração periódica | VIES","Official-source verification required; otherwise use fallback","3","annual_candidate"
"2027-02-12","21:00","5","employment","edge_case","Probation periods: mistakes, exceptions and edge cases","employees and job seekers","medium","evergreen","none","probation periods","contrato de trabalho | emprego | salário | férias | desemprego","ACT, Segurança Social, IEFP, gov.pt, or Diário da República","3","annual_candidate"
"2027-02-13","08:30","1","social_security","golden_tip","Checking contribution history: one golden tip and what to verify","workers and freelancers","high","evergreen","none","checking contribution history","Segurança Social | declaração trimestral | contribuições | NISS | desemprego","Segurança Social, gov.pt, or Diário da República","1","annual_candidate"
"2027-02-13","11:30","2","driving_transport","foundation","What happens when a foreign licence expires: a plain-English explanation","drivers and commuters","medium","evergreen","none","happens foreign licence","IMT | carta de condução | IUC | veículo | Via Verde","IMT, Autoridade Tributária, gov.pt, or Diário da República","1","annual_candidate"
"2027-02-13","14:30","3","citizenship_civil","action","Tracking an IRN application: a practical step-by-step checklist","residents building a long-term life","high","evergreen","none","tracking application | IRN","IRN | cidadania | nacionalidade | registo civil | Nascer Cidadão","IRN, gov.pt, or Diário da República","2","annual_candidate"
"2027-02-13","18:00","4","education_children","edge_case","NEWS RESERVE — fallback: School calendar basics: mistakes, exceptions and edge cases","families and students","medium","news_flex","breaking_news","matrículas | Portal das Matrículas | educação","matrícula escolar | educação | equivalência | reconhecimento | MEGA","Official-source verification required; otherwise use fallback","1","annual_candidate"
"2027-02-13","21:00","5","education_children","audience","Enrolling a child in a Portuguese school for families and students","families and students","medium","evergreen","none","matrículas | Portal das Matrículas | educação","matrícula escolar | educação | equivalência | reconhecimento | MEGA","Direção-Geral da Educação, DGES, gov.pt, or Diário da República","2","annual_candidate"
"2027-02-14","08:30","1","employment","foundation","Working for a foreign employer: a plain-English explanation","employees and job seekers","medium","evergreen","none","working foreign employer","contrato de trabalho | emprego | salário | férias | desemprego","ACT, Segurança Social, IEFP, gov.pt, or Diário da República","1","annual_candidate"
"2027-02-14","11:30","2","identity_access","action","Changing the temporary Finanças password: a practical step-by-step checklist","new residents","medium","evergreen","none","changing temporary finanças","NIF | NISS | Chave Móvel Digital | Portal das Finanças | Segurança Social Direta","gov.pt, Autoridade Tributária, Segurança Social, or Autenticação.gov as applicable","2","annual_candidate"
"2027-02-14","14:30","3","irs","edge_case","Keeping an IRS submission receipt: mistakes, exceptions and edge cases","people filing personal income tax","high","evergreen","none","IRS | Imposto sobre o Rendimento das Pessoas Singulares","IRS | Modelo 3 | e-Fatura | Anexo J | IRS Automático","Autoridade Tributária or Diário da República","1","annual_candidate"
"2027-02-14","18:00","4","health_family","audience","NEWS RESERVE — fallback: Registering a birth for individuals and families","individuals and families","medium","news_flex","breaking_news","registering birth","SNS | centro de saúde | médico de família | nascimento | família","Official-source verification required; otherwise use fallback","2","annual_candidate"
"2027-02-14","21:00","5","immigration_residency","golden_tip","Changing address during an immigration process: one golden tip and what to verify","international residents","high","evergreen","none","changing address during","AIMA | autorização de residência | visto | reagrupamento familiar | CPLP","AIMA, gov.pt, Diário da República, or IRN as applicable","3","annual_candidate"
"2027-02-15","08:30","1","education_children","action","Renewing school enrolment: a practical step-by-step checklist","families and students","medium","evergreen","none","matrículas | Portal das Matrículas | educação","matrícula escolar | educação | equivalência | reconhecimento | MEGA","Direção-Geral da Educação, DGES, gov.pt, or Diário da República","1","annual_candidate"
"2027-02-15","11:30","2","freelance_business","edge_case","Proof to retain after opening activity: mistakes, exceptions and edge cases","freelancers and solo founders","high","evergreen","none","proof retain opening","trabalhador independente | abrir atividade | recibos verdes | CAE | CIRS","Autoridade Tributária, Segurança Social, gov.pt, or Diário da República","2","annual_candidate"
"2027-02-15","14:30","3","banking_money","audience","Deposit protection basics for people managing money in Portugal","people managing money in Portugal","medium","evergreen","none","deposit protection basics","Banco de Portugal | SEPA | conta bancária | IBAN | crédito","Banco de Portugal, European Central Bank, or gov.pt","1","annual_candidate"
"2027-02-15","18:00","4","daily_life_consumer","golden_tip","NEWS RESERVE — fallback: Using ePortugal to find public services: one golden tip and what to verify","everyone living in Portugal","low","news_flex","breaking_news","using eportugal public | ePortugal","ePortugal | Livro de Reclamações | ANACOM | energia | telecomunicações","Official-source verification required; otherwise use fallback","2","annual_candidate"
"2027-02-15","21:00","5","iva","foundation","IVA on digital services: a plain-English explanation","freelancers and small businesses","high","evergreen","none","IVA | Imposto sobre o Valor Acrescentado","IVA | CIVA | artigo 53 | declaração periódica | VIES","Autoridade Tributária or Diário da República","2","annual_candidate"
"2027-02-16","08:30","1","immigration_residency","edge_case","Residence renewal preparation: mistakes, exceptions and edge cases","international residents","high","evergreen","none","AIMA | autorização de residência","AIMA | autorização de residência | visto | reagrupamento familiar | CPLP","AIMA, gov.pt, Diário da República, or IRN as applicable","1","annual_candidate"
"2027-02-16","11:30","2","social_security","audience","What Portuguese Social Security covers for workers and freelancers","workers and freelancers","high","evergreen","none","Segurança Social | declaração trimestral","Segurança Social | declaração trimestral | contribuições | NISS | desemprego","Segurança Social, gov.pt, or Diário da República","1","annual_candidate"
"2027-02-16","14:30","3","driving_transport","golden_tip","Via Verde basics: one golden tip and what to verify","drivers and commuters","medium","evergreen","none","verde basics | Via Verde","IMT | carta de condução | IUC | veículo | Via Verde","IMT, Autoridade Tributária, gov.pt, or Diário da República","2","annual_candidate"
"2027-02-16","18:00","4","banking_money","foundation","NEWS RESERVE — fallback: SEPA transfers: a plain-English explanation","people managing money in Portugal","medium","news_flex","breaking_news","Banco de Portugal | IBAN | SEPA","Banco de Portugal | SEPA | conta bancária | IBAN | crédito","Official-source verification required; otherwise use fallback","1","annual_candidate"
"2027-02-16","21:00","5","employment","action","Working-time records: a practical step-by-step checklist","employees and job seekers","medium","evergreen","none","working records","contrato de trabalho | emprego | salário | férias | desemprego","ACT, Segurança Social, IEFP, gov.pt, or Diário da República","1","annual_candidate"
"2027-02-17","08:30","1","iva","audience","Leaving the IVA exemption for freelancers and small businesses","freelancers and small businesses","high","evergreen","none","IVA | Imposto sobre o Valor Acrescentado","IVA | CIVA | artigo 53 | declaração periódica | VIES","Autoridade Tributária or Diário da República","1","annual_candidate"
"2027-02-17","11:30","2","employment","golden_tip","Fixed-term versus permanent contracts: one golden tip and what to verify","employees and job seekers","medium","evergreen","none","fixed versus permanent","contrato de trabalho | emprego | salário | férias | desemprego","ACT, Segurança Social, IEFP, gov.pt, or Diário da República","1","annual_candidate"
"2027-02-17","14:30","3","identity_access","foundation","Finding your NIF on official documents: a plain-English explanation","new residents","medium","evergreen","none","NIF | número de identificação fiscal","NIF | NISS | Chave Móvel Digital | Portal das Finanças | Segurança Social Direta","gov.pt, Autoridade Tributária, Segurança Social, or Autenticação.gov as applicable","1","annual_candidate"
"2027-02-17","18:00","4","irs","action","NEWS RESERVE — fallback: Validating e-Fatura expenses: a practical step-by-step checklist","people filing personal income tax","high","news_flex","breaking_news","e-Fatura | faturas","IRS | Modelo 3 | e-Fatura | Anexo J | IRS Automático","Official-source verification required; otherwise use fallback","2","annual_candidate"
"2027-02-17","21:00","5","health_family","edge_case","Requesting or changing a family doctor: mistakes, exceptions and edge cases","individuals and families","medium","evergreen","none","médico de família | SNS","SNS | centro de saúde | médico de família | nascimento | família","SNS, SNS 24, gov.pt, or Diário da República","1","annual_candidate"
"2027-02-18","08:30","1","housing_property","golden_tip","What IMI is: one golden tip and what to verify","renters and property owners","high","evergreen","none","IMI | Imposto Municipal sobre Imóveis","arrendamento | IMI | AIMI | IMT | imóvel | habitação","Autoridade Tributária, gov.pt, Diário da República, or the responsible municipality","1","annual_candidate"
"2027-02-18","11:30","2","education_children","foundation","Recognising a foreign degree: a plain-English explanation","families and students","medium","evergreen","none","recognising foreign degree","matrícula escolar | educação | equivalência | reconhecimento | MEGA","Direção-Geral da Educação, DGES, gov.pt, or Diário da República","3","annual_candidate"
"2027-02-18","14:30","3","freelance_business","action","Correcting a Portuguese invoice: a practical step-by-step checklist","freelancers and solo founders","high","evergreen","none","correcting invoice","trabalhador independente | abrir atividade | recibos verdes | CAE | CIRS","Autoridade Tributária, Segurança Social, gov.pt, or Diário da República","1","annual_candidate"
"2027-02-18","18:00","4","banking_money","edge_case","NEWS RESERVE — fallback: Direct debits: mistakes, exceptions and edge cases","people managing money in Portugal","medium","news_flex","breaking_news","direct debits","Banco de Portugal | SEPA | conta bancária | IBAN | crédito","Official-source verification required; otherwise use fallback","1","annual_candidate"
"2027-02-18","21:00","5","daily_life_consumer","audience","Mobile-phone contracts for everyone living in Portugal","everyone living in Portugal","low","evergreen","none","mobile phone contracts","ePortugal | Livro de Reclamações | ANACOM | energia | telecomunicações","gov.pt, Direção-Geral do Consumidor, ANACOM, ERSE, or the responsible municipality","3","annual_candidate"
"2027-02-19","08:30","1","health_family","foundation","Pregnancy and birth administration: a plain-English explanation","individuals and families","medium","evergreen","none","pregnancy birth administration","SNS | centro de saúde | médico de família | nascimento | família","SNS, SNS 24, gov.pt, or Diário da República","2","annual_candidate"
"2027-02-19","11:30","2","immigration_residency","action","Changing address during an immigration process: a practical step-by-step checklist","international residents","high","evergreen","none","changing address during","AIMA | autorização de residência | visto | reagrupamento familiar | CPLP","AIMA, gov.pt, Diário da República, or IRN as applicable","2","annual_candidate"
"2027-02-19","14:30","3","social_security","edge_case","Freelancing while employed: mistakes, exceptions and edge cases","workers and freelancers","high","evergreen","none","freelancing while employed","Segurança Social | declaração trimestral | contribuições | NISS | desemprego","Segurança Social, gov.pt, or Diário da República","1","annual_candidate"
"2027-02-19","18:00","4","driving_transport","audience","NEWS RESERVE — fallback: Exchanging a non-EU driving licence for drivers and commuters","drivers and commuters","medium","news_flex","breaking_news","carta de condução | IMT","IMT | carta de condução | IUC | veículo | Via Verde","Official-source verification required; otherwise use fallback","2","annual_candidate"
"2027-02-19","21:00","5","education_children","golden_tip","Renewing school enrolment: one golden tip and what to verify","families and students","medium","evergreen","none","matrículas | Portal das Matrículas | educação","matrícula escolar | educação | equivalência | reconhecimento | MEGA","Direção-Geral da Educação, DGES, gov.pt, or Diário da República","2","annual_candidate"
"2027-02-20","08:30","1","daily_life_consumer","action","Using ePortugal to find public services: a practical step-by-step checklist","everyone living in Portugal","low","evergreen","none","using eportugal public | ePortugal","ePortugal | Livro de Reclamações | ANACOM | energia | telecomunicações","gov.pt, Direção-Geral do Consumidor, ANACOM, ERSE, or the responsible municipality","1","annual_candidate"
"2027-02-20","11:30","2","iva","edge_case","Invoicing a non-EU customer: mistakes, exceptions and edge cases","freelancers and small businesses","high","evergreen","none","invoicing customer","IVA | CIVA | artigo 53 | declaração periódica | VIES","Autoridade Tributária or Diário da República","2","annual_candidate"
"2027-02-20","14:30","3","employment","audience","Unemployment-benefit preparation for employees and job seekers","employees and job seekers","medium","evergreen","none","contrato de trabalho | Código do Trabalho","contrato de trabalho | emprego | salário | férias | desemprego","ACT, Segurança Social, IEFP, gov.pt, or Diário da República","2","annual_candidate"
"2027-02-20","18:00","4","identity_access","golden_tip","NEWS RESERVE — fallback: What Chave Móvel Digital does: one golden tip and what to verify","new residents","medium","news_flex","breaking_news","Chave Móvel Digital | autenticação.gov","NIF | NISS | Chave Móvel Digital | Portal das Finanças | Segurança Social Direta","Official-source verification required; otherwise use fallback","2","annual_candidate"
"2027-02-20","21:00","5","irs","foundation","Employment income and IRS: a plain-English explanation","people filing personal income tax","high","evergreen","none","IRS | Imposto sobre o Rendimento das Pessoas Singulares","IRS | Modelo 3 | e-Fatura | Anexo J | IRS Automático","Autoridade Tributária or Diário da República","1","annual_candidate"
"2027-02-21","08:30","1","citizenship_civil","edge_case","Residence and citizenship are different processes: mistakes, exceptions and edge cases","residents building a long-term life","high","evergreen","none","AIMA | autorização de residência | arrendamento | contrato de arrendamento","IRN | cidadania | nacionalidade | registo civil | Nascer Cidadão","IRN, gov.pt, or Diário da República","1","annual_candidate"
"2027-02-21","11:30","2","housing_property","audience","Buying a primary residence for renters and property owners","renters and property owners","high","evergreen","none","AIMA | autorização de residência | arrendamento | contrato de arrendamento","arrendamento | IMI | AIMI | IMT | imóvel | habitação","Autoridade Tributária, gov.pt, Diário da República, or the responsible municipality","1","annual_candidate"
"2027-02-21","14:30","3","education_children","golden_tip","Recognising foreign school records: one golden tip and what to verify","families and students","medium","evergreen","none","matrículas | Portal das Matrículas | educação","matrícula escolar | educação | equivalência | reconhecimento | MEGA","Direção-Geral da Educação, DGES, gov.pt, or Diário da República","1","annual_candidate"
"2027-02-21","18:00","4","daily_life_consumer","foundation","NEWS RESERVE — fallback: Booking public-service appointments: a plain-English explanation","everyone living in Portugal","low","news_flex","breaking_news","booking public service","ePortugal | Livro de Reclamações | ANACOM | energia | telecomunicações","Official-source verification required; otherwise use fallback","1","annual_candidate"
"2027-02-21","21:00","5","banking_money","action","Avoiding payment-reference scams: a practical step-by-step checklist","people managing money in Portugal","medium","evergreen","none","avoiding payment reference","Banco de Portugal | SEPA | conta bancária | IBAN | crédito","Banco de Portugal, European Central Bank, or gov.pt","2","annual_candidate"
"2027-02-22","08:30","1","irs","audience","Correcting an IRS return for people filing personal income tax","people filing personal income tax","high","evergreen","none","IRS | Imposto sobre o Rendimento das Pessoas Singulares","IRS | Modelo 3 | e-Fatura | Anexo J | IRS Automático","Autoridade Tributária or Diário da República","1","annual_candidate"
"2027-02-22","11:30","2","health_family","golden_tip","Getting an SNS user number: one golden tip and what to verify","individuals and families","medium","evergreen","none","getting number | SNS","SNS | centro de saúde | médico de família | nascimento | família","SNS, SNS 24, gov.pt, or Diário da República","2","annual_candidate"
"2027-02-22","14:30","3","immigration_residency","foundation","Preparing for an AIMA appointment: a plain-English explanation","international residents","high","evergreen","none","AIMA | autorização de residência","AIMA | autorização de residência | visto | reagrupamento familiar | CPLP","AIMA, gov.pt, Diário da República, or IRN as applicable","3","annual_candidate"
"2027-02-22","18:00","4","identity_access","action","NEWS RESERVE — fallback: Activating Chave Móvel Digital: a practical step-by-step checklist","new residents","medium","news_flex","breaking_news","Chave Móvel Digital | autenticação.gov | IVA | Imposto sobre o Valor Acrescentado","NIF | NISS | Chave Móvel Digital | Portal das Finanças | Segurança Social Direta","Official-source verification required; otherwise use fallback","2","annual_candidate"
"2027-02-22","21:00","5","driving_transport","edge_case","IUC payment timing: mistakes, exceptions and edge cases","drivers and commuters","medium","evergreen","none","IUC | Imposto Único de Circulação","IMT | carta de condução | IUC | veículo | Via Verde","IMT, Autoridade Tributária, gov.pt, or Diário da República","3","annual_candidate"
"2027-02-23","08:30","1","banking_money","golden_tip","Bank fees and account packages: one golden tip and what to verify","people managing money in Portugal","medium","evergreen","none","Banco de Portugal | IBAN | SEPA","Banco de Portugal | SEPA | conta bancária | IBAN | crédito","Banco de Portugal, European Central Bank, or gov.pt","2","annual_candidate"
"2027-02-23","11:30","2","daily_life_consumer","foundation","Internet installation documents: a plain-English explanation","everyone living in Portugal","low","evergreen","none","internet installation documents","ePortugal | Livro de Reclamações | ANACOM | energia | telecomunicações","gov.pt, Direção-Geral do Consumidor, ANACOM, ERSE, or the responsible municipality","2","annual_candidate"
"2027-02-23","14:30","3","iva","action","Entering the normal IVA regime: a practical step-by-step checklist","freelancers and small businesses","high","evergreen","none","IVA | Imposto sobre o Valor Acrescentado","IVA | CIVA | artigo 53 | declaração periódica | VIES","Autoridade Tributária or Diário da República","2","annual_candidate"
"2027-02-23","18:00","4","employment","edge_case","NEWS RESERVE — fallback: Payslip basics: mistakes, exceptions and edge cases","employees and job seekers","medium","news_flex","breaking_news","contrato de trabalho | Código do Trabalho","contrato de trabalho | emprego | salário | férias | desemprego","Official-source verification required; otherwise use fallback","2","annual_candidate"
"2027-02-23","21:00","5","identity_access","audience","Tax representation and when it applies for new residents","new residents","medium","evergreen","none","representation applies","NIF | NISS | Chave Móvel Digital | Portal das Finanças | Segurança Social Direta","gov.pt, Autoridade Tributária, Segurança Social, or Autenticação.gov as applicable","2","annual_candidate"
"2027-02-24","08:30","1","driving_transport","foundation","Exchanging a non-EU driving licence: a plain-English explanation","drivers and commuters","medium","evergreen","none","carta de condução | IMT","IMT | carta de condução | IUC | veículo | Via Verde","IMT, Autoridade Tributária, gov.pt, or Diário da República","1","annual_candidate"
"2027-02-24","11:30","2","citizenship_civil","action","Certified translations: a practical step-by-step checklist","residents building a long-term life","high","evergreen","none","certified translations","IRN | cidadania | nacionalidade | registo civil | Nascer Cidadão","IRN, gov.pt, or Diário da República","2","annual_candidate"
"2027-02-24","14:30","3","housing_property","edge_case","Registering a rental contract: mistakes, exceptions and edge cases","renters and property owners","high","evergreen","none","arrendamento | contrato de arrendamento","arrendamento | IMI | AIMI | IMT | imóvel | habitação","Autoridade Tributária, gov.pt, Diário da República, or the responsible municipality","1","annual_candidate"
"2027-02-24","18:00","4","education_children","audience","NEWS RESERVE — fallback: Student residence administration for families and students","families and students","medium","news_flex","breaking_news","AIMA | autorização de residência","matrícula escolar | educação | equivalência | reconhecimento | MEGA","Official-source verification required; otherwise use fallback","1","annual_candidate"
"2027-02-24","21:00","5","health_family","golden_tip","European Health Insurance Card: one golden tip and what to verify","individuals and families","medium","evergreen","none","european health insurance","SNS | centro de saúde | médico de família | nascimento | família","SNS, SNS 24, gov.pt, or Diário da República","2","annual_candidate"
"2027-02-25","08:30","1","identity_access","action","Recovering Portal das Finanças access: a practical step-by-step checklist","new residents","medium","evergreen","none","recovering portal finanças | Portal das Finanças","NIF | NISS | Chave Móvel Digital | Portal das Finanças | Segurança Social Direta","gov.pt, Autoridade Tributária, Segurança Social, or Autenticação.gov as applicable","1","annual_candidate"
"2027-02-25","11:30","2","irs","edge_case","Paying an IRS balance: mistakes, exceptions and edge cases","people filing personal income tax","high","evergreen","none","IRS | Imposto sobre o Rendimento das Pessoas Singulares","IRS | Modelo 3 | e-Fatura | Anexo J | IRS Automático","Autoridade Tributária or Diário da República","2","annual_candidate"
"2027-02-25","14:30","3","health_family","audience","Pregnancy and birth administration for individuals and families","individuals and families","medium","evergreen","none","pregnancy birth administration","SNS | centro de saúde | médico de família | nascimento | família","SNS, SNS 24, gov.pt, or Diário da República","2","annual_candidate"
"2027-02-25","18:00","4","immigration_residency","golden_tip","NEWS RESERVE — fallback: Long-term resident status: one golden tip and what to verify","international residents","high","news_flex","breaking_news","resident status","AIMA | autorização de residência | visto | reagrupamento familiar | CPLP","Official-source verification required; otherwise use fallback","2","annual_candidate"
"2027-02-25","21:00","5","driving_transport","foundation","Via Verde basics: a plain-English explanation","drivers and commuters","medium","evergreen","none","verde basics | Via Verde","IMT | carta de condução | IUC | veículo | Via Verde","IMT, Autoridade Tributária, gov.pt, or Diário da República","2","annual_candidate"
"2027-02-26","08:30","1","freelance_business","edge_case","Using certified invoicing software: mistakes, exceptions and edge cases","freelancers and solo founders","high","evergreen","none","using certified invoicing","trabalhador independente | abrir atividade | recibos verdes | CAE | CIRS","Autoridade Tributária, Segurança Social, gov.pt, or Diário da República","2","annual_candidate"
"2027-02-26","11:30","2","banking_money","audience","Mortgage preparation for people managing money in Portugal","people managing money in Portugal","medium","evergreen","none","mortgage preparation","Banco de Portugal | SEPA | conta bancária | IBAN | crédito","Banco de Portugal, European Central Bank, or gov.pt","1","annual_candidate"
"2027-02-26","14:30","3","daily_life_consumer","golden_tip","When a municipal rule differs: one golden tip and what to verify","everyone living in Portugal","low","evergreen","none","municipal differs","ePortugal | Livro de Reclamações | ANACOM | energia | telecomunicações","gov.pt, Direção-Geral do Consumidor, ANACOM, ERSE, or the responsible municipality","2","annual_candidate"
"2027-02-26","18:00","4","iva","foundation","NEWS RESERVE — fallback: Reverse charge wording: a plain-English explanation","freelancers and small businesses","high","news_flex","breaking_news","reverse charge wording","IVA | CIVA | artigo 53 | declaração periódica | VIES","Official-source verification required; otherwise use fallback","3","annual_candidate"
"2027-02-26","21:00","5","employment","action","Keeping employment documents: a practical step-by-step checklist","employees and job seekers","medium","evergreen","none","keeping employment documents","contrato de trabalho | emprego | salário | férias | desemprego","ACT, Segurança Social, IEFP, gov.pt, or Diário da República","3","annual_candidate"
"2027-02-27","08:30","1","social_security","audience","Portable A1 certificates for workers and freelancers","workers and freelancers","high","evergreen","none","portable certificates","Segurança Social | declaração trimestral | contribuições | NISS | desemprego","Segurança Social, gov.pt, or Diário da República","1","annual_candidate"
"2027-02-27","11:30","2","driving_transport","golden_tip","Portuguese toll systems: one golden tip and what to verify","drivers and commuters","medium","evergreen","none","systems","IMT | carta de condução | IUC | veículo | Via Verde","IMT, Autoridade Tributária, gov.pt, or Diário da República","1","annual_candidate"
"2027-02-27","14:30","3","citizenship_civil","foundation","Marriage registration: a plain-English explanation","residents building a long-term life","high","evergreen","none","marriage registration","IRN | cidadania | nacionalidade | registo civil | Nascer Cidadão","IRN, gov.pt, or Diário da República","2","annual_candidate"
"2027-02-27","18:00","4","education_children","action","NEWS RESERVE — fallback: Enrolling a child in a Portuguese school: a practical step-by-step checklist","families and students","medium","news_flex","breaking_news","matrículas | Portal das Matrículas | educação","matrícula escolar | educação | equivalência | reconhecimento | MEGA","Official-source verification required; otherwise use fallback","1","annual_candidate"
"2027-02-27","21:00","5","education_children","edge_case","MEGA schoolbook vouchers: mistakes, exceptions and edge cases","families and students","medium","evergreen","none","matrículas | Portal das Matrículas | educação | MEGA","matrícula escolar | educação | equivalência | reconhecimento | MEGA","Direção-Geral da Educação, DGES, gov.pt, or Diário da República","3","annual_candidate"
"2027-02-28","08:30","1","employment","golden_tip","Payslip basics: one golden tip and what to verify","employees and job seekers","medium","evergreen","none","contrato de trabalho | Código do Trabalho","contrato de trabalho | emprego | salário | férias | desemprego","ACT, Segurança Social, IEFP, gov.pt, or Diário da República","1","annual_candidate"
"2027-02-28","11:30","2","identity_access","foundation","Getting a NIF as a resident: a plain-English explanation","new residents","medium","evergreen","none","NIF | número de identificação fiscal","NIF | NISS | Chave Móvel Digital | Portal das Finanças | Segurança Social Direta","gov.pt, Autoridade Tributária, Segurança Social, or Autenticação.gov as applicable","2","annual_candidate"
"2027-02-28","14:30","3","irs","action","Preparing for IRS season: a practical step-by-step checklist","people filing personal income tax","high","evergreen","none","IRS | Imposto sobre o Rendimento das Pessoas Singulares","IRS | Modelo 3 | e-Fatura | Anexo J | IRS Automático","Autoridade Tributária or Diário da República","1","annual_candidate"
"2027-02-28","18:00","4","health_family","edge_case","NEWS RESERVE — fallback: Getting an SNS user number: mistakes, exceptions and edge cases","individuals and families","medium","news_flex","breaking_news","getting number | SNS","SNS | centro de saúde | médico de família | nascimento | família","Official-source verification required; otherwise use fallback","2","annual_candidate"
"2027-02-28","21:00","5","immigration_residency","audience","Residence title versus EU registration certificate for international residents","international residents","high","evergreen","none","AIMA | autorização de residência","AIMA | autorização de residência | visto | reagrupamento familiar | CPLP","AIMA, gov.pt, Diário da República, or IRN as applicable","3","annual_candidate"
"2027-03-01","08:30","1","education_children","foundation","Applying to Portuguese higher education: a plain-English explanation","families and students","medium","evergreen","none","matrículas | Portal das Matrículas | educação","matrícula escolar | educação | equivalência | reconhecimento | MEGA","Direção-Geral da Educação, DGES, gov.pt, or Diário da República","1","annual_candidate"
"2027-03-01","11:30","2","freelance_business","action","Invoice, invoice-receipt and receipt differences: a practical step-by-step checklist","freelancers and solo founders","high","evergreen","none","invoice invoice receipt","trabalhador independente | abrir atividade | recibos verdes | CAE | CIRS","Autoridade Tributária, Segurança Social, gov.pt, or Diário da República","2","annual_candidate"
"2027-03-01","14:30","3","banking_money","edge_case","SEPA transfers: mistakes, exceptions and edge cases","people managing money in Portugal","medium","evergreen","none","Banco de Portugal | IBAN | SEPA","Banco de Portugal | SEPA | conta bancária | IBAN | crédito","Banco de Portugal, European Central Bank, or gov.pt","1","annual_candidate"
"2027-03-01","18:00","4","daily_life_consumer","audience","NEWS RESERVE — fallback: Changing telecom provider for everyone living in Portugal","everyone living in Portugal","low","news_flex","breaking_news","changing telecom provider","ePortugal | Livro de Reclamações | ANACOM | energia | telecomunicações","Official-source verification required; otherwise use fallback","3","annual_candidate"
"2027-03-01","21:00","5","iva","golden_tip","Monitoring the IVA exemption threshold: one golden tip and what to verify","freelancers and small businesses","high","evergreen","none","IVA | Imposto sobre o Valor Acrescentado","IVA | CIVA | artigo 53 | declaração periódica | VIES","Autoridade Tributária or Diário da República","2","annual_candidate"
"2027-03-02","08:30","1","immigration_residency","action","CPLP residence documentation: a practical step-by-step checklist","international residents","high","evergreen","none","AIMA | autorização de residência | CPLP","AIMA | autorização de residência | visto | reagrupamento familiar | CPLP","AIMA, gov.pt, Diário da República, or IRN as applicable","1","annual_candidate"
"2027-03-02","11:30","2","social_security","edge_case","Calculating relevant self-employed income: mistakes, exceptions and edge cases","workers and freelancers","high","evergreen","none","calculating relevant employed","Segurança Social | declaração trimestral | contribuições | NISS | desemprego","Segurança Social, gov.pt, or Diário da República","1","annual_candidate"
"2027-03-02","14:30","3","driving_transport","audience","Using a foreign driving licence in Portugal for drivers and commuters","drivers and commuters","medium","evergreen","none","carta de condução | IMT","IMT | carta de condução | IUC | veículo | Via Verde","IMT, Autoridade Tributária, gov.pt, or Diário da República","2","annual_candidate"
"2027-03-02","18:00","4","banking_money","golden_tip","NEWS RESERVE — fallback: Changing banks: one golden tip and what to verify","people managing money in Portugal","medium","news_flex","breaking_news","Banco de Portugal | IBAN | SEPA","Banco de Portugal | SEPA | conta bancária | IBAN | crédito","Official-source verification required; otherwise use fallback","2","annual_candidate"
"2027-03-02","21:00","5","employment","foundation","Unemployment-benefit preparation: a plain-English explanation","employees and job seekers","medium","evergreen","none","unemployment benefit preparation","contrato de trabalho | emprego | salário | férias | desemprego","ACT, Segurança Social, IEFP, gov.pt, or Diário da República","1","annual_candidate"
"2027-03-03","08:30","1","iva","edge_case","Reverse charge wording: mistakes, exceptions and edge cases","freelancers and small businesses","high","evergreen","none","reverse charge wording","IVA | CIVA | artigo 53 | declaração periódica | VIES","Autoridade Tributária or Diário da República","1","annual_candidate"
"2027-03-03","11:30","2","employment","audience","Registering with IEFP for employees and job seekers","employees and job seekers","medium","evergreen","none","contrato de trabalho | Código do Trabalho","contrato de trabalho | emprego | salário | férias | desemprego","ACT, Segurança Social, IEFP, gov.pt, or Diário da República","1","annual_candidate"
"2027-03-03","14:30","3","identity_access","golden_tip","Confirming email and mobile contacts on Finanças: one golden tip and what to verify","new residents","medium","evergreen","none","confirming email mobile","NIF | NISS | Chave Móvel Digital | Portal das Finanças | Segurança Social Direta","gov.pt, Autoridade Tributária, Segurança Social, or Autenticação.gov as applicable","1","annual_candidate"
"2027-03-03","18:00","4","irs","foundation","NEWS RESERVE — fallback: Freelance income and IRS: a plain-English explanation","people filing personal income tax","high","news_flex","breaking_news","IRS | Imposto sobre o Rendimento das Pessoas Singulares","IRS | Modelo 3 | e-Fatura | Anexo J | IRS Automático","Official-source verification required; otherwise use fallback","2","annual_candidate"
"2027-03-03","21:00","5","health_family","action","Pregnancy and birth administration: a practical step-by-step checklist","individuals and families","medium","evergreen","none","pregnancy birth administration","SNS | centro de saúde | médico de família | nascimento | família","SNS, SNS 24, gov.pt, or Diário da República","1","annual_candidate"
"2027-03-04","08:30","1","housing_property","audience","Property tax value versus market value for renters and property owners","renters and property owners","high","evergreen","none","arrendamento | contrato de arrendamento","arrendamento | IMI | AIMI | IMT | imóvel | habitação","Autoridade Tributária, gov.pt, Diário da República, or the responsible municipality","1","annual_candidate"
"2027-03-04","11:30","2","education_children","golden_tip","Renewing school enrolment: one golden tip and what to verify","families and students","medium","evergreen","none","matrículas | Portal das Matrículas | educação","matrícula escolar | educação | equivalência | reconhecimento | MEGA","Direção-Geral da Educação, DGES, gov.pt, or Diário da República","3","annual_candidate"
"2027-03-04","14:30","3","freelance_business","foundation","Using certified invoicing software: a plain-English explanation","freelancers and solo founders","high","evergreen","none","using certified invoicing","trabalhador independente | abrir atividade | recibos verdes | CAE | CIRS","Autoridade Tributária, Segurança Social, gov.pt, or Diário da República","1","annual_candidate"
"2027-03-04","18:00","4","banking_money","action","NEWS RESERVE — fallback: Closing a bank account: a practical step-by-step checklist","people managing money in Portugal","medium","news_flex","breaking_news","Banco de Portugal | IBAN | SEPA","Banco de Portugal | SEPA | conta bancária | IBAN | crédito","Official-source verification required; otherwise use fallback","1","annual_candidate"
"2027-03-04","21:00","5","daily_life_consumer","edge_case","Document-expiry monthly review: mistakes, exceptions and edge cases","everyone living in Portugal","low","evergreen","none","document expiry monthly","ePortugal | Livro de Reclamações | ANACOM | energia | telecomunicações","gov.pt, Direção-Geral do Consumidor, ANACOM, ERSE, or the responsible municipality","3","annual_candidate"
"2027-03-05","08:30","1","health_family","golden_tip","Registering with the SNS: one golden tip and what to verify","individuals and families","medium","evergreen","none","registering | SNS","SNS | centro de saúde | médico de família | nascimento | família","SNS, SNS 24, gov.pt, or Diário da República","2","annual_candidate"
"2027-03-05","11:30","2","immigration_residency","foundation","Residence title versus EU registration certificate: a plain-English explanation","international residents","high","evergreen","none","AIMA | autorização de residência","AIMA | autorização de residência | visto | reagrupamento familiar | CPLP","AIMA, gov.pt, Diário da República, or IRN as applicable","2","annual_candidate"
"2027-03-05","14:30","3","social_security","action","Unemployment-benefit basics: a practical step-by-step checklist","workers and freelancers","high","evergreen","none","unemployment benefit basics","Segurança Social | declaração trimestral | contribuições | NISS | desemprego","Segurança Social, gov.pt, or Diário da República","1","annual_candidate"
"2027-03-05","18:00","4","driving_transport","edge_case","NEWS RESERVE — fallback: What IUC is: mistakes, exceptions and edge cases","drivers and commuters","medium","news_flex","breaking_news","IUC | Imposto Único de Circulação","IMT | carta de condução | IUC | veículo | Via Verde","Official-source verification required; otherwise use fallback","2","annual_candidate"
"2027-03-05","21:00","5","education_children","audience","Applying to Portuguese higher education for families and students","families and students","medium","evergreen","none","matrículas | Portal das Matrículas | educação","matrícula escolar | educação | equivalência | reconhecimento | MEGA","Direção-Geral da Educação, DGES, gov.pt, or Diário da República","3","annual_candidate"
"2027-03-06","08:30","1","daily_life_consumer","foundation","Changing telecom provider: a plain-English explanation","everyone living in Portugal","low","evergreen","none","changing telecom provider","ePortugal | Livro de Reclamações | ANACOM | energia | telecomunicações","gov.pt, Direção-Geral do Consumidor, ANACOM, ERSE, or the responsible municipality","1","annual_candidate"
"2027-03-06","11:30","2","iva","action","Article 53 IVA exemption: a practical step-by-step checklist","freelancers and small businesses","high","evergreen","none","IVA | Imposto sobre o Valor Acrescentado","IVA | CIVA | artigo 53 | declaração periódica | VIES","Autoridade Tributária or Diário da República","2","annual_candidate"
"2027-03-06","14:30","3","employment","edge_case","Meal allowance: mistakes, exceptions and edge cases","employees and job seekers","medium","evergreen","none","allowance","contrato de trabalho | emprego | salário | férias | desemprego","ACT, Segurança Social, IEFP, gov.pt, or Diário da República","2","annual_candidate"
"2027-03-06","18:00","4","identity_access","audience","NEWS RESERVE — fallback: Finding your NIF on official documents for new residents","new residents","medium","news_flex","breaking_news","NIF | número de identificação fiscal","NIF | NISS | Chave Móvel Digital | Portal das Finanças | Segurança Social Direta","Official-source verification required; otherwise use fallback","1","annual_candidate"
"2027-03-06","21:00","5","irs","golden_tip","IRS Jovem basics: one golden tip and what to verify","people filing personal income tax","high","evergreen","none","IRS | Imposto sobre o Rendimento das Pessoas Singulares","IRS | Modelo 3 | e-Fatura | Anexo J | IRS Automático","Autoridade Tributária or Diário da República","1","annual_candidate"
"2027-03-07","08:30","1","citizenship_civil","action","Apostilles and foreign documents: a practical step-by-step checklist","residents building a long-term life","high","evergreen","none","apostilles foreign documents","IRN | cidadania | nacionalidade | registo civil | Nascer Cidadão","IRN, gov.pt, or Diário da República","1","annual_candidate"
"2027-03-07","11:30","2","housing_property","edge_case","Reading a Portuguese rental contract: mistakes, exceptions and edge cases","renters and property owners","high","evergreen","none","arrendamento | contrato de arrendamento","arrendamento | IMI | AIMI | IMT | imóvel | habitação","Autoridade Tributária, gov.pt, Diário da República, or the responsible municipality","1","annual_candidate"
"2027-03-07","14:30","3","education_children","audience","Automatic versus specific degree recognition for families and students","families and students","medium","evergreen","none","automatic versus specific","matrícula escolar | educação | equivalência | reconhecimento | MEGA","Direção-Geral da Educação, DGES, gov.pt, or Diário da República","1","annual_candidate"
"2027-03-07","18:00","4","daily_life_consumer","golden_tip","NEWS RESERVE — fallback: Cancelling a consumer contract: one golden tip and what to verify","everyone living in Portugal","low","news_flex","breaking_news","Livro de Reclamações | Direção-Geral do Consumidor","ePortugal | Livro de Reclamações | ANACOM | energia | telecomunicações","Official-source verification required; otherwise use fallback","1","annual_candidate"
"2027-03-07","21:00","5","banking_money","foundation","Currency-conversion costs: a plain-English explanation","people managing money in Portugal","medium","evergreen","none","currency conversion costs","Banco de Portugal | SEPA | conta bancária | IBAN | crédito","Banco de Portugal, European Central Bank, or gov.pt","2","annual_candidate"
"2027-03-08","08:30","1","irs","edge_case","Receiving an IRS assessment: mistakes, exceptions and edge cases","people filing personal income tax","high","evergreen","none","IRS | Imposto sobre o Rendimento das Pessoas Singulares","IRS | Modelo 3 | e-Fatura | Anexo J | IRS Automático","Autoridade Tributária or Diário da República","1","annual_candidate"
"2027-03-08","11:30","2","health_family","audience","Healthcare for children for individuals and families","individuals and families","medium","evergreen","none","healthcare children","SNS | centro de saúde | médico de família | nascimento | família","SNS, SNS 24, gov.pt, or Diário da República","2","annual_candidate"
"2027-03-08","14:30","3","immigration_residency","golden_tip","D3 highly qualified route: one golden tip and what to verify","international residents","high","evergreen","none","highly qualified route","AIMA | autorização de residência | visto | reagrupamento familiar | CPLP","AIMA, gov.pt, Diário da República, or IRN as applicable","3","annual_candidate"
"2027-03-08","18:00","4","identity_access","foundation","NEWS RESERVE — fallback: Changing the address linked to your NIF: a plain-English explanation","new residents","medium","news_flex","breaking_news","NIF | número de identificação fiscal","NIF | NISS | Chave Móvel Digital | Portal das Finanças | Segurança Social Direta","Official-source verification required; otherwise use fallback","2","annual_candidate"
"2027-03-08","21:00","5","driving_transport","action","Changing the address on vehicle records: a practical step-by-step checklist","drivers and commuters","medium","evergreen","none","changing address vehicle","IMT | carta de condução | IUC | veículo | Via Verde","IMT, Autoridade Tributária, gov.pt, or Diário da República","3","annual_candidate"
"2027-03-09","08:30","1","banking_money","audience","Credit reports at Banco de Portugal for people managing money in Portugal","people managing money in Portugal","medium","evergreen","none","credit reports banco | Banco de Portugal","Banco de Portugal | SEPA | conta bancária | IBAN | crédito","Banco de Portugal, European Central Bank, or gov.pt","1","annual_candidate"
"2027-03-09","11:30","2","daily_life_consumer","golden_tip","Building an emergency document folder: one golden tip and what to verify","everyone living in Portugal","low","evergreen","none","building emergency document","ePortugal | Livro de Reclamações | ANACOM | energia | telecomunicações","gov.pt, Direção-Geral do Consumidor, ANACOM, ERSE, or the responsible municipality","2","annual_candidate"
"2027-03-09","14:30","3","iva","foundation","Checking a customer in VIES: a plain-English explanation","freelancers and small businesses","high","evergreen","none","checking customer | VIES","IVA | CIVA | artigo 53 | declaração periódica | VIES","Autoridade Tributária or Diário da República","2","annual_candidate"
"2027-03-09","18:00","4","employment","action","NEWS RESERVE — fallback: Ending an employment contract: a practical step-by-step checklist","employees and job seekers","medium","news_flex","breaking_news","contrato de trabalho | Código do Trabalho","contrato de trabalho | emprego | salário | férias | desemprego","Official-source verification required; otherwise use fallback","2","annual_candidate"
"2027-03-09","21:00","5","identity_access","edge_case","Activating Chave Móvel Digital: mistakes, exceptions and edge cases","new residents","medium","evergreen","none","Chave Móvel Digital | autenticação.gov | IVA | Imposto sobre o Valor Acrescentado","NIF | NISS | Chave Móvel Digital | Portal das Finanças | Segurança Social Direta","gov.pt, Autoridade Tributária, Segurança Social, or Autenticação.gov as applicable","2","annual_candidate"
"2027-03-10","08:30","1","driving_transport","golden_tip","What IUC is: one golden tip and what to verify","drivers and commuters","medium","evergreen","none","IUC | Imposto Único de Circulação","IMT | carta de condução | IUC | veículo | Via Verde","IMT, Autoridade Tributária, gov.pt, or Diário da República","2","annual_candidate"
"2027-03-10","11:30","2","citizenship_civil","foundation","Birth registration in Portugal: a plain-English explanation","residents building a long-term life","high","evergreen","none","birth registration","IRN | cidadania | nacionalidade | registo civil | Nascer Cidadão","IRN, gov.pt, or Diário da República","2","annual_candidate"
"2027-03-10","14:30","3","housing_property","action","Temporary IMI exemptions: a practical step-by-step checklist","renters and property owners","high","evergreen","none","IMI | Imposto Municipal sobre Imóveis","arrendamento | IMI | AIMI | IMT | imóvel | habitação","Autoridade Tributária, gov.pt, Diário da República, or the responsible municipality","1","annual_candidate"
"2027-03-10","18:00","4","education_children","edge_case","NEWS RESERVE — fallback: Recognising foreign school records: mistakes, exceptions and edge cases","families and students","medium","news_flex","breaking_news","matrículas | Portal das Matrículas | educação","matrícula escolar | educação | equivalência | reconhecimento | MEGA","Official-source verification required; otherwise use fallback","1","annual_candidate"
"2027-03-10","21:00","5","health_family","audience","Emergency versus non-emergency care for individuals and families","individuals and families","medium","evergreen","none","emergency versus emergency","SNS | centro de saúde | médico de família | nascimento | família","SNS, SNS 24, gov.pt, or Diário da República","2","annual_candidate"
"2027-03-11","08:30","1","identity_access","foundation","What a Portuguese NIF is: a plain-English explanation","new residents","medium","evergreen","none","NIF | número de identificação fiscal","NIF | NISS | Chave Móvel Digital | Portal das Finanças | Segurança Social Direta","gov.pt, Autoridade Tributária, Segurança Social, or Autenticação.gov as applicable","2","annual_candidate"
"2027-03-11","11:30","2","irs","action","Tax residence and IRS: a practical step-by-step checklist","people filing personal income tax","high","evergreen","none","IRS | Imposto sobre o Rendimento das Pessoas Singulares | AIMA | autorização de residência","IRS | Modelo 3 | e-Fatura | Anexo J | IRS Automático","Autoridade Tributária or Diário da República","2","annual_candidate"
"2027-03-11","14:30","3","health_family","edge_case","Registering with the SNS: mistakes, exceptions and edge cases","individuals and families","medium","evergreen","none","registering | SNS","SNS | centro de saúde | médico de família | nascimento | família","SNS, SNS 24, gov.pt, or Diário da República","3","annual_candidate"
"2027-03-11","18:00","4","immigration_residency","audience","NEWS RESERVE — fallback: Visa versus residence permit for international residents","international residents","high","news_flex","breaking_news","AIMA | autorização de residência","AIMA | autorização de residência | visto | reagrupamento familiar | CPLP","Official-source verification required; otherwise use fallback","2","annual_candidate"
"2027-03-11","21:00","5","driving_transport","golden_tip","Using a foreign driving licence in Portugal: one golden tip and what to verify","drivers and commuters","medium","evergreen","none","carta de condução | IMT","IMT | carta de condução | IUC | veículo | Via Verde","IMT, Autoridade Tributária, gov.pt, or Diário da República","1","annual_candidate"
"2027-03-12","08:30","1","freelance_business","action","Simplified accounting versus organised accounting: a practical step-by-step checklist","freelancers and solo founders","high","evergreen","none","simplified accounting versus","trabalhador independente | abrir atividade | recibos verdes | CAE | CIRS","Autoridade Tributária, Segurança Social, gov.pt, or Diário da República","2","annual_candidate"
"2027-03-12","11:30","2","banking_money","edge_case","Documents banks request: mistakes, exceptions and edge cases","people managing money in Portugal","medium","evergreen","none","Banco de Portugal | IBAN | SEPA","Banco de Portugal | SEPA | conta bancária | IBAN | crédito","Banco de Portugal, European Central Bank, or gov.pt","1","annual_candidate"
"2027-03-12","14:30","3","daily_life_consumer","audience","Changing electricity supplier for everyone living in Portugal","everyone living in Portugal","low","evergreen","none","changing electricity supplier","ePortugal | Livro de Reclamações | ANACOM | energia | telecomunicações","gov.pt, Direção-Geral do Consumidor, ANACOM, ERSE, or the responsible municipality","2","annual_candidate"
"2027-03-12","18:00","4","iva","golden_tip","NEWS RESERVE — fallback: What IVA is: one golden tip and what to verify","freelancers and small businesses","high","news_flex","breaking_news","IVA | Imposto sobre o Valor Acrescentado","IVA | CIVA | artigo 53 | declaração periódica | VIES","Official-source verification required; otherwise use fallback","3","annual_candidate"
"2027-03-12","21:00","5","employment","foundation","Reading a Portuguese employment contract: a plain-English explanation","employees and job seekers","medium","evergreen","none","contrato de trabalho | Código do Trabalho","contrato de trabalho | emprego | salário | férias | desemprego","ACT, Segurança Social, IEFP, gov.pt, or Diário da República","3","annual_candidate"
"2027-03-13","08:30","1","social_security","edge_case","Keeping proof of a quarterly declaration: mistakes, exceptions and edge cases","workers and freelancers","high","evergreen","none","Segurança Social | declaração trimestral","Segurança Social | declaração trimestral | contribuições | NISS | desemprego","Segurança Social, gov.pt, or Diário da República","1","annual_candidate"
"2027-03-13","11:30","2","driving_transport","audience","Public-transport passes for drivers and commuters","drivers and commuters","medium","evergreen","none","public transport passes","IMT | carta de condução | IUC | veículo | Via Verde","IMT, Autoridade Tributária, gov.pt, or Diário da República","1","annual_candidate"
"2027-03-13","14:30","3","citizenship_civil","golden_tip","Residence and citizenship are different processes: one golden tip and what to verify","residents building a long-term life","high","evergreen","none","AIMA | autorização de residência | arrendamento | contrato de arrendamento","IRN | cidadania | nacionalidade | registo civil | Nascer Cidadão","IRN, gov.pt, or Diário da República","2","annual_candidate"
"2027-03-13","18:00","4","education_children","foundation","NEWS RESERVE — fallback: MEGA schoolbook vouchers: a plain-English explanation","families and students","medium","news_flex","breaking_news","matrículas | Portal das Matrículas | educação | MEGA","matrícula escolar | educação | equivalência | reconhecimento | MEGA","Official-source verification required; otherwise use fallback","2","annual_candidate"
"2027-03-13","21:00","5","education_children","action","Moving schools during the year: a practical step-by-step checklist","families and students","medium","evergreen","none","matrículas | Portal das Matrículas | educação","matrícula escolar | educação | equivalência | reconhecimento | MEGA","Direção-Geral da Educação, DGES, gov.pt, or Diário da República","4","annual_candidate"
"2027-03-14","08:30","1","employment","audience","Ending an employment contract for employees and job seekers","employees and job seekers","medium","evergreen","none","contrato de trabalho | Código do Trabalho","contrato de trabalho | emprego | salário | férias | desemprego","ACT, Segurança Social, IEFP, gov.pt, or Diário da República","1","annual_candidate"
"2027-03-14","11:30","2","identity_access","golden_tip","Recovering Portal das Finanças access: one golden tip and what to verify","new residents","medium","evergreen","none","recovering portal finanças | Portal das Finanças","NIF | NISS | Chave Móvel Digital | Portal das Finanças | Segurança Social Direta","gov.pt, Autoridade Tributária, Segurança Social, or Autenticação.gov as applicable","3","annual_candidate"
"2027-03-14","14:30","3","irs","foundation","Foreign bank accounts in Anexo J: a plain-English explanation","people filing personal income tax","high","evergreen","none","Banco de Portugal | IBAN | SEPA | Anexo J","IRS | Modelo 3 | e-Fatura | Anexo J | IRS Automático","Autoridade Tributária or Diário da República","1","annual_candidate"
"2027-03-14","18:00","4","health_family","action","NEWS RESERVE — fallback: Healthcare for children: a practical step-by-step checklist","individuals and families","medium","news_flex","breaking_news","healthcare children","SNS | centro de saúde | médico de família | nascimento | família","Official-source verification required; otherwise use fallback","3","annual_candidate"
"2027-03-14","21:00","5","immigration_residency","edge_case","D2 entrepreneur route: mistakes, exceptions and edge cases","international residents","high","evergreen","none","entrepreneur route","AIMA | autorização de residência | visto | reagrupamento familiar | CPLP","AIMA, gov.pt, Diário da República, or IRN as applicable","2","annual_candidate"
"2027-03-15","08:30","1","education_children","golden_tip","School catchment areas: one golden tip and what to verify","families and students","medium","evergreen","none","matrículas | Portal das Matrículas | educação","matrícula escolar | educação | equivalência | reconhecimento | MEGA","Direção-Geral da Educação, DGES, gov.pt, or Diário da República","2","annual_candidate"
"2027-03-15","11:30","2","freelance_business","foundation","Business expense record keeping: a plain-English explanation","freelancers and solo founders","high","evergreen","none","business expense record","trabalhador independente | abrir atividade | recibos verdes | CAE | CIRS","Autoridade Tributária, Segurança Social, gov.pt, or Diário da República","2","annual_candidate"
"2027-03-15","14:30","3","banking_money","action","Changing banks: a practical step-by-step checklist","people managing money in Portugal","medium","evergreen","none","Banco de Portugal | IBAN | SEPA","Banco de Portugal | SEPA | conta bancária | IBAN | crédito","Banco de Portugal, European Central Bank, or gov.pt","1","annual_candidate"
"2027-03-15","18:00","4","daily_life_consumer","edge_case","NEWS RESERVE — fallback: Official email and SMS scam checks: mistakes, exceptions and edge cases","everyone living in Portugal","low","news_flex","breaking_news","official email checks","ePortugal | Livro de Reclamações | ANACOM | energia | telecomunicações","Official-source verification required; otherwise use fallback","3","annual_candidate"
"2027-03-15","21:00","5","iva","audience","Invoicing an EU business customer for freelancers and small businesses","freelancers and small businesses","high","evergreen","none","invoicing business customer","IVA | CIVA | artigo 53 | declaração periódica | VIES","Autoridade Tributária or Diário da República","2","annual_candidate"
"2027-03-16","08:30","1","immigration_residency","foundation","Keeping evidence of an immigration submission: a plain-English explanation","international residents","high","evergreen","none","keeping evidence immigration","AIMA | autorização de residência | visto | reagrupamento familiar | CPLP","AIMA, gov.pt, Diário da República, or IRN as applicable","1","annual_candidate"
"2027-03-16","11:30","2","social_security","action","Voluntary Social Security: a practical step-by-step checklist","workers and freelancers","high","evergreen","none","Segurança Social | declaração trimestral","Segurança Social | declaração trimestral | contribuições | NISS | desemprego","Segurança Social, gov.pt, or Diário da República","1","annual_candidate"
"2027-03-16","14:30","3","driving_transport","edge_case","Registering an imported vehicle: mistakes, exceptions and edge cases","drivers and commuters","medium","evergreen","none","registering imported vehicle","IMT | carta de condução | IUC | veículo | Via Verde","IMT, Autoridade Tributária, gov.pt, or Diário da República","2","annual_candidate"
"2027-03-16","18:00","4","banking_money","audience","NEWS RESERVE — fallback: Variable versus fixed mortgage rates for people managing money in Portugal","people managing money in Portugal","medium","news_flex","breaking_news","variable versus fixed","Banco de Portugal | SEPA | conta bancária | IBAN | crédito","Official-source verification required; otherwise use fallback","2","annual_candidate"
"2027-03-16","21:00","5","employment","golden_tip","Meal allowance: one golden tip and what to verify","employees and job seekers","medium","evergreen","none","allowance","contrato de trabalho | emprego | salário | férias | desemprego","ACT, Segurança Social, IEFP, gov.pt, or Diário da República","1","annual_candidate"
"2027-03-17","08:30","1","iva","action","What IVA is: a practical step-by-step checklist","freelancers and small businesses","high","evergreen","none","IVA | Imposto sobre o Valor Acrescentado","IVA | CIVA | artigo 53 | declaração periódica | VIES","Autoridade Tributária or Diário da República","1","annual_candidate"
"2027-03-17","11:30","2","employment","edge_case","Gross salary versus take-home pay: mistakes, exceptions and edge cases","employees and job seekers","medium","evergreen","none","gross salary versus","contrato de trabalho | emprego | salário | férias | desemprego","ACT, Segurança Social, IEFP, gov.pt, or Diário da República","1","annual_candidate"
"2027-03-17","14:30","3","identity_access","audience","Getting a NIF before moving for new residents","new residents","medium","evergreen","none","NIF | número de identificação fiscal","NIF | NISS | Chave Móvel Digital | Portal das Finanças | Segurança Social Direta","gov.pt, Autoridade Tributária, Segurança Social, or Autenticação.gov as applicable","2","annual_candidate"
"2027-03-17","18:00","4","irs","golden_tip","NEWS RESERVE — fallback: What to do after missing the filing window: one golden tip and what to verify","people filing personal income tax","high","news_flex","breaking_news","missing filing window","IRS | Modelo 3 | e-Fatura | Anexo J | IRS Automático","Official-source verification required; otherwise use fallback","2","annual_candidate"
"2027-03-17","21:00","5","health_family","foundation","Registering with the SNS: a plain-English explanation","individuals and families","medium","evergreen","none","registering | SNS","SNS | centro de saúde | médico de família | nascimento | família","SNS, SNS 24, gov.pt, or Diário da República","1","annual_candidate"
"2027-03-18","08:30","1","housing_property","edge_case","Energy certificates: mistakes, exceptions and edge cases","renters and property owners","high","evergreen","none","energy certificates","arrendamento | IMI | AIMI | IMT | imóvel | habitação","Autoridade Tributária, gov.pt, Diário da República, or the responsible municipality","1","annual_candidate"
"2027-03-18","11:30","2","education_children","audience","Applying to Portuguese higher education for families and students","families and students","medium","evergreen","none","matrículas | Portal das Matrículas | educação","matrícula escolar | educação | equivalência | reconhecimento | MEGA","Direção-Geral da Educação, DGES, gov.pt, or Diário da República","4","annual_candidate"
"2027-03-18","14:30","3","freelance_business","golden_tip","Simplified accounting versus organised accounting: one golden tip and what to verify","freelancers and solo founders","high","evergreen","none","simplified accounting versus","trabalhador independente | abrir atividade | recibos verdes | CAE | CIRS","Autoridade Tributária, Segurança Social, gov.pt, or Diário da República","1","annual_candidate"
"2027-03-18","18:00","4","banking_money","foundation","NEWS RESERVE — fallback: Deposit protection basics: a plain-English explanation","people managing money in Portugal","medium","news_flex","breaking_news","deposit protection basics","Banco de Portugal | SEPA | conta bancária | IBAN | crédito","Official-source verification required; otherwise use fallback","1","annual_candidate"
"2027-03-18","21:00","5","daily_life_consumer","action","Booking public-service appointments: a practical step-by-step checklist","everyone living in Portugal","low","evergreen","none","booking public service","ePortugal | Livro de Reclamações | ANACOM | energia | telecomunicações","gov.pt, Direção-Geral do Consumidor, ANACOM, ERSE, or the responsible municipality","3","annual_candidate"
"2027-03-19","08:30","1","health_family","audience","S1 healthcare registration for individuals and families","individuals and families","medium","evergreen","none","healthcare registration","SNS | centro de saúde | médico de família | nascimento | família","SNS, SNS 24, gov.pt, or Diário da República","2","annual_candidate"
"2027-03-19","11:30","2","immigration_residency","golden_tip","D2 entrepreneur route: one golden tip and what to verify","international residents","high","evergreen","none","entrepreneur route","AIMA | autorização de residência | visto | reagrupamento familiar | CPLP","AIMA, gov.pt, Diário da República, or IRN as applicable","2","annual_candidate"
"2027-03-19","14:30","3","social_security","foundation","Quarterly Social Security declarations: a plain-English explanation","workers and freelancers","high","evergreen","none","Segurança Social | declaração trimestral","Segurança Social | declaração trimestral | contribuições | NISS | desemprego","Segurança Social, gov.pt, or Diário da República","1","annual_candidate"
"2027-03-19","18:00","4","driving_transport","action","NEWS RESERVE — fallback: Selling a vehicle safely: a practical step-by-step checklist","drivers and commuters","medium","news_flex","breaking_news","selling vehicle safely","IMT | carta de condução | IUC | veículo | Via Verde","Official-source verification required; otherwise use fallback","2","annual_candidate"
"2027-03-19","21:00","5","education_children","edge_case","School catchment areas: mistakes, exceptions and edge cases","families and students","medium","evergreen","none","matrículas | Portal das Matrículas | educação","matrícula escolar | educação | equivalência | reconhecimento | MEGA","Direção-Geral da Educação, DGES, gov.pt, or Diário da República","3","annual_candidate"
"2027-03-20","08:30","1","daily_life_consumer","golden_tip","Official email and SMS scam checks: one golden tip and what to verify","everyone living in Portugal","low","evergreen","none","official email checks","ePortugal | Livro de Reclamações | ANACOM | energia | telecomunicações","gov.pt, Direção-Geral do Consumidor, ANACOM, ERSE, or the responsible municipality","1","annual_candidate"
"2027-03-20","11:30","2","iva","foundation","Correcting an IVA declaration: a plain-English explanation","freelancers and small businesses","high","evergreen","none","IVA | Imposto sobre o Valor Acrescentado","IVA | CIVA | artigo 53 | declaração periódica | VIES","Autoridade Tributária or Diário da República","2","annual_candidate"
"2027-03-20","14:30","3","employment","action","Public holidays and work: a practical step-by-step checklist","employees and job seekers","medium","evergreen","none","public holidays","contrato de trabalho | emprego | salário | férias | desemprego","ACT, Segurança Social, IEFP, gov.pt, or Diário da República","2","annual_candidate"
"2027-03-20","18:00","4","identity_access","edge_case","NEWS RESERVE — fallback: Confirming email and mobile contacts on Finanças: mistakes, exceptions and edge cases","new residents","medium","news_flex","breaking_news","confirming email mobile","NIF | NISS | Chave Móvel Digital | Portal das Finanças | Segurança Social Direta","Official-source verification required; otherwise use fallback","2","annual_candidate"
"2027-03-20","21:00","5","irs","audience","Validating e-Fatura expenses for people filing personal income tax","people filing personal income tax","high","evergreen","none","IRS | Imposto sobre o Rendimento das Pessoas Singulares | e-Fatura | faturas","IRS | Modelo 3 | e-Fatura | Anexo J | IRS Automático","Autoridade Tributária or Diário da República","1","annual_candidate"
"2027-03-21","08:30","1","citizenship_civil","foundation","Counting legal residence time: a plain-English explanation","residents building a long-term life","high","evergreen","none","AIMA | autorização de residência","IRN | cidadania | nacionalidade | registo civil | Nascer Cidadão","IRN, gov.pt, or Diário da República","1","annual_candidate"
"2027-03-21","11:30","2","housing_property","action","IMI payment instalments: a practical step-by-step checklist","renters and property owners","high","evergreen","none","IMI | Imposto Municipal sobre Imóveis","arrendamento | IMI | AIMI | IMT | imóvel | habitação","Autoridade Tributária, gov.pt, Diário da República, or the responsible municipality","1","annual_candidate"
"2027-03-21","14:30","3","education_children","edge_case","Portuguese-language support for students: mistakes, exceptions and edge cases","families and students","medium","evergreen","none","language support students","matrícula escolar | educação | equivalência | reconhecimento | MEGA","Direção-Geral da Educação, DGES, gov.pt, or Diário da República","2","annual_candidate"
"2027-03-21","18:00","4","daily_life_consumer","audience","NEWS RESERVE — fallback: When a municipal rule differs for everyone living in Portugal","everyone living in Portugal","low","news_flex","breaking_news","municipal differs","ePortugal | Livro de Reclamações | ANACOM | energia | telecomunicações","Official-source verification required; otherwise use fallback","2","annual_candidate"
"2027-03-21","21:00","5","banking_money","golden_tip","Multibanco payments: one golden tip and what to verify","people managing money in Portugal","medium","evergreen","none","Banco de Portugal | IBAN | SEPA","Banco de Portugal | SEPA | conta bancária | IBAN | crédito","Banco de Portugal, European Central Bank, or gov.pt","2","annual_candidate"
"2027-03-22","08:30","1","irs","action","What Portuguese IRS is: a practical step-by-step checklist","people filing personal income tax","high","evergreen","none","IRS | Imposto sobre o Rendimento das Pessoas Singulares","IRS | Modelo 3 | e-Fatura | Anexo J | IRS Automático","Autoridade Tributária or Diário da República","1","annual_candidate"
"2027-03-22","11:30","2","health_family","edge_case","Health-fee exemptions: mistakes, exceptions and edge cases","individuals and families","medium","evergreen","none","health exemptions","SNS | centro de saúde | médico de família | nascimento | família","SNS, SNS 24, gov.pt, or Diário da República","2","annual_candidate"
"2027-03-22","14:30","3","immigration_residency","audience","When an application file is incomplete for international residents","international residents","high","evergreen","none","application incomplete","AIMA | autorização de residência | visto | reagrupamento familiar | CPLP","AIMA, gov.pt, Diário da República, or IRN as applicable","3","annual_candidate"
"2027-03-22","18:00","4","identity_access","golden_tip","NEWS RESERVE — fallback: What Chave Móvel Digital does: one golden tip and what to verify","new residents","medium","news_flex","breaking_news","Chave Móvel Digital | autenticação.gov","NIF | NISS | Chave Móvel Digital | Portal das Finanças | Segurança Social Direta","Official-source verification required; otherwise use fallback","3","annual_candidate"
"2027-03-22","21:00","5","driving_transport","foundation","Buying a used car: a plain-English explanation","drivers and commuters","medium","evergreen","none","buying","IMT | carta de condução | IUC | veículo | Via Verde","IMT, Autoridade Tributária, gov.pt, or Diário da República","3","annual_candidate"
"2027-03-23","08:30","1","banking_money","edge_case","Resident versus non-resident bank accounts: mistakes, exceptions and edge cases","people managing money in Portugal","medium","evergreen","none","Banco de Portugal | IBAN | SEPA","Banco de Portugal | SEPA | conta bancária | IBAN | crédito","Banco de Portugal, European Central Bank, or gov.pt","2","annual_candidate"
"2027-03-23","11:30","2","daily_life_consumer","audience","Using the electronic complaints book for everyone living in Portugal","everyone living in Portugal","low","evergreen","none","Livro de Reclamações | Direção-Geral do Consumidor","ePortugal | Livro de Reclamações | ANACOM | energia | telecomunicações","gov.pt, Direção-Geral do Consumidor, ANACOM, ERSE, or the responsible municipality","1","annual_candidate"
"2027-03-23","14:30","3","iva","golden_tip","When property transactions involve IVA: one golden tip and what to verify","freelancers and small businesses","high","evergreen","none","IVA | Imposto sobre o Valor Acrescentado","IVA | CIVA | artigo 53 | declaração periódica | VIES","Autoridade Tributária or Diário da República","3","annual_candidate"
"2027-03-23","18:00","4","employment","foundation","NEWS RESERVE — fallback: Recognising unpaid-trial scams: a plain-English explanation","employees and job seekers","medium","news_flex","breaking_news","recognising unpaid trial","contrato de trabalho | emprego | salário | férias | desemprego","Official-source verification required; otherwise use fallback","2","annual_candidate"
"2027-03-23","21:00","5","identity_access","action","Changing the address linked to your NIF: a practical step-by-step checklist","new residents","medium","evergreen","none","NIF | número de identificação fiscal","NIF | NISS | Chave Móvel Digital | Portal das Finanças | Segurança Social Direta","gov.pt, Autoridade Tributária, Segurança Social, or Autenticação.gov as applicable","3","annual_candidate"
"2027-03-24","08:30","1","driving_transport","audience","Selling a vehicle safely for drivers and commuters","drivers and commuters","medium","evergreen","none","selling vehicle safely","IMT | carta de condução | IUC | veículo | Via Verde","IMT, Autoridade Tributária, gov.pt, or Diário da República","2","annual_candidate"
"2027-03-24","11:30","2","citizenship_civil","golden_tip","Tracking an IRN application: one golden tip and what to verify","residents building a long-term life","high","evergreen","none","tracking application | IRN","IRN | cidadania | nacionalidade | registo civil | Nascer Cidadão","IRN, gov.pt, or Diário da República","2","annual_candidate"
"2027-03-24","14:30","3","housing_property","foundation","Buying a primary residence: a plain-English explanation","renters and property owners","high","evergreen","none","AIMA | autorização de residência","arrendamento | IMI | AIMI | IMT | imóvel | habitação","Autoridade Tributária, gov.pt, Diário da República, or the responsible municipality","1","annual_candidate"
"2027-03-24","18:00","4","education_children","action","NEWS RESERVE — fallback: Automatic versus specific degree recognition: a practical step-by-step checklist","families and students","medium","news_flex","breaking_news","automatic versus specific","matrícula escolar | educação | equivalência | reconhecimento | MEGA","Official-source verification required; otherwise use fallback","2","annual_candidate"
"2027-03-24","21:00","5","health_family","edge_case","Requesting or changing a family doctor: mistakes, exceptions and edge cases","individuals and families","medium","evergreen","none","médico de família | SNS","SNS | centro de saúde | médico de família | nascimento | família","SNS, SNS 24, gov.pt, or Diário da República","2","annual_candidate"
"2027-03-25","08:30","1","identity_access","golden_tip","Requesting a NISS: one golden tip and what to verify","new residents","medium","evergreen","none","NISS | número de identificação da segurança social","NIF | NISS | Chave Móvel Digital | Portal das Finanças | Segurança Social Direta","gov.pt, Autoridade Tributária, Segurança Social, or Autenticação.gov as applicable","2","annual_candidate"
"2027-03-25","11:30","2","irs","foundation","Foreign income and Anexo J: a plain-English explanation","people filing personal income tax","high","evergreen","none","foreign income anexo | Anexo J","IRS | Modelo 3 | e-Fatura | Anexo J | IRS Automático","Autoridade Tributária or Diário da República","2","annual_candidate"
"2027-03-25","14:30","3","health_family","action","S1 healthcare registration: a practical step-by-step checklist","individuals and families","medium","evergreen","none","healthcare registration","SNS | centro de saúde | médico de família | nascimento | família","SNS, SNS 24, gov.pt, or Diário da República","3","annual_candidate"
"2027-03-25","18:00","4","immigration_residency","edge_case","NEWS RESERVE — fallback: D8 digital-nomad route: mistakes, exceptions and edge cases","international residents","high","news_flex","breaking_news","digital nomad route","AIMA | autorização de residência | visto | reagrupamento familiar | CPLP","Official-source verification required; otherwise use fallback","3","annual_candidate"
"2027-03-25","21:00","5","driving_transport","audience","Registering an imported vehicle for drivers and commuters","drivers and commuters","medium","evergreen","none","registering imported vehicle","IMT | carta de condução | IUC | veículo | Via Verde","IMT, Autoridade Tributária, gov.pt, or Diário da República","2","annual_candidate"
"2027-03-26","08:30","1","freelance_business","foundation","Freelancing while employed: a plain-English explanation","freelancers and solo founders","high","evergreen","none","freelancing while employed","trabalhador independente | abrir atividade | recibos verdes | CAE | CIRS","Autoridade Tributária, Segurança Social, gov.pt, or Diário da República","2","annual_candidate"
"2027-03-26","11:30","2","banking_money","action","Bank fees and account packages: a practical step-by-step checklist","people managing money in Portugal","medium","evergreen","none","Banco de Portugal | IBAN | SEPA","Banco de Portugal | SEPA | conta bancária | IBAN | crédito","Banco de Portugal, European Central Bank, or gov.pt","1","annual_candidate"
"2027-03-26","14:30","3","daily_life_consumer","edge_case","Moving house administration checklist: mistakes, exceptions and edge cases","everyone living in Portugal","low","evergreen","none","moving house administration","ePortugal | Livro de Reclamações | ANACOM | energia | telecomunicações","gov.pt, Direção-Geral do Consumidor, ANACOM, ERSE, or the responsible municipality","2","annual_candidate"
"2027-03-26","18:00","4","iva","audience","NEWS RESERVE — fallback: Paying IVA after filing for freelancers and small businesses","freelancers and small businesses","high","news_flex","breaking_news","IVA | Imposto sobre o Valor Acrescentado","IVA | CIVA | artigo 53 | declaração periódica | VIES","Official-source verification required; otherwise use fallback","3","annual_candidate"
"2027-03-26","21:00","5","employment","golden_tip","Working-time records: one golden tip and what to verify","employees and job seekers","medium","evergreen","none","working records","contrato de trabalho | emprego | salário | férias | desemprego","ACT, Segurança Social, IEFP, gov.pt, or Diário da República","3","annual_candidate"
"2027-03-27","08:30","1","social_security","action","Getting a contribution statement: a practical step-by-step checklist","workers and freelancers","high","evergreen","none","getting contribution statement","Segurança Social | declaração trimestral | contribuições | NISS | desemprego","Segurança Social, gov.pt, or Diário da República","1","annual_candidate"
"2027-03-27","11:30","2","driving_transport","edge_case","Checking vehicle documents: mistakes, exceptions and edge cases","drivers and commuters","medium","evergreen","none","checking vehicle documents","IMT | carta de condução | IUC | veículo | Via Verde","IMT, Autoridade Tributária, gov.pt, or Diário da República","1","annual_candidate"
"2027-03-27","14:30","3","citizenship_civil","audience","Apostilles and foreign documents for residents building a long-term life","residents building a long-term life","high","evergreen","none","apostilles foreign documents","IRN | cidadania | nacionalidade | registo civil | Nascer Cidadão","IRN, gov.pt, or Diário da República","3","annual_candidate"
"2027-03-27","18:00","4","education_children","golden_tip","NEWS RESERVE — fallback: Moving schools during the year: one golden tip and what to verify","families and students","medium","news_flex","breaking_news","matrículas | Portal das Matrículas | educação","matrícula escolar | educação | equivalência | reconhecimento | MEGA","Official-source verification required; otherwise use fallback","2","annual_candidate"
"2027-03-27","21:00","5","education_children","foundation","School-meal and support applications: a plain-English explanation","families and students","medium","evergreen","none","matrículas | Portal das Matrículas | educação","matrícula escolar | educação | equivalência | reconhecimento | MEGA","Direção-Geral da Educação, DGES, gov.pt, or Diário da República","4","annual_candidate"
"2027-03-28","08:30","1","employment","edge_case","Recognising unpaid-trial scams: mistakes, exceptions and edge cases","employees and job seekers","medium","evergreen","none","recognising unpaid trial","contrato de trabalho | emprego | salário | férias | desemprego","ACT, Segurança Social, IEFP, gov.pt, or Diário da República","1","annual_candidate"
"2027-03-28","11:30","2","identity_access","audience","What a Portuguese NIF is for new residents","new residents","medium","evergreen","none","NIF | número de identificação fiscal","NIF | NISS | Chave Móvel Digital | Portal das Finanças | Segurança Social Direta","gov.pt, Autoridade Tributária, Segurança Social, or Autenticação.gov as applicable","3","annual_candidate"
"2027-03-28","14:30","3","irs","golden_tip","Paying an IRS balance: one golden tip and what to verify","people filing personal income tax","high","evergreen","none","IRS | Imposto sobre o Rendimento das Pessoas Singulares","IRS | Modelo 3 | e-Fatura | Anexo J | IRS Automático","Autoridade Tributária or Diário da República","1","annual_candidate"
"2027-03-28","18:00","4","health_family","foundation","NEWS RESERVE — fallback: Health-fee exemptions: a plain-English explanation","individuals and families","medium","news_flex","breaking_news","health exemptions","SNS | centro de saúde | médico de família | nascimento | família","Official-source verification required; otherwise use fallback","3","annual_candidate"
"2027-03-28","21:00","5","immigration_residency","action","Recognising fake appointment websites: a practical step-by-step checklist","international residents","high","evergreen","none","recognising appointment websites","AIMA | autorização de residência | visto | reagrupamento familiar | CPLP","AIMA, gov.pt, Diário da República, or IRN as applicable","2","annual_candidate"
"2027-03-29","08:30","1","education_children","audience","National-exam administration for families and students","families and students","medium","evergreen","none","national administration","matrícula escolar | educação | equivalência | reconhecimento | MEGA","Direção-Geral da Educação, DGES, gov.pt, or Diário da República","2","annual_candidate"
"2027-03-29","11:30","2","freelance_business","golden_tip","Changing an activity code later: one golden tip and what to verify","freelancers and solo founders","high","evergreen","none","changing activity later","trabalhador independente | abrir atividade | recibos verdes | CAE | CIRS","Autoridade Tributária, Segurança Social, gov.pt, or Diário da República","3","annual_candidate"
"2027-03-29","14:30","3","banking_money","foundation","Variable versus fixed mortgage rates: a plain-English explanation","people managing money in Portugal","medium","evergreen","none","variable versus fixed","Banco de Portugal | SEPA | conta bancária | IBAN | crédito","Banco de Portugal, European Central Bank, or gov.pt","1","annual_candidate"
"2027-03-29","18:00","4","daily_life_consumer","action","NEWS RESERVE — fallback: Finding the correct municipal office: a practical step-by-step checklist","everyone living in Portugal","low","news_flex","breaking_news","finding correct municipal","ePortugal | Livro de Reclamações | ANACOM | energia | telecomunicações","Official-source verification required; otherwise use fallback","3","annual_candidate"
"2027-03-29","21:00","5","iva","edge_case","IVA after ceasing activity: mistakes, exceptions and edge cases","freelancers and small businesses","high","evergreen","none","IVA | Imposto sobre o Valor Acrescentado","IVA | CIVA | artigo 53 | declaração periódica | VIES","Autoridade Tributária or Diário da República","3","annual_candidate"
"2027-03-30","08:30","1","immigration_residency","golden_tip","D7 residence route: one golden tip and what to verify","international residents","high","evergreen","none","AIMA | autorização de residência","AIMA | autorização de residência | visto | reagrupamento familiar | CPLP","AIMA, gov.pt, Diário da República, or IRN as applicable","1","annual_candidate"
"2027-03-30","11:30","2","social_security","foundation","Registering as a self-employed worker: a plain-English explanation","workers and freelancers","high","evergreen","none","registering employed worker","Segurança Social | declaração trimestral | contribuições | NISS | desemprego","Segurança Social, gov.pt, or Diário da República","1","annual_candidate"
"2027-03-30","14:30","3","driving_transport","action","Car-insurance documents: a practical step-by-step checklist","drivers and commuters","medium","evergreen","none","insurance documents","IMT | carta de condução | IUC | veículo | Via Verde","IMT, Autoridade Tributária, gov.pt, or Diário da República","2","annual_candidate"
"2027-03-30","18:00","4","banking_money","edge_case","NEWS RESERVE — fallback: Understanding Portuguese IBANs: mistakes, exceptions and edge cases","people managing money in Portugal","medium","news_flex","breaking_news","Banco de Portugal | IBAN | SEPA","Banco de Portugal | SEPA | conta bancária | IBAN | crédito","Official-source verification required; otherwise use fallback","2","annual_candidate"
"2027-03-30","21:00","5","employment","audience","Public holidays and work for employees and job seekers","employees and job seekers","medium","evergreen","none","contrato de trabalho | Código do Trabalho","contrato de trabalho | emprego | salário | férias | desemprego","ACT, Segurança Social, IEFP, gov.pt, or Diário da República","1","annual_candidate"
"2027-03-31","08:30","1","iva","foundation","Paying IVA after filing: a plain-English explanation","freelancers and small businesses","high","evergreen","none","IVA | Imposto sobre o Valor Acrescentado","IVA | CIVA | artigo 53 | declaração periódica | VIES","Autoridade Tributária or Diário da República","1","annual_candidate"
"2027-03-31","11:30","2","employment","action","Annual leave basics: a practical step-by-step checklist","employees and job seekers","medium","evergreen","none","annual leave basics","contrato de trabalho | emprego | salário | férias | desemprego","ACT, Segurança Social, IEFP, gov.pt, or Diário da República","1","annual_candidate"
"2027-03-31","14:30","3","identity_access","edge_case","Changing the temporary Finanças password: mistakes, exceptions and edge cases","new residents","medium","evergreen","none","changing temporary finanças","NIF | NISS | Chave Móvel Digital | Portal das Finanças | Segurança Social Direta","gov.pt, Autoridade Tributária, Segurança Social, or Autenticação.gov as applicable","2","annual_candidate"
"2027-03-31","18:00","4","irs","audience","NEWS RESERVE — fallback: Checking household information before IRS for people filing personal income tax","people filing personal income tax","high","news_flex","breaking_news","IRS | Imposto sobre o Rendimento das Pessoas Singulares","IRS | Modelo 3 | e-Fatura | Anexo J | IRS Automático","Official-source verification required; otherwise use fallback","2","annual_candidate"
"2027-03-31","21:00","5","health_family","golden_tip","S1 healthcare registration: one golden tip and what to verify","individuals and families","medium","evergreen","none","healthcare registration","SNS | centro de saúde | médico de família | nascimento | família","SNS, SNS 24, gov.pt, or Diário da República","1","annual_candidate"
"2027-04-01","08:30","1","housing_property","action","Changing utilities after moving: a practical step-by-step checklist","renters and property owners","high","evergreen","none","changing utilities moving","arrendamento | IMI | AIMI | IMT | imóvel | habitação","Autoridade Tributária, gov.pt, Diário da República, or the responsible municipality","1","annual_candidate"
"2027-04-01","11:30","2","education_children","edge_case","School catchment areas: mistakes, exceptions and edge cases","families and students","medium","evergreen","none","matrículas | Portal das Matrículas | educação","matrícula escolar | educação | equivalência | reconhecimento | MEGA","Direção-Geral da Educação, DGES, gov.pt, or Diário da República","4","annual_candidate"
"2027-04-01","14:30","3","freelance_business","audience","Freelancing while employed for freelancers and solo founders","freelancers and solo founders","high","evergreen","none","freelancing while employed","trabalhador independente | abrir atividade | recibos verdes | CAE | CIRS","Autoridade Tributária, Segurança Social, gov.pt, or Diário da República","1","annual_candidate"
"2027-04-01","18:00","4","banking_money","golden_tip","NEWS RESERVE — fallback: SEPA transfers: one golden tip and what to verify","people managing money in Portugal","medium","news_flex","breaking_news","Banco de Portugal | IBAN | SEPA","Banco de Portugal | SEPA | conta bancária | IBAN | crédito","Official-source verification required; otherwise use fallback","1","annual_candidate"
"2027-04-01","21:00","5","daily_life_consumer","foundation","Cancelling a consumer contract: a plain-English explanation","everyone living in Portugal","low","evergreen","none","Livro de Reclamações | Direção-Geral do Consumidor","ePortugal | Livro de Reclamações | ANACOM | energia | telecomunicações","gov.pt, Direção-Geral do Consumidor, ANACOM, ERSE, or the responsible municipality","3","annual_candidate"
"2027-04-02","08:30","1","health_family","edge_case","Keeping foreign medical records usable: mistakes, exceptions and edge cases","individuals and families","medium","evergreen","none","registo de saúde | processo clínico | SNS","SNS | centro de saúde | médico de família | nascimento | família","SNS, SNS 24, gov.pt, or Diário da República","3","annual_candidate"
"2027-04-02","11:30","2","immigration_residency","audience","Recognising fake appointment websites for international residents","international residents","high","evergreen","none","recognising appointment websites","AIMA | autorização de residência | visto | reagrupamento familiar | CPLP","AIMA, gov.pt, Diário da República, or IRN as applicable","2","annual_candidate"
"2027-04-02","14:30","3","social_security","golden_tip","Social Security contribution exemptions: one golden tip and what to verify","workers and freelancers","high","evergreen","none","Segurança Social | declaração trimestral","Segurança Social | declaração trimestral | contribuições | NISS | desemprego","Segurança Social, gov.pt, or Diário da República","1","annual_candidate"
"2027-04-02","18:00","4","driving_transport","foundation","NEWS RESERVE — fallback: What happens when a foreign licence expires: a plain-English explanation","drivers and commuters","medium","news_flex","breaking_news","happens foreign licence","IMT | carta de condução | IUC | veículo | Via Verde","Official-source verification required; otherwise use fallback","2","annual_candidate"
"2027-04-02","21:00","5","education_children","action","National-exam administration: a practical step-by-step checklist","families and students","medium","evergreen","none","national administration","matrícula escolar | educação | equivalência | reconhecimento | MEGA","Direção-Geral da Educação, DGES, gov.pt, or Diário da República","3","annual_candidate"
"2027-04-03","08:30","1","daily_life_consumer","audience","Finding the correct municipal office for everyone living in Portugal","everyone living in Portugal","low","evergreen","none","finding correct municipal","ePortugal | Livro de Reclamações | ANACOM | energia | telecomunicações","gov.pt, Direção-Geral do Consumidor, ANACOM, ERSE, or the responsible municipality","1","annual_candidate"
"2027-04-03","11:30","2","iva","golden_tip","Keeping IVA evidence: one golden tip and what to verify","freelancers and small businesses","high","evergreen","none","IVA | Imposto sobre o Valor Acrescentado","IVA | CIVA | artigo 53 | declaração periódica | VIES","Autoridade Tributária or Diário da República","2","annual_candidate"
"2027-04-03","14:30","3","employment","foundation","Working for a foreign employer: a plain-English explanation","employees and job seekers","medium","evergreen","none","working foreign employer","contrato de trabalho | emprego | salário | férias | desemprego","ACT, Segurança Social, IEFP, gov.pt, or Diário da República","2","annual_candidate"
"2027-04-03","18:00","4","identity_access","action","NEWS RESERVE — fallback: Getting a NIF before moving: a practical step-by-step checklist","new residents","medium","news_flex","breaking_news","NIF | número de identificação fiscal","NIF | NISS | Chave Móvel Digital | Portal das Finanças | Segurança Social Direta","Official-source verification required; otherwise use fallback","2","annual_candidate"
"2027-04-03","21:00","5","irs","edge_case","Freelance income and IRS: mistakes, exceptions and edge cases","people filing personal income tax","high","evergreen","none","IRS | Imposto sobre o Rendimento das Pessoas Singulares","IRS | Modelo 3 | e-Fatura | Anexo J | IRS Automático","Autoridade Tributária or Diário da República","1","annual_candidate"
"2027-04-04","08:30","1","citizenship_civil","golden_tip","Name differences across foreign documents: one golden tip and what to verify","residents building a long-term life","high","evergreen","none","differences across foreign","IRN | cidadania | nacionalidade | registo civil | Nascer Cidadão","IRN, gov.pt, or Diário da República","1","annual_candidate"
"2027-04-04","11:30","2","housing_property","foundation","Updating property ownership records: a plain-English explanation","renters and property owners","high","evergreen","none","updating property ownership","arrendamento | IMI | AIMI | IMT | imóvel | habitação","Autoridade Tributária, gov.pt, Diário da República, or the responsible municipality","1","annual_candidate"
"2027-04-04","14:30","3","education_children","action","Recognising a foreign degree: a practical step-by-step checklist","families and students","medium","evergreen","none","recognising foreign degree","matrícula escolar | educação | equivalência | reconhecimento | MEGA","Direção-Geral da Educação, DGES, gov.pt, or Diário da República","2","annual_candidate"
"2027-04-04","18:00","4","daily_life_consumer","edge_case","NEWS RESERVE — fallback: Changing electricity supplier: mistakes, exceptions and edge cases","everyone living in Portugal","low","news_flex","breaking_news","changing electricity supplier","ePortugal | Livro de Reclamações | ANACOM | energia | telecomunicações","Official-source verification required; otherwise use fallback","2","annual_candidate"
"2027-04-04","21:00","5","banking_money","audience","Keeping proof of bank transfers for people managing money in Portugal","people managing money in Portugal","medium","evergreen","none","Banco de Portugal | IBAN | SEPA","Banco de Portugal | SEPA | conta bancária | IBAN | crédito","Banco de Portugal, European Central Bank, or gov.pt","2","annual_candidate"
"2027-04-05","08:30","1","irs","foundation","Submitting Modelo 3: a plain-English explanation","people filing personal income tax","high","evergreen","none","Modelo 3 | declaração de rendimentos","IRS | Modelo 3 | e-Fatura | Anexo J | IRS Automático","Autoridade Tributária or Diário da República","1","annual_candidate"
"2027-04-05","11:30","2","health_family","action","Electronic prescriptions: a practical step-by-step checklist","individuals and families","medium","evergreen","none","electronic prescriptions","SNS | centro de saúde | médico de família | nascimento | família","SNS, SNS 24, gov.pt, or Diário da República","2","annual_candidate"
"2027-04-05","14:30","3","immigration_residency","edge_case","Family reunification basics: mistakes, exceptions and edge cases","international residents","high","evergreen","none","AIMA | autorização de residência","AIMA | autorização de residência | visto | reagrupamento familiar | CPLP","AIMA, gov.pt, Diário da República, or IRN as applicable","3","annual_candidate"
"2027-04-05","18:00","4","identity_access","audience","NEWS RESERVE — fallback: Finding your NIF on official documents for new residents","new residents","medium","news_flex","breaking_news","NIF | número de identificação fiscal","NIF | NISS | Chave Móvel Digital | Portal das Finanças | Segurança Social Direta","Official-source verification required; otherwise use fallback","2","annual_candidate"
"2027-04-05","21:00","5","driving_transport","golden_tip","Via Verde basics: one golden tip and what to verify","drivers and commuters","medium","evergreen","none","verde basics | Via Verde","IMT | carta de condução | IUC | veículo | Via Verde","IMT, Autoridade Tributária, gov.pt, or Diário da República","3","annual_candidate"
"2027-04-06","08:30","1","banking_money","action","MB WAY basics: a practical step-by-step checklist","people managing money in Portugal","medium","evergreen","none","basics","Banco de Portugal | SEPA | conta bancária | IBAN | crédito","Banco de Portugal, European Central Bank, or gov.pt","2","annual_candidate"
"2027-04-06","11:30","2","daily_life_consumer","edge_case","Keeping proof of cancellation: mistakes, exceptions and edge cases","everyone living in Portugal","low","evergreen","none","keeping proof cancellation","ePortugal | Livro de Reclamações | ANACOM | energia | telecomunicações","gov.pt, Direção-Geral do Consumidor, ANACOM, ERSE, or the responsible municipality","2","annual_candidate"
"2027-04-06","14:30","3","iva","audience","Quarterly IVA declaration basics for freelancers and small businesses","freelancers and small businesses","high","evergreen","none","IVA | Imposto sobre o Valor Acrescentado","IVA | CIVA | artigo 53 | declaração periódica | VIES","Autoridade Tributária or Diário da República","3","annual_candidate"
"2027-04-06","18:00","4","employment","golden_tip","NEWS RESERVE — fallback: Fixed-term versus permanent contracts: one golden tip and what to verify","employees and job seekers","medium","news_flex","breaking_news","fixed versus permanent","contrato de trabalho | emprego | salário | férias | desemprego","Official-source verification required; otherwise use fallback","2","annual_candidate"
"2027-04-06","21:00","5","identity_access","foundation","What Chave Móvel Digital does: a plain-English explanation","new residents","medium","evergreen","none","Chave Móvel Digital | autenticação.gov","NIF | NISS | Chave Móvel Digital | Portal das Finanças | Segurança Social Direta","gov.pt, Autoridade Tributária, Segurança Social, or Autenticação.gov as applicable","3","annual_candidate"
"2027-04-07","08:30","1","driving_transport","edge_case","What happens when a foreign licence expires: mistakes, exceptions and edge cases","drivers and commuters","medium","evergreen","none","happens foreign licence","IMT | carta de condução | IUC | veículo | Via Verde","IMT, Autoridade Tributária, gov.pt, or Diário da República","1","annual_candidate"
"2027-04-07","11:30","2","citizenship_civil","audience","Marriage registration for residents building a long-term life","residents building a long-term life","high","evergreen","none","marriage registration","IRN | cidadania | nacionalidade | registo civil | Nascer Cidadão","IRN, gov.pt, or Diário da República","2","annual_candidate"
"2027-04-07","14:30","3","housing_property","golden_tip","Reading a Portuguese rental contract: one golden tip and what to verify","renters and property owners","high","evergreen","none","arrendamento | contrato de arrendamento","arrendamento | IMI | AIMI | IMT | imóvel | habitação","Autoridade Tributária, gov.pt, Diário da República, or the responsible municipality","1","annual_candidate"
"2027-04-07","18:00","4","education_children","foundation","NEWS RESERVE — fallback: Portuguese-language support for students: a plain-English explanation","families and students","medium","news_flex","breaking_news","language support students","matrícula escolar | educação | equivalência | reconhecimento | MEGA","Official-source verification required; otherwise use fallback","2","annual_candidate"
"2027-04-07","21:00","5","health_family","action","Pregnancy and birth administration: a practical step-by-step checklist","individuals and families","medium","evergreen","none","pregnancy birth administration","SNS | centro de saúde | médico de família | nascimento | família","SNS, SNS 24, gov.pt, or Diário da República","2","annual_candidate"
"2027-04-08","08:30","1","identity_access","audience","Keeping digital copies of Portuguese documents for new residents","new residents","medium","evergreen","none","keeping digital copies","NIF | NISS | Chave Móvel Digital | Portal das Finanças | Segurança Social Direta","gov.pt, Autoridade Tributária, Segurança Social, or Autenticação.gov as applicable","2","annual_candidate"
"2027-04-08","11:30","2","irs","golden_tip","Understanding an IRS refund: one golden tip and what to verify","people filing personal income tax","high","evergreen","none","IRS | Imposto sobre o Rendimento das Pessoas Singulares","IRS | Modelo 3 | e-Fatura | Anexo J | IRS Automático","Autoridade Tributária or Diário da República","1","annual_candidate"
"2027-04-08","14:30","3","health_family","foundation","Keeping foreign medical records usable: a plain-English explanation","individuals and families","medium","evergreen","none","registo de saúde | processo clínico | SNS","SNS | centro de saúde | médico de família | nascimento | família","SNS, SNS 24, gov.pt, or Diário da República","3","annual_candidate"
"2027-04-08","18:00","4","immigration_residency","action","NEWS RESERVE — fallback: Checking AIMA fees safely: a practical step-by-step checklist","international residents","high","news_flex","breaking_news","AIMA | autorização de residência","AIMA | autorização de residência | visto | reagrupamento familiar | CPLP","Official-source verification required; otherwise use fallback","3","annual_candidate"
"2027-04-08","21:00","5","driving_transport","edge_case","Car-insurance documents: mistakes, exceptions and edge cases","drivers and commuters","medium","evergreen","none","insurance documents","IMT | carta de condução | IUC | veículo | Via Verde","IMT, Autoridade Tributária, gov.pt, or Diário da República","2","annual_candidate"
"2027-04-09","08:30","1","freelance_business","golden_tip","Opening freelance activity in Portugal: one golden tip and what to verify","freelancers and solo founders","high","evergreen","none","opening freelance activity","trabalhador independente | abrir atividade | recibos verdes | CAE | CIRS","Autoridade Tributária, Segurança Social, gov.pt, or Diário da República","2","annual_candidate"
"2027-04-09","11:30","2","banking_money","foundation","Credit reports at Banco de Portugal: a plain-English explanation","people managing money in Portugal","medium","evergreen","none","credit reports banco | Banco de Portugal","Banco de Portugal | SEPA | conta bancária | IBAN | crédito","Banco de Portugal, European Central Bank, or gov.pt","1","annual_candidate"
"2027-04-09","14:30","3","daily_life_consumer","action","Using ePortugal to find public services: a practical step-by-step checklist","everyone living in Portugal","low","evergreen","none","using eportugal public | ePortugal","ePortugal | Livro de Reclamações | ANACOM | energia | telecomunicações","gov.pt, Direção-Geral do Consumidor, ANACOM, ERSE, or the responsible municipality","2","annual_candidate"
"2027-04-09","18:00","4","iva","edge_case","NEWS RESERVE — fallback: IVA when buying business services abroad: mistakes, exceptions and edge cases","freelancers and small businesses","high","news_flex","breaking_news","IVA | Imposto sobre o Valor Acrescentado","IVA | CIVA | artigo 53 | declaração periódica | VIES","Official-source verification required; otherwise use fallback","3","annual_candidate"
"2027-04-09","21:00","5","employment","audience","Unemployment-benefit preparation for employees and job seekers","employees and job seekers","medium","evergreen","none","contrato de trabalho | Código do Trabalho","contrato de trabalho | emprego | salário | férias | desemprego","ACT, Segurança Social, IEFP, gov.pt, or Diário da República","3","annual_candidate"
"2027-04-10","08:30","1","social_security","foundation","What Portuguese Social Security covers: a plain-English explanation","workers and freelancers","high","evergreen","none","Segurança Social | declaração trimestral","Segurança Social | declaração trimestral | contribuições | NISS | desemprego","Segurança Social, gov.pt, or Diário da República","1","annual_candidate"
"2027-04-10","11:30","2","driving_transport","action","Electronic tolls for foreign vehicles: a practical step-by-step checklist","drivers and commuters","medium","evergreen","none","electronic tolls foreign","IMT | carta de condução | IUC | veículo | Via Verde","IMT, Autoridade Tributária, gov.pt, or Diário da República","1","annual_candidate"
"2027-04-10","14:30","3","citizenship_civil","edge_case","Counting legal residence time: mistakes, exceptions and edge cases","residents building a long-term life","high","evergreen","none","AIMA | autorização de residência","IRN | cidadania | nacionalidade | registo civil | Nascer Cidadão","IRN, gov.pt, or Diário da República","3","annual_candidate"
"2027-04-10","18:00","4","education_children","audience","NEWS RESERVE — fallback: School-meal and support applications for families and students","families and students","medium","news_flex","breaking_news","matrículas | Portal das Matrículas | educação","matrícula escolar | educação | equivalência | reconhecimento | MEGA","Official-source verification required; otherwise use fallback","2","annual_candidate"
"2027-04-10","21:00","5","education_children","golden_tip","Student residence administration: one golden tip and what to verify","families and students","medium","evergreen","none","AIMA | autorização de residência","matrícula escolar | educação | equivalência | reconhecimento | MEGA","Direção-Geral da Educação, DGES, gov.pt, or Diário da República","4","annual_candidate"
"2027-04-11","08:30","1","employment","action","Fixed-term versus permanent contracts: a practical step-by-step checklist","employees and job seekers","medium","evergreen","none","fixed versus permanent","contrato de trabalho | emprego | salário | férias | desemprego","ACT, Segurança Social, IEFP, gov.pt, or Diário da República","1","annual_candidate"
"2027-04-11","11:30","2","identity_access","edge_case","Requesting a NISS: mistakes, exceptions and edge cases","new residents","medium","evergreen","none","NISS | número de identificação da segurança social","NIF | NISS | Chave Móvel Digital | Portal das Finanças | Segurança Social Direta","gov.pt, Autoridade Tributária, Segurança Social, or Autenticação.gov as applicable","3","annual_candidate"
"2027-04-11","14:30","3","irs","audience","Tax residence and IRS for people filing personal income tax","people filing personal income tax","high","evergreen","none","IRS | Imposto sobre o Rendimento das Pessoas Singulares | AIMA | autorização de residência","IRS | Modelo 3 | e-Fatura | Anexo J | IRS Automático","Autoridade Tributária or Diário da República","1","annual_candidate"
"2027-04-11","18:00","4","health_family","golden_tip","NEWS RESERVE — fallback: Electronic prescriptions: one golden tip and what to verify","individuals and families","medium","news_flex","breaking_news","electronic prescriptions","SNS | centro de saúde | médico de família | nascimento | família","Official-source verification required; otherwise use fallback","4","annual_candidate"
"2027-04-11","21:00","5","immigration_residency","foundation","Using the AIMA renewals portal: a plain-English explanation","international residents","high","evergreen","none","AIMA | autorização de residência","AIMA | autorização de residência | visto | reagrupamento familiar | CPLP","AIMA, gov.pt, Diário da República, or IRN as applicable","3","annual_candidate"
"2027-04-12","08:30","1","education_children","edge_case","School-enrolment documents: mistakes, exceptions and edge cases","families and students","medium","evergreen","none","matrículas | Portal das Matrículas | educação","matrícula escolar | educação | equivalência | reconhecimento | MEGA","Direção-Geral da Educação, DGES, gov.pt, or Diário da República","2","annual_candidate"
"2027-04-12","11:30","2","freelance_business","audience","Working with one main client for freelancers and solo founders","freelancers and solo founders","high","evergreen","none","working client","trabalhador independente | abrir atividade | recibos verdes | CAE | CIRS","Autoridade Tributária, Segurança Social, gov.pt, or Diário da República","2","annual_candidate"
"2027-04-12","14:30","3","banking_money","golden_tip","Understanding Portuguese IBANs: one golden tip and what to verify","people managing money in Portugal","medium","evergreen","none","Banco de Portugal | IBAN | SEPA","Banco de Portugal | SEPA | conta bancária | IBAN | crédito","Banco de Portugal, European Central Bank, or gov.pt","1","annual_candidate"
"2027-04-12","18:00","4","daily_life_consumer","foundation","NEWS RESERVE — fallback: Internet installation documents: a plain-English explanation","everyone living in Portugal","low","news_flex","breaking_news","internet installation documents","ePortugal | Livro de Reclamações | ANACOM | energia | telecomunicações","Official-source verification required; otherwise use fallback","3","annual_candidate"
"2027-04-12","21:00","5","iva","action","Monthly versus quarterly IVA: a practical step-by-step checklist","freelancers and small businesses","high","evergreen","none","IVA | Imposto sobre o Valor Acrescentado","IVA | CIVA | artigo 53 | declaração periódica | VIES","Autoridade Tributária or Diário da República","3","annual_candidate"
"2027-04-13","08:30","1","immigration_residency","audience","Replacing a lost residence document for international residents","international residents","high","evergreen","none","AIMA | autorização de residência","AIMA | autorização de residência | visto | reagrupamento familiar | CPLP","AIMA, gov.pt, Diário da República, or IRN as applicable","1","annual_candidate"
"2027-04-13","11:30","2","social_security","golden_tip","Monthly contribution payments: one golden tip and what to verify","workers and freelancers","high","evergreen","none","monthly contribution payments","Segurança Social | declaração trimestral | contribuições | NISS | desemprego","Segurança Social, gov.pt, or Diário da República","1","annual_candidate"
"2027-04-13","14:30","3","driving_transport","foundation","Exchanging a non-EU driving licence: a plain-English explanation","drivers and commuters","medium","evergreen","none","carta de condução | IMT","IMT | carta de condução | IUC | veículo | Via Verde","IMT, Autoridade Tributária, gov.pt, or Diário da República","2","annual_candidate"
"2027-04-13","18:00","4","banking_money","action","NEWS RESERVE — fallback: Basic bank accounts: a practical step-by-step checklist","people managing money in Portugal","medium","news_flex","breaking_news","Banco de Portugal | IBAN | SEPA","Banco de Portugal | SEPA | conta bancária | IBAN | crédito","Official-source verification required; otherwise use fallback","2","annual_candidate"
"2027-04-13","21:00","5","employment","edge_case","Working for a foreign employer: mistakes, exceptions and edge cases","employees and job seekers","medium","evergreen","none","working foreign employer","contrato de trabalho | emprego | salário | férias | desemprego","ACT, Segurança Social, IEFP, gov.pt, or Diário da República","1","annual_candidate"
"2027-04-14","08:30","1","iva","golden_tip","IVA when buying business services abroad: one golden tip and what to verify","freelancers and small businesses","high","evergreen","none","IVA | Imposto sobre o Valor Acrescentado","IVA | CIVA | artigo 53 | declaração periódica | VIES","Autoridade Tributária or Diário da República","1","annual_candidate"
"2027-04-14","11:30","2","employment","foundation","Remote work from Portugal: a plain-English explanation","employees and job seekers","medium","evergreen","none","remote","contrato de trabalho | emprego | salário | férias | desemprego","ACT, Segurança Social, IEFP, gov.pt, or Diário da República","1","annual_candidate"
"2027-04-14","14:30","3","identity_access","action","Getting a NIF as a resident: a practical step-by-step checklist","new residents","medium","evergreen","none","NIF | número de identificação fiscal","NIF | NISS | Chave Móvel Digital | Portal das Finanças | Segurança Social Direta","gov.pt, Autoridade Tributária, Segurança Social, or Autenticação.gov as applicable","2","annual_candidate"
"2027-04-14","18:00","4","irs","edge_case","NEWS RESERVE — fallback: Rental income and IRS: mistakes, exceptions and edge cases","people filing personal income tax","high","news_flex","breaking_news","IRS | Imposto sobre o Rendimento das Pessoas Singulares | arrendamento | contrato de arrendamento","IRS | Modelo 3 | e-Fatura | Anexo J | IRS Automático","Official-source verification required; otherwise use fallback","2","annual_candidate"
"2027-04-14","21:00","5","health_family","audience","Keeping foreign medical records usable for individuals and families","individuals and families","medium","evergreen","none","registo de saúde | processo clínico | SNS","SNS | centro de saúde | médico de família | nascimento | família","SNS, SNS 24, gov.pt, or Diário da República","1","annual_candidate"
"2027-04-15","08:30","1","housing_property","foundation","Budgeting purchase transaction costs: a plain-English explanation","renters and property owners","high","evergreen","none","budgeting purchase transaction","arrendamento | IMI | AIMI | IMT | imóvel | habitação","Autoridade Tributária, gov.pt, Diário da República, or the responsible municipality","1","annual_candidate"
"2027-04-15","11:30","2","education_children","action","National-exam administration: a practical step-by-step checklist","families and students","medium","evergreen","none","national administration","matrícula escolar | educação | equivalência | reconhecimento | MEGA","Direção-Geral da Educação, DGES, gov.pt, or Diário da República","4","annual_candidate"
"2027-04-15","14:30","3","freelance_business","edge_case","Opening freelance activity in Portugal: mistakes, exceptions and edge cases","freelancers and solo founders","high","evergreen","none","opening freelance activity","trabalhador independente | abrir atividade | recibos verdes | CAE | CIRS","Autoridade Tributária, Segurança Social, gov.pt, or Diário da República","1","annual_candidate"
"2027-04-15","18:00","4","banking_money","audience","NEWS RESERVE — fallback: Changing banks for people managing money in Portugal","people managing money in Portugal","medium","news_flex","breaking_news","Banco de Portugal | IBAN | SEPA","Banco de Portugal | SEPA | conta bancária | IBAN | crédito","Official-source verification required; otherwise use fallback","1","annual_candidate"
"2027-04-15","21:00","5","daily_life_consumer","golden_tip","When a municipal rule differs: one golden tip and what to verify","everyone living in Portugal","low","evergreen","none","municipal differs","ePortugal | Livro de Reclamações | ANACOM | energia | telecomunicações","gov.pt, Direção-Geral do Consumidor, ANACOM, ERSE, or the responsible municipality","3","annual_candidate"
"2027-04-16","08:30","1","health_family","action","Using SNS 24: a practical step-by-step checklist","individuals and families","medium","evergreen","none","using | SNS","SNS | centro de saúde | médico de família | nascimento | família","SNS, SNS 24, gov.pt, or Diário da República","3","annual_candidate"
"2027-04-16","11:30","2","immigration_residency","edge_case","Using the AIMA renewals portal: mistakes, exceptions and edge cases","international residents","high","evergreen","none","AIMA | autorização de residência","AIMA | autorização de residência | visto | reagrupamento familiar | CPLP","AIMA, gov.pt, Diário da República, or IRN as applicable","2","annual_candidate"
"2027-04-16","14:30","3","social_security","audience","Sickness-benefit basics for workers and freelancers","workers and freelancers","high","evergreen","none","sickness benefit basics","Segurança Social | declaração trimestral | contribuições | NISS | desemprego","Segurança Social, gov.pt, or Diário da República","1","annual_candidate"
"2027-04-16","18:00","4","driving_transport","golden_tip","NEWS RESERVE — fallback: Portuguese toll systems: one golden tip and what to verify","drivers and commuters","medium","news_flex","breaking_news","systems","IMT | carta de condução | IUC | veículo | Via Verde","Official-source verification required; otherwise use fallback","2","annual_candidate"
"2027-04-16","21:00","5","education_children","foundation","School-enrolment documents: a plain-English explanation","families and students","medium","evergreen","none","matrículas | Portal das Matrículas | educação","matrícula escolar | educação | equivalência | reconhecimento | MEGA","Direção-Geral da Educação, DGES, gov.pt, or Diário da República","3","annual_candidate"
"2027-04-17","08:30","1","daily_life_consumer","edge_case","Internet installation documents: mistakes, exceptions and edge cases","everyone living in Portugal","low","evergreen","none","internet installation documents","ePortugal | Livro de Reclamações | ANACOM | energia | telecomunicações","gov.pt, Direção-Geral do Consumidor, ANACOM, ERSE, or the responsible municipality","1","annual_candidate"
"2027-04-17","11:30","2","iva","audience","Leaving the IVA exemption for freelancers and small businesses","freelancers and small businesses","high","evergreen","none","IVA | Imposto sobre o Valor Acrescentado","IVA | CIVA | artigo 53 | declaração periódica | VIES","Autoridade Tributária or Diário da República","2","annual_candidate"
"2027-04-17","14:30","3","employment","golden_tip","Payslip basics: one golden tip and what to verify","employees and job seekers","medium","evergreen","none","contrato de trabalho | Código do Trabalho","contrato de trabalho | emprego | salário | férias | desemprego","ACT, Segurança Social, IEFP, gov.pt, or Diário da República","2","annual_candidate"
"2027-04-17","18:00","4","identity_access","foundation","NEWS RESERVE — fallback: Changing the temporary Finanças password: a plain-English explanation","new residents","medium","news_flex","breaking_news","changing temporary finanças","NIF | NISS | Chave Móvel Digital | Portal das Finanças | Segurança Social Direta","Official-source verification required; otherwise use fallback","2","annual_candidate"
"2027-04-17","21:00","5","irs","action","What to do after missing the filing window: a practical step-by-step checklist","people filing personal income tax","high","evergreen","none","missing filing window","IRS | Modelo 3 | e-Fatura | Anexo J | IRS Automático","Autoridade Tributária or Diário da República","1","annual_candidate"
"2027-04-18","08:30","1","citizenship_civil","audience","Nascer Cidadão service for residents building a long-term life","residents building a long-term life","high","evergreen","none","nascer cidadão service | Nascer Cidadão","IRN | cidadania | nacionalidade | registo civil | Nascer Cidadão","IRN, gov.pt, or Diário da República","1","annual_candidate"
"2027-04-18","11:30","2","housing_property","golden_tip","Municipal property differences: one golden tip and what to verify","renters and property owners","high","evergreen","none","municipal property differences","arrendamento | IMI | AIMI | IMT | imóvel | habitação","Autoridade Tributária, gov.pt, Diário da República, or the responsible municipality","1","annual_candidate"
"2027-04-18","14:30","3","education_children","foundation","Renewing school enrolment: a plain-English explanation","families and students","medium","evergreen","none","matrículas | Portal das Matrículas | educação","matrícula escolar | educação | equivalência | reconhecimento | MEGA","Direção-Geral da Educação, DGES, gov.pt, or Diário da República","2","annual_candidate"
"2027-04-18","18:00","4","daily_life_consumer","action","NEWS RESERVE — fallback: Moving house administration checklist: a practical step-by-step checklist","everyone living in Portugal","low","news_flex","breaking_news","moving house administration","ePortugal | Livro de Reclamações | ANACOM | energia | telecomunicações","Official-source verification required; otherwise use fallback","2","annual_candidate"
"2027-04-18","21:00","5","banking_money","edge_case","IBAN discrimination: mistakes, exceptions and edge cases","people managing money in Portugal","medium","evergreen","none","Banco de Portugal | IBAN | SEPA","Banco de Portugal | SEPA | conta bancária | IBAN | crédito","Banco de Portugal, European Central Bank, or gov.pt","2","annual_candidate"
"2027-04-19","08:30","1","irs","golden_tip","Capital gains basics: one golden tip and what to verify","people filing personal income tax","high","evergreen","none","capital gains basics","IRS | Modelo 3 | e-Fatura | Anexo J | IRS Automático","Autoridade Tributária or Diário da República","1","annual_candidate"
"2027-04-19","11:30","2","health_family","foundation","Parental-leave administration: a plain-English explanation","individuals and families","medium","evergreen","none","arrendamento | contrato de arrendamento","SNS | centro de saúde | médico de família | nascimento | família","SNS, SNS 24, gov.pt, or Diário da República","3","annual_candidate"
"2027-04-19","14:30","3","immigration_residency","action","Changing address during an immigration process: a practical step-by-step checklist","international residents","high","evergreen","none","changing address during","AIMA | autorização de residência | visto | reagrupamento familiar | CPLP","AIMA, gov.pt, Diário da República, or IRN as applicable","3","annual_candidate"
"2027-04-19","18:00","4","identity_access","edge_case","NEWS RESERVE — fallback: Confirming email and mobile contacts on Finanças: mistakes, exceptions and edge cases","new residents","medium","news_flex","breaking_news","confirming email mobile","NIF | NISS | Chave Móvel Digital | Portal das Finanças | Segurança Social Direta","Official-source verification required; otherwise use fallback","3","annual_candidate"
"2027-04-19","21:00","5","driving_transport","audience","Using a foreign driving licence in Portugal for drivers and commuters","drivers and commuters","medium","evergreen","none","carta de condução | IMT","IMT | carta de condução | IUC | veículo | Via Verde","IMT, Autoridade Tributária, gov.pt, or Diário da República","3","annual_candidate"
"2027-04-20","08:30","1","banking_money","foundation","Foreign bank accounts and Portuguese tax: a plain-English explanation","people managing money in Portugal","medium","evergreen","none","Banco de Portugal | IBAN | SEPA","Banco de Portugal | SEPA | conta bancária | IBAN | crédito","Banco de Portugal, European Central Bank, or gov.pt","2","annual_candidate"
"2027-04-20","11:30","2","daily_life_consumer","action","Finding English-language official help: a practical step-by-step checklist","everyone living in Portugal","low","evergreen","none","finding language official","ePortugal | Livro de Reclamações | ANACOM | energia | telecomunicações","gov.pt, Direção-Geral do Consumidor, ANACOM, ERSE, or the responsible municipality","2","annual_candidate"
"2027-04-20","14:30","3","iva","edge_case","IVA on digital services: mistakes, exceptions and edge cases","freelancers and small businesses","high","evergreen","none","IVA | Imposto sobre o Valor Acrescentado","IVA | CIVA | artigo 53 | declaração periódica | VIES","Autoridade Tributária or Diário da República","3","annual_candidate"
"2027-04-20","18:00","4","employment","audience","NEWS RESERVE — fallback: Registering with IEFP for employees and job seekers","employees and job seekers","medium","news_flex","breaking_news","contrato de trabalho | Código do Trabalho","contrato de trabalho | emprego | salário | férias | desemprego","Official-source verification required; otherwise use fallback","2","annual_candidate"
"2027-04-20","21:00","5","identity_access","golden_tip","Finding your NIF on official documents: one golden tip and what to verify","new residents","medium","evergreen","none","NIF | número de identificação fiscal","NIF | NISS | Chave Móvel Digital | Portal das Finanças | Segurança Social Direta","gov.pt, Autoridade Tributária, Segurança Social, or Autenticação.gov as applicable","3","annual_candidate"
"2027-04-21","08:30","1","driving_transport","action","Portuguese toll systems: a practical step-by-step checklist","drivers and commuters","medium","evergreen","none","systems","IMT | carta de condução | IUC | veículo | Via Verde","IMT, Autoridade Tributária, gov.pt, or Diário da República","2","annual_candidate"
"2027-04-21","11:30","2","citizenship_civil","edge_case","Residence and citizenship are different processes: mistakes, exceptions and edge cases","residents building a long-term life","high","evergreen","none","AIMA | autorização de residência | arrendamento | contrato de arrendamento","IRN | cidadania | nacionalidade | registo civil | Nascer Cidadão","IRN, gov.pt, or Diário da República","2","annual_candidate"
"2027-04-21","14:30","3","housing_property","audience","IMI payment instalments for renters and property owners","renters and property owners","high","evergreen","none","IMI | Imposto Municipal sobre Imóveis | arrendamento | contrato de arrendamento","arrendamento | IMI | AIMI | IMT | imóvel | habitação","Autoridade Tributária, gov.pt, Diário da República, or the responsible municipality","1","annual_candidate"
"2027-04-21","18:00","4","education_children","golden_tip","NEWS RESERVE — fallback: Recognising a foreign degree: one golden tip and what to verify","families and students","medium","news_flex","breaking_news","recognising foreign degree","matrícula escolar | educação | equivalência | reconhecimento | MEGA","Official-source verification required; otherwise use fallback","2","annual_candidate"
"2027-04-21","21:00","5","health_family","foundation","Registering with the SNS: a plain-English explanation","individuals and families","medium","evergreen","none","registering | SNS","SNS | centro de saúde | médico de família | nascimento | família","SNS, SNS 24, gov.pt, or Diário da República","2","annual_candidate"
"2027-04-22","08:30","1","identity_access","edge_case","What a NISS is: mistakes, exceptions and edge cases","new residents","medium","evergreen","none","NISS | número de identificação da segurança social","NIF | NISS | Chave Móvel Digital | Portal das Finanças | Segurança Social Direta","gov.pt, Autoridade Tributária, Segurança Social, or Autenticação.gov as applicable","2","annual_candidate"
"2027-04-22","11:30","2","irs","audience","Who normally files Modelo 3 for people filing personal income tax","people filing personal income tax","high","evergreen","none","Modelo 3 | declaração de rendimentos | IRS | Imposto sobre o Rendimento das Pessoas Singulares","IRS | Modelo 3 | e-Fatura | Anexo J | IRS Automático","Autoridade Tributária or Diário da República","1","annual_candidate"
"2027-04-22","14:30","3","health_family","golden_tip","Using SNS 24: one golden tip and what to verify","individuals and families","medium","evergreen","none","using | SNS","SNS | centro de saúde | médico de família | nascimento | família","SNS, SNS 24, gov.pt, or Diário da República","3","annual_candidate"
"2027-04-22","18:00","4","immigration_residency","foundation","NEWS RESERVE — fallback: Residence renewal preparation: a plain-English explanation","international residents","high","news_flex","breaking_news","AIMA | autorização de residência","AIMA | autorização de residência | visto | reagrupamento familiar | CPLP","Official-source verification required; otherwise use fallback","3","annual_candidate"
"2027-04-22","21:00","5","driving_transport","action","Exchanging a non-EU driving licence: a practical step-by-step checklist","drivers and commuters","medium","evergreen","none","carta de condução | IMT","IMT | carta de condução | IUC | veículo | Via Verde","IMT, Autoridade Tributária, gov.pt, or Diário da República","2","annual_candidate"
"2027-04-23","08:30","1","freelance_business","audience","Closing freelance activity for freelancers and solo founders","freelancers and solo founders","high","evergreen","none","closing freelance activity","trabalhador independente | abrir atividade | recibos verdes | CAE | CIRS","Autoridade Tributária, Segurança Social, gov.pt, or Diário da República","3","annual_candidate"
"2027-04-23","11:30","2","banking_money","golden_tip","Resident versus non-resident bank accounts: one golden tip and what to verify","people managing money in Portugal","medium","evergreen","none","Banco de Portugal | IBAN | SEPA","Banco de Portugal | SEPA | conta bancária | IBAN | crédito","Banco de Portugal, European Central Bank, or gov.pt","1","annual_candidate"
"2027-04-23","14:30","3","daily_life_consumer","foundation","Changing telecom provider: a plain-English explanation","everyone living in Portugal","low","evergreen","none","changing telecom provider","ePortugal | Livro de Reclamações | ANACOM | energia | telecomunicações","gov.pt, Direção-Geral do Consumidor, ANACOM, ERSE, or the responsible municipality","2","annual_candidate"
"2027-04-23","18:00","4","iva","action","NEWS RESERVE — fallback: Entering the normal IVA regime: a practical step-by-step checklist","freelancers and small businesses","high","news_flex","breaking_news","IVA | Imposto sobre o Valor Acrescentado","IVA | CIVA | artigo 53 | declaração periódica | VIES","Official-source verification required; otherwise use fallback","3","annual_candidate"
"2027-04-23","21:00","5","employment","edge_case","Meal allowance: mistakes, exceptions and edge cases","employees and job seekers","medium","evergreen","none","allowance","contrato de trabalho | emprego | salário | férias | desemprego","ACT, Segurança Social, IEFP, gov.pt, or Diário da República","3","annual_candidate"
"2027-04-24","08:30","1","social_security","golden_tip","Calculating relevant self-employed income: one golden tip and what to verify","workers and freelancers","high","evergreen","none","calculating relevant employed","Segurança Social | declaração trimestral | contribuições | NISS | desemprego","Segurança Social, gov.pt, or Diário da República","1","annual_candidate"
"2027-04-24","11:30","2","driving_transport","foundation","Exchanging an EU driving licence: a plain-English explanation","drivers and commuters","medium","evergreen","none","carta de condução | IMT","IMT | carta de condução | IUC | veículo | Via Verde","IMT, Autoridade Tributária, gov.pt, or Diário da República","1","annual_candidate"
"2027-04-24","14:30","3","citizenship_civil","action","Name differences across foreign documents: a practical step-by-step checklist","residents building a long-term life","high","evergreen","none","differences across foreign","IRN | cidadania | nacionalidade | registo civil | Nascer Cidadão","IRN, gov.pt, or Diário da República","3","annual_candidate"
"2027-04-24","18:00","4","education_children","edge_case","NEWS RESERVE — fallback: Student residence administration: mistakes, exceptions and edge cases","families and students","medium","news_flex","breaking_news","AIMA | autorização de residência","matrícula escolar | educação | equivalência | reconhecimento | MEGA","Official-source verification required; otherwise use fallback","2","annual_candidate"
"2027-04-24","21:00","5","education_children","audience","Recognising foreign school records for families and students","families and students","medium","evergreen","none","matrículas | Portal das Matrículas | educação","matrícula escolar | educação | equivalência | reconhecimento | MEGA","Direção-Geral da Educação, DGES, gov.pt, or Diário da República","4","annual_candidate"
"2027-04-25","08:30","1","employment","foundation","Registering with IEFP: a plain-English explanation","employees and job seekers","medium","evergreen","none","registering","contrato de trabalho | emprego | salário | férias | desemprego","ACT, Segurança Social, IEFP, gov.pt, or Diário da República","1","annual_candidate"
"2027-04-25","11:30","2","identity_access","action","Keeping digital copies of Portuguese documents: a practical step-by-step checklist","new residents","medium","evergreen","none","keeping digital copies","NIF | NISS | Chave Móvel Digital | Portal das Finanças | Segurança Social Direta","gov.pt, Autoridade Tributária, Segurança Social, or Autenticação.gov as applicable","3","annual_candidate"
"2027-04-25","14:30","3","irs","edge_case","Foreign income and Anexo J: mistakes, exceptions and edge cases","people filing personal income tax","high","evergreen","none","foreign income anexo | Anexo J","IRS | Modelo 3 | e-Fatura | Anexo J | IRS Automático","Autoridade Tributária or Diário da República","1","annual_candidate"
"2027-04-25","18:00","4","health_family","audience","NEWS RESERVE — fallback: Parental-leave administration for individuals and families","individuals and families","medium","news_flex","breaking_news","arrendamento | contrato de arrendamento","SNS | centro de saúde | médico de família | nascimento | família","Official-source verification required; otherwise use fallback","4","annual_candidate"
"2027-04-25","21:00","5","immigration_residency","golden_tip","Long-term resident status: one golden tip and what to verify","international residents","high","evergreen","none","resident status","AIMA | autorização de residência | visto | reagrupamento familiar | CPLP","AIMA, gov.pt, Diário da República, or IRN as applicable","3","annual_candidate"
"2027-04-26","08:30","1","education_children","action","School calendar basics: a practical step-by-step checklist","families and students","medium","evergreen","none","matrículas | Portal das Matrículas | educação","matrícula escolar | educação | equivalência | reconhecimento | MEGA","Direção-Geral da Educação, DGES, gov.pt, or Diário da República","2","annual_candidate"
"2027-04-26","11:30","2","freelance_business","edge_case","When to speak with a certified accountant: mistakes, exceptions and edge cases","freelancers and solo founders","high","evergreen","none","speak certified accountant","trabalhador independente | abrir atividade | recibos verdes | CAE | CIRS","Autoridade Tributária, Segurança Social, gov.pt, or Diário da República","2","annual_candidate"
"2027-04-26","14:30","3","banking_money","audience","Basic bank accounts for people managing money in Portugal","people managing money in Portugal","medium","evergreen","none","Banco de Portugal | IBAN | SEPA","Banco de Portugal | SEPA | conta bancária | IBAN | crédito","Banco de Portugal, European Central Bank, or gov.pt","1","annual_candidate"
"2027-04-26","18:00","4","daily_life_consumer","golden_tip","NEWS RESERVE — fallback: Building an emergency document folder: one golden tip and what to verify","everyone living in Portugal","low","news_flex","breaking_news","building emergency document","ePortugal | Livro de Reclamações | ANACOM | energia | telecomunicações","Official-source verification required; otherwise use fallback","3","annual_candidate"
"2027-04-26","21:00","5","iva","foundation","Invoicing a non-EU customer: a plain-English explanation","freelancers and small businesses","high","evergreen","none","invoicing customer","IVA | CIVA | artigo 53 | declaração periódica | VIES","Autoridade Tributária or Diário da República","3","annual_candidate"
"2027-04-27","08:30","1","immigration_residency","edge_case","Preparing for an AIMA appointment: mistakes, exceptions and edge cases","international residents","high","evergreen","none","AIMA | autorização de residência","AIMA | autorização de residência | visto | reagrupamento familiar | CPLP","AIMA, gov.pt, Diário da República, or IRN as applicable","1","annual_candidate"
"2027-04-27","11:30","2","social_security","audience","Employee Social Security deductions for workers and freelancers","workers and freelancers","high","evergreen","none","Segurança Social | declaração trimestral | contrato de trabalho | Código do Trabalho","Segurança Social | declaração trimestral | contribuições | NISS | desemprego","Segurança Social, gov.pt, or Diário da República","1","annual_candidate"
"2027-04-27","14:30","3","driving_transport","golden_tip","What IUC is: one golden tip and what to verify","drivers and commuters","medium","evergreen","none","IUC | Imposto Único de Circulação","IMT | carta de condução | IUC | veículo | Via Verde","IMT, Autoridade Tributária, gov.pt, or Diário da República","3","annual_candidate"
"2027-04-27","18:00","4","banking_money","foundation","NEWS RESERVE — fallback: Mortgage preparation: a plain-English explanation","people managing money in Portugal","medium","news_flex","breaking_news","mortgage preparation","Banco de Portugal | SEPA | conta bancária | IBAN | crédito","Official-source verification required; otherwise use fallback","2","annual_candidate"
"2027-04-27","21:00","5","employment","action","Payslip basics: a practical step-by-step checklist","employees and job seekers","medium","evergreen","none","contrato de trabalho | Código do Trabalho","contrato de trabalho | emprego | salário | férias | desemprego","ACT, Segurança Social, IEFP, gov.pt, or Diário da República","1","annual_candidate"
"2027-04-28","08:30","1","iva","audience","Entering the normal IVA regime for freelancers and small businesses","freelancers and small businesses","high","evergreen","none","IVA | Imposto sobre o Valor Acrescentado","IVA | CIVA | artigo 53 | declaração periódica | VIES","Autoridade Tributária or Diário da República","1","annual_candidate"
"2027-04-28","11:30","2","employment","golden_tip","Holiday and Christmas allowances: one golden tip and what to verify","employees and job seekers","medium","evergreen","none","holiday christmas allowances","contrato de trabalho | emprego | salário | férias | desemprego","ACT, Segurança Social, IEFP, gov.pt, or Diário da República","1","annual_candidate"
"2027-04-28","14:30","3","identity_access","foundation","Recovering Portal das Finanças access: a plain-English explanation","new residents","medium","evergreen","none","recovering portal finanças | Portal das Finanças","NIF | NISS | Chave Móvel Digital | Portal das Finanças | Segurança Social Direta","gov.pt, Autoridade Tributária, Segurança Social, or Autenticação.gov as applicable","2","annual_candidate"
"2027-04-28","18:00","4","irs","action","NEWS RESERVE — fallback: Keeping an IRS submission receipt: a practical step-by-step checklist","people filing personal income tax","high","news_flex","breaking_news","IRS | Imposto sobre o Rendimento das Pessoas Singulares","IRS | Modelo 3 | e-Fatura | Anexo J | IRS Automático","Official-source verification required; otherwise use fallback","2","annual_candidate"
"2027-04-28","21:00","5","health_family","edge_case","Using SNS 24: mistakes, exceptions and edge cases","individuals and families","medium","evergreen","none","using | SNS","SNS | centro de saúde | médico de família | nascimento | família","SNS, SNS 24, gov.pt, or Diário da República","1","annual_candidate"
"2027-04-29","08:30","1","housing_property","golden_tip","Condominium documents: one golden tip and what to verify","renters and property owners","high","evergreen","none","condominium documents","arrendamento | IMI | AIMI | IMT | imóvel | habitação","Autoridade Tributária, gov.pt, Diário da República, or the responsible municipality","1","annual_candidate"
"2027-04-29","11:30","2","education_children","foundation","School-enrolment documents: a plain-English explanation","families and students","medium","evergreen","none","matrículas | Portal das Matrículas | educação","matrícula escolar | educação | equivalência | reconhecimento | MEGA","Direção-Geral da Educação, DGES, gov.pt, or Diário da República","4","annual_candidate"
"2027-04-29","14:30","3","freelance_business","action","Closing freelance activity: a practical step-by-step checklist","freelancers and solo founders","high","evergreen","none","closing freelance activity","trabalhador independente | abrir atividade | recibos verdes | CAE | CIRS","Autoridade Tributária, Segurança Social, gov.pt, or Diário da República","1","annual_candidate"
"2027-04-29","18:00","4","banking_money","edge_case","NEWS RESERVE — fallback: Variable versus fixed mortgage rates: mistakes, exceptions and edge cases","people managing money in Portugal","medium","news_flex","breaking_news","variable versus fixed","Banco de Portugal | SEPA | conta bancária | IBAN | crédito","Official-source verification required; otherwise use fallback","1","annual_candidate"
"2027-04-29","21:00","5","daily_life_consumer","audience","Changing electricity supplier for everyone living in Portugal","everyone living in Portugal","low","evergreen","none","changing electricity supplier","ePortugal | Livro de Reclamações | ANACOM | energia | telecomunicações","gov.pt, Direção-Geral do Consumidor, ANACOM, ERSE, or the responsible municipality","3","annual_candidate"
"2027-04-30","08:30","1","health_family","foundation","Registering a birth: a plain-English explanation","individuals and families","medium","evergreen","none","registering birth","SNS | centro de saúde | médico de família | nascimento | família","SNS, SNS 24, gov.pt, or Diário da República","3","annual_candidate"
"2027-04-30","11:30","2","immigration_residency","action","Long-term resident status: a practical step-by-step checklist","international residents","high","evergreen","none","resident status","AIMA | autorização de residência | visto | reagrupamento familiar | CPLP","AIMA, gov.pt, Diário da República, or IRN as applicable","2","annual_candidate"
"2027-04-30","14:30","3","social_security","edge_case","Income included in a quarterly declaration: mistakes, exceptions and edge cases","workers and freelancers","high","evergreen","none","Segurança Social | declaração trimestral","Segurança Social | declaração trimestral | contribuições | NISS | desemprego","Segurança Social, gov.pt, or Diário da República","1","annual_candidate"
"2027-04-30","18:00","4","driving_transport","audience","NEWS RESERVE — fallback: Public-transport passes for drivers and commuters","drivers and commuters","medium","news_flex","breaking_news","public transport passes","IMT | carta de condução | IUC | veículo | Via Verde","Official-source verification required; otherwise use fallback","2","annual_candidate"
"2027-04-30","21:00","5","education_children","golden_tip","School calendar basics: one golden tip and what to verify","families and students","medium","evergreen","none","matrículas | Portal das Matrículas | educação","matrícula escolar | educação | equivalência | reconhecimento | MEGA","Direção-Geral da Educação, DGES, gov.pt, or Diário da República","3","annual_candidate"
"2027-05-01","08:30","1","daily_life_consumer","action","Building an emergency document folder: a practical step-by-step checklist","everyone living in Portugal","low","evergreen","none","building emergency document","ePortugal | Livro de Reclamações | ANACOM | energia | telecomunicações","gov.pt, Direção-Geral do Consumidor, ANACOM, ERSE, or the responsible municipality","1","annual_candidate"
"2027-05-01","11:30","2","iva","edge_case","Reverse charge wording: mistakes, exceptions and edge cases","freelancers and small businesses","high","evergreen","none","reverse charge wording","IVA | CIVA | artigo 53 | declaração periódica | VIES","Autoridade Tributária or Diário da República","2","annual_candidate"
"2027-05-01","14:30","3","employment","audience","Ending an employment contract for employees and job seekers","employees and job seekers","medium","evergreen","none","contrato de trabalho | Código do Trabalho","contrato de trabalho | emprego | salário | férias | desemprego","ACT, Segurança Social, IEFP, gov.pt, or Diário da República","2","annual_candidate"
"2027-05-01","18:00","4","identity_access","golden_tip","NEWS RESERVE — fallback: Getting a NIF as a resident: one golden tip and what to verify","new residents","medium","news_flex","breaking_news","NIF | número de identificação fiscal","NIF | NISS | Chave Móvel Digital | Portal das Finanças | Segurança Social Direta","Official-source verification required; otherwise use fallback","2","annual_candidate"
"2027-05-01","21:00","5","irs","foundation","Checking household information before IRS: a plain-English explanation","people filing personal income tax","high","evergreen","none","IRS | Imposto sobre o Rendimento das Pessoas Singulares","IRS | Modelo 3 | e-Fatura | Anexo J | IRS Automático","Autoridade Tributária or Diário da República","1","annual_candidate"
"2027-05-02","08:30","1","citizenship_civil","edge_case","Citizenship scams and unrealistic promises: mistakes, exceptions and edge cases","residents building a long-term life","high","evergreen","none","citizenship scams unrealistic","IRN | cidadania | nacionalidade | registo civil | Nascer Cidadão","IRN, gov.pt, or Diário da República","1","annual_candidate"
"2027-05-02","11:30","2","housing_property","audience","What IMI is for renters and property owners","renters and property owners","high","evergreen","none","IMI | Imposto Municipal sobre Imóveis | arrendamento | contrato de arrendamento","arrendamento | IMI | AIMI | IMT | imóvel | habitação","Autoridade Tributária, gov.pt, Diário da República, or the responsible municipality","1","annual_candidate"
"2027-05-02","14:30","3","education_children","golden_tip","Applying to Portuguese higher education: one golden tip and what to verify","families and students","medium","evergreen","none","matrículas | Portal das Matrículas | educação","matrícula escolar | educação | equivalência | reconhecimento | MEGA","Direção-Geral da Educação, DGES, gov.pt, or Diário da República","2","annual_candidate"
"2027-05-02","18:00","4","daily_life_consumer","foundation","NEWS RESERVE — fallback: Using ePortugal to find public services: a plain-English explanation","everyone living in Portugal","low","news_flex","breaking_news","using eportugal public | ePortugal","ePortugal | Livro de Reclamações | ANACOM | energia | telecomunicações","Official-source verification required; otherwise use fallback","2","annual_candidate"
"2027-05-02","21:00","5","banking_money","action","Direct debits: a practical step-by-step checklist","people managing money in Portugal","medium","evergreen","none","direct debits","Banco de Portugal | SEPA | conta bancária | IBAN | crédito","Banco de Portugal, European Central Bank, or gov.pt","2","annual_candidate"
"2027-05-03","08:30","1","irs","audience","Tax deductions versus tax credits for people filing personal income tax","people filing personal income tax","high","evergreen","none","IRS | Imposto sobre o Rendimento das Pessoas Singulares","IRS | Modelo 3 | e-Fatura | Anexo J | IRS Automático","Autoridade Tributária or Diário da República","1","annual_candidate"
"2027-05-03","11:30","2","health_family","golden_tip","Registering at a health centre: one golden tip and what to verify","individuals and families","medium","evergreen","none","registering health centre","SNS | centro de saúde | médico de família | nascimento | família","SNS, SNS 24, gov.pt, or Diário da República","3","annual_candidate"
"2027-05-03","14:30","3","immigration_residency","foundation","Residence title versus EU registration certificate: a plain-English explanation","international residents","high","evergreen","none","AIMA | autorização de residência","AIMA | autorização de residência | visto | reagrupamento familiar | CPLP","AIMA, gov.pt, Diário da República, or IRN as applicable","3","annual_candidate"
"2027-05-03","18:00","4","identity_access","action","NEWS RESERVE — fallback: Getting a NIF before moving: a practical step-by-step checklist","new residents","medium","news_flex","breaking_news","NIF | número de identificação fiscal","NIF | NISS | Chave Móvel Digital | Portal das Finanças | Segurança Social Direta","Official-source verification required; otherwise use fallback","3","annual_candidate"
"2027-05-03","21:00","5","driving_transport","edge_case","Registering an imported vehicle: mistakes, exceptions and edge cases","drivers and commuters","medium","evergreen","none","registering imported vehicle","IMT | carta de condução | IUC | veículo | Via Verde","IMT, Autoridade Tributária, gov.pt, or Diário da República","3","annual_candidate"
"2027-05-04","08:30","1","banking_money","golden_tip","Opening a Portuguese bank account: one golden tip and what to verify","people managing money in Portugal","medium","evergreen","none","Banco de Portugal | IBAN | SEPA","Banco de Portugal | SEPA | conta bancária | IBAN | crédito","Banco de Portugal, European Central Bank, or gov.pt","2","annual_candidate"
"2027-05-04","11:30","2","daily_life_consumer","foundation","Reading an electricity bill: a plain-English explanation","everyone living in Portugal","low","evergreen","none","reading electricity","ePortugal | Livro de Reclamações | ANACOM | energia | telecomunicações","gov.pt, Direção-Geral do Consumidor, ANACOM, ERSE, or the responsible municipality","2","annual_candidate"
"2027-05-04","14:30","3","iva","action","Monitoring the IVA exemption threshold: a practical step-by-step checklist","freelancers and small businesses","high","evergreen","none","IVA | Imposto sobre o Valor Acrescentado","IVA | CIVA | artigo 53 | declaração periódica | VIES","Autoridade Tributária or Diário da República","3","annual_candidate"
"2027-05-04","18:00","4","employment","edge_case","NEWS RESERVE — fallback: Gross salary versus take-home pay: mistakes, exceptions and edge cases","employees and job seekers","medium","news_flex","breaking_news","gross salary versus","contrato de trabalho | emprego | salário | férias | desemprego","Official-source verification required; otherwise use fallback","2","annual_candidate"
"2027-05-04","21:00","5","identity_access","audience","Confirming email and mobile contacts on Finanças for new residents","new residents","medium","evergreen","none","confirming email mobile","NIF | NISS | Chave Móvel Digital | Portal das Finanças | Segurança Social Direta","gov.pt, Autoridade Tributária, Segurança Social, or Autenticação.gov as applicable","3","annual_candidate"
"2027-05-05","08:30","1","driving_transport","foundation","Public-transport passes: a plain-English explanation","drivers and commuters","medium","evergreen","none","public transport passes","IMT | carta de condução | IUC | veículo | Via Verde","IMT, Autoridade Tributária, gov.pt, or Diário da República","2","annual_candidate"
"2027-05-05","11:30","2","citizenship_civil","action","Apostilles and foreign documents: a practical step-by-step checklist","residents building a long-term life","high","evergreen","none","apostilles foreign documents","IRN | cidadania | nacionalidade | registo civil | Nascer Cidadão","IRN, gov.pt, or Diário da República","2","annual_candidate"
"2027-05-05","14:30","3","housing_property","edge_case","Updating property ownership records: mistakes, exceptions and edge cases","renters and property owners","high","evergreen","none","updating property ownership","arrendamento | IMI | AIMI | IMT | imóvel | habitação","Autoridade Tributária, gov.pt, Diário da República, or the responsible municipality","1","annual_candidate"
"2027-05-05","18:00","4","education_children","audience","NEWS RESERVE — fallback: Renewing school enrolment for families and students","families and students","medium","news_flex","breaking_news","matrículas | Portal das Matrículas | educação","matrícula escolar | educação | equivalência | reconhecimento | MEGA","Official-source verification required; otherwise use fallback","2","annual_candidate"
"2027-05-05","21:00","5","health_family","golden_tip","S1 healthcare registration: one golden tip and what to verify","individuals and families","medium","evergreen","none","healthcare registration","SNS | centro de saúde | médico de família | nascimento | família","SNS, SNS 24, gov.pt, or Diário da República","2","annual_candidate"
"2027-05-06","08:30","1","identity_access","action","Using gov.pt authentication: a practical step-by-step checklist","new residents","medium","evergreen","none","using authentication","NIF | NISS | Chave Móvel Digital | Portal das Finanças | Segurança Social Direta","gov.pt, Autoridade Tributária, Segurança Social, or Autenticação.gov as applicable","2","annual_candidate"
"2027-05-06","11:30","2","irs","edge_case","Correcting an IRS return: mistakes, exceptions and edge cases","people filing personal income tax","high","evergreen","none","IRS | Imposto sobre o Rendimento das Pessoas Singulares","IRS | Modelo 3 | e-Fatura | Anexo J | IRS Automático","Autoridade Tributária or Diário da República","2","annual_candidate"
"2027-05-06","14:30","3","health_family","audience","Registering a birth for individuals and families","individuals and families","medium","evergreen","none","registering birth","SNS | centro de saúde | médico de família | nascimento | família","SNS, SNS 24, gov.pt, or Diário da República","3","annual_candidate"
"2027-05-06","18:00","4","immigration_residency","golden_tip","NEWS RESERVE — fallback: CPLP residence documentation: one golden tip and what to verify","international residents","high","news_flex","breaking_news","AIMA | autorização de residência | CPLP","AIMA | autorização de residência | visto | reagrupamento familiar | CPLP","Official-source verification required; otherwise use fallback","3","annual_candidate"
"2027-05-06","21:00","5","driving_transport","foundation","What IUC is: a plain-English explanation","drivers and commuters","medium","evergreen","none","IUC | Imposto Único de Circulação","IMT | carta de condução | IUC | veículo | Via Verde","IMT, Autoridade Tributária, gov.pt, or Diário da República","1","annual_candidate"
"2027-05-07","08:30","1","freelance_business","edge_case","Invoicing foreign clients: mistakes, exceptions and edge cases","freelancers and solo founders","high","evergreen","none","invoicing foreign clients","trabalhador independente | abrir atividade | recibos verdes | CAE | CIRS","Autoridade Tributária, Segurança Social, gov.pt, or Diário da República","2","annual_candidate"
"2027-05-07","11:30","2","banking_money","audience","MB WAY basics for people managing money in Portugal","people managing money in Portugal","medium","evergreen","none","basics","Banco de Portugal | SEPA | conta bancária | IBAN | crédito","Banco de Portugal, European Central Bank, or gov.pt","2","annual_candidate"
"2027-05-07","14:30","3","daily_life_consumer","golden_tip","Official email and SMS scam checks: one golden tip and what to verify","everyone living in Portugal","low","evergreen","none","official email checks","ePortugal | Livro de Reclamações | ANACOM | energia | telecomunicações","gov.pt, Direção-Geral do Consumidor, ANACOM, ERSE, or the responsible municipality","2","annual_candidate"
"2027-05-07","18:00","4","iva","foundation","NEWS RESERVE — fallback: Checking a customer in VIES: a plain-English explanation","freelancers and small businesses","high","news_flex","breaking_news","checking customer | VIES","IVA | CIVA | artigo 53 | declaração periódica | VIES","Official-source verification required; otherwise use fallback","3","annual_candidate"
"2027-05-07","21:00","5","employment","action","Public holidays and work: a practical step-by-step checklist","employees and job seekers","medium","evergreen","none","public holidays","contrato de trabalho | emprego | salário | férias | desemprego","ACT, Segurança Social, IEFP, gov.pt, or Diário da República","3","annual_candidate"
"2027-05-08","08:30","1","social_security","audience","Voluntary Social Security for workers and freelancers","workers and freelancers","high","evergreen","none","Segurança Social | declaração trimestral","Segurança Social | declaração trimestral | contribuições | NISS | desemprego","Segurança Social, gov.pt, or Diário da República","1","annual_candidate"
"2027-05-08","11:30","2","driving_transport","golden_tip","ISV basics: one golden tip and what to verify","drivers and commuters","medium","evergreen","none","basics","IMT | carta de condução | IUC | veículo | Via Verde","IMT, Autoridade Tributária, gov.pt, or Diário da República","1","annual_candidate"
"2027-05-08","14:30","3","citizenship_civil","foundation","Nascer Cidadão service: a plain-English explanation","residents building a long-term life","high","evergreen","none","nascer cidadão service | Nascer Cidadão","IRN | cidadania | nacionalidade | registo civil | Nascer Cidadão","IRN, gov.pt, or Diário da República","3","annual_candidate"
"2027-05-08","18:00","4","education_children","action","NEWS RESERVE — fallback: Recognising foreign school records: a practical step-by-step checklist","families and students","medium","news_flex","breaking_news","matrículas | Portal das Matrículas | educação","matrícula escolar | educação | equivalência | reconhecimento | MEGA","Official-source verification required; otherwise use fallback","2","annual_candidate"
"2027-05-08","21:00","5","education_children","edge_case","Automatic versus specific degree recognition: mistakes, exceptions and edge cases","families and students","medium","evergreen","none","automatic versus specific","matrícula escolar | educação | equivalência | reconhecimento | MEGA","Direção-Geral da Educação, DGES, gov.pt, or Diário da República","4","annual_candidate"
"2027-05-09","08:30","1","employment","golden_tip","Gross salary versus take-home pay: one golden tip and what to verify","employees and job seekers","medium","evergreen","none","gross salary versus","contrato de trabalho | emprego | salário | férias | desemprego","ACT, Segurança Social, IEFP, gov.pt, or Diário da República","1","annual_candidate"
"2027-05-09","11:30","2","identity_access","foundation","What a NISS is: a plain-English explanation","new residents","medium","evergreen","none","NISS | número de identificação da segurança social","NIF | NISS | Chave Móvel Digital | Portal das Finanças | Segurança Social Direta","gov.pt, Autoridade Tributária, Segurança Social, or Autenticação.gov as applicable","3","annual_candidate"
"2027-05-09","14:30","3","irs","action","Understanding an IRS refund: a practical step-by-step checklist","people filing personal income tax","high","evergreen","none","IRS | Imposto sobre o Rendimento das Pessoas Singulares","IRS | Modelo 3 | e-Fatura | Anexo J | IRS Automático","Autoridade Tributária or Diário da República","1","annual_candidate"
"2027-05-09","18:00","4","health_family","edge_case","NEWS RESERVE — fallback: Registering at a health centre: mistakes, exceptions and edge cases","individuals and families","medium","news_flex","breaking_news","registering health centre","SNS | centro de saúde | médico de família | nascimento | família","Official-source verification required; otherwise use fallback","4","annual_candidate"
"2027-05-09","21:00","5","immigration_residency","audience","Visa versus residence permit for international residents","international residents","high","evergreen","none","AIMA | autorização de residência","AIMA | autorização de residência | visto | reagrupamento familiar | CPLP","AIMA, gov.pt, Diário da República, or IRN as applicable","3","annual_candidate"
"2027-05-10","08:30","1","education_children","foundation","Enrolling a child in a Portuguese school: a plain-English explanation","families and students","medium","evergreen","none","matrículas | Portal das Matrículas | educação","matrícula escolar | educação | equivalência | reconhecimento | MEGA","Direção-Geral da Educação, DGES, gov.pt, or Diário da República","2","annual_candidate"
"2027-05-10","11:30","2","freelance_business","action","Correcting a Portuguese invoice: a practical step-by-step checklist","freelancers and solo founders","high","evergreen","none","correcting invoice","trabalhador independente | abrir atividade | recibos verdes | CAE | CIRS","Autoridade Tributária, Segurança Social, gov.pt, or Diário da República","2","annual_candidate"
"2027-05-10","14:30","3","banking_money","edge_case","Mortgage preparation: mistakes, exceptions and edge cases","people managing money in Portugal","medium","evergreen","none","mortgage preparation","Banco de Portugal | SEPA | conta bancária | IBAN | crédito","Banco de Portugal, European Central Bank, or gov.pt","1","annual_candidate"
"2027-05-10","18:00","4","daily_life_consumer","audience","NEWS RESERVE — fallback: Using the electronic complaints book for everyone living in Portugal","everyone living in Portugal","low","news_flex","breaking_news","Livro de Reclamações | Direção-Geral do Consumidor","ePortugal | Livro de Reclamações | ANACOM | energia | telecomunicações","Official-source verification required; otherwise use fallback","2","annual_candidate"
"2027-05-10","21:00","5","iva","golden_tip","Article 53 IVA exemption: one golden tip and what to verify","freelancers and small businesses","high","evergreen","none","IVA | Imposto sobre o Valor Acrescentado","IVA | CIVA | artigo 53 | declaração periódica | VIES","Autoridade Tributária or Diário da República","3","annual_candidate"
"2027-05-11","08:30","1","immigration_residency","action","D3 highly qualified route: a practical step-by-step checklist","international residents","high","evergreen","none","highly qualified route","AIMA | autorização de residência | visto | reagrupamento familiar | CPLP","AIMA, gov.pt, Diário da República, or IRN as applicable","1","annual_candidate"
"2027-05-11","11:30","2","social_security","edge_case","First-year Social Security treatment: mistakes, exceptions and edge cases","workers and freelancers","high","evergreen","none","Segurança Social | declaração trimestral","Segurança Social | declaração trimestral | contribuições | NISS | desemprego","Segurança Social, gov.pt, or Diário da República","2","annual_candidate"
"2027-05-11","14:30","3","driving_transport","audience","Selling a vehicle safely for drivers and commuters","drivers and commuters","medium","evergreen","none","selling vehicle safely","IMT | carta de condução | IUC | veículo | Via Verde","IMT, Autoridade Tributária, gov.pt, or Diário da República","3","annual_candidate"
"2027-05-11","18:00","4","banking_money","golden_tip","NEWS RESERVE — fallback: Documents banks request: one golden tip and what to verify","people managing money in Portugal","medium","news_flex","breaking_news","Banco de Portugal | IBAN | SEPA","Banco de Portugal | SEPA | conta bancária | IBAN | crédito","Official-source verification required; otherwise use fallback","2","annual_candidate"
"2027-05-11","21:00","5","employment","foundation","Ending an employment contract: a plain-English explanation","employees and job seekers","medium","evergreen","none","contrato de trabalho | Código do Trabalho","contrato de trabalho | emprego | salário | férias | desemprego","ACT, Segurança Social, IEFP, gov.pt, or Diário da República","1","annual_candidate"
"2027-05-12","08:30","1","iva","edge_case","Checking a customer in VIES: mistakes, exceptions and edge cases","freelancers and small businesses","high","evergreen","none","checking customer | VIES","IVA | CIVA | artigo 53 | declaração periódica | VIES","Autoridade Tributária or Diário da República","1","annual_candidate"
"2027-05-12","11:30","2","employment","audience","Sick leave steps for employees and job seekers","employees and job seekers","medium","evergreen","none","contrato de trabalho | Código do Trabalho","contrato de trabalho | emprego | salário | férias | desemprego","ACT, Segurança Social, IEFP, gov.pt, or Diário da República","1","annual_candidate"
"2027-05-12","14:30","3","identity_access","golden_tip","What a Portuguese NIF is: one golden tip and what to verify","new residents","medium","evergreen","none","NIF | número de identificação fiscal","NIF | NISS | Chave Móvel Digital | Portal das Finanças | Segurança Social Direta","gov.pt, Autoridade Tributária, Segurança Social, or Autenticação.gov as applicable","2","annual_candidate"
"2027-05-12","18:00","4","irs","foundation","NEWS RESERVE — fallback: Preparing for IRS season: a plain-English explanation","people filing personal income tax","high","news_flex","breaking_news","IRS | Imposto sobre o Rendimento das Pessoas Singulares","IRS | Modelo 3 | e-Fatura | Anexo J | IRS Automático","Official-source verification required; otherwise use fallback","2","annual_candidate"
"2027-05-12","21:00","5","health_family","action","Registering a birth: a practical step-by-step checklist","individuals and families","medium","evergreen","none","registering birth","SNS | centro de saúde | médico de família | nascimento | família","SNS, SNS 24, gov.pt, or Diário da República","1","annual_candidate"
"2027-05-13","08:30","1","housing_property","audience","Proof of address for renters for renters and property owners","renters and property owners","high","evergreen","none","arrendamento | contrato de arrendamento","arrendamento | IMI | AIMI | IMT | imóvel | habitação","Autoridade Tributária, gov.pt, Diário da República, or the responsible municipality","1","annual_candidate"
"2027-05-13","11:30","2","education_children","golden_tip","School calendar basics: one golden tip and what to verify","families and students","medium","evergreen","none","matrículas | Portal das Matrículas | educação","matrícula escolar | educação | equivalência | reconhecimento | MEGA","Direção-Geral da Educação, DGES, gov.pt, or Diário da República","4","annual_candidate"
"2027-05-13","14:30","3","freelance_business","foundation","Invoicing foreign clients: a plain-English explanation","freelancers and solo founders","high","evergreen","none","invoicing foreign clients","trabalhador independente | abrir atividade | recibos verdes | CAE | CIRS","Autoridade Tributária, Segurança Social, gov.pt, or Diário da República","1","annual_candidate"
"2027-05-13","18:00","4","banking_money","action","NEWS RESERVE — fallback: Understanding Portuguese IBANs: a practical step-by-step checklist","people managing money in Portugal","medium","news_flex","breaking_news","Banco de Portugal | IBAN | SEPA","Banco de Portugal | SEPA | conta bancária | IBAN | crédito","Official-source verification required; otherwise use fallback","1","annual_candidate"
"2027-05-13","21:00","5","daily_life_consumer","edge_case","Moving house administration checklist: mistakes, exceptions and edge cases","everyone living in Portugal","low","evergreen","none","moving house administration","ePortugal | Livro de Reclamações | ANACOM | energia | telecomunicações","gov.pt, Direção-Geral do Consumidor, ANACOM, ERSE, or the responsible municipality","3","annual_candidate"
"2027-05-14","08:30","1","health_family","golden_tip","Getting an SNS user number: one golden tip and what to verify","individuals and families","medium","evergreen","none","getting number | SNS","SNS | centro de saúde | médico de família | nascimento | família","SNS, SNS 24, gov.pt, or Diário da República","3","annual_candidate"
"2027-05-14","11:30","2","immigration_residency","foundation","Visa versus residence permit: a plain-English explanation","international residents","high","evergreen","none","AIMA | autorização de residência","AIMA | autorização de residência | visto | reagrupamento familiar | CPLP","AIMA, gov.pt, Diário da República, or IRN as applicable","2","annual_candidate"
"2027-05-14","14:30","3","social_security","action","Stopping or suspending self-employment: a practical step-by-step checklist","workers and freelancers","high","evergreen","none","stopping suspending employment","Segurança Social | declaração trimestral | contribuições | NISS | desemprego","Segurança Social, gov.pt, or Diário da República","1","annual_candidate"
"2027-05-14","18:00","4","driving_transport","edge_case","NEWS RESERVE — fallback: Checking vehicle documents: mistakes, exceptions and edge cases","drivers and commuters","medium","news_flex","breaking_news","checking vehicle documents","IMT | carta de condução | IUC | veículo | Via Verde","Official-source verification required; otherwise use fallback","2","annual_candidate"
"2027-05-14","21:00","5","education_children","audience","Enrolling a child in a Portuguese school for families and students","families and students","medium","evergreen","none","matrículas | Portal das Matrículas | educação","matrícula escolar | educação | equivalência | reconhecimento | MEGA","Direção-Geral da Educação, DGES, gov.pt, or Diário da República","3","annual_candidate"
"2027-05-15","08:30","1","daily_life_consumer","foundation","Using the electronic complaints book: a plain-English explanation","everyone living in Portugal","low","evergreen","none","Livro de Reclamações | Direção-Geral do Consumidor","ePortugal | Livro de Reclamações | ANACOM | energia | telecomunicações","gov.pt, Direção-Geral do Consumidor, ANACOM, ERSE, or the responsible municipality","1","annual_candidate"
"2027-05-15","11:30","2","iva","action","What IVA is: a practical step-by-step checklist","freelancers and small businesses","high","evergreen","none","IVA | Imposto sobre o Valor Acrescentado","IVA | CIVA | artigo 53 | declaração periódica | VIES","Autoridade Tributária or Diário da República","2","annual_candidate"
"2027-05-15","14:30","3","employment","edge_case","Recognising unpaid-trial scams: mistakes, exceptions and edge cases","employees and job seekers","medium","evergreen","none","recognising unpaid trial","contrato de trabalho | emprego | salário | férias | desemprego","ACT, Segurança Social, IEFP, gov.pt, or Diário da República","2","annual_candidate"
"2027-05-15","18:00","4","identity_access","audience","NEWS RESERVE — fallback: Recovering Portal das Finanças access for new residents","new residents","medium","news_flex","breaking_news","recovering portal finanças | Portal das Finanças","NIF | NISS | Chave Móvel Digital | Portal das Finanças | Segurança Social Direta","Official-source verification required; otherwise use fallback","2","annual_candidate"
"2027-05-15","21:00","5","irs","golden_tip","Rental income and IRS: one golden tip and what to verify","people filing personal income tax","high","evergreen","none","IRS | Imposto sobre o Rendimento das Pessoas Singulares | arrendamento | contrato de arrendamento","IRS | Modelo 3 | e-Fatura | Anexo J | IRS Automático","Autoridade Tributária or Diário da República","1","annual_candidate"
"2027-05-16","08:30","1","citizenship_civil","action","Requesting Portuguese civil certificates: a practical step-by-step checklist","residents building a long-term life","high","evergreen","none","requesting civil certificates","IRN | cidadania | nacionalidade | registo civil | Nascer Cidadão","IRN, gov.pt, or Diário da República","1","annual_candidate"
"2027-05-16","11:30","2","housing_property","edge_case","Property tax value versus market value: mistakes, exceptions and edge cases","renters and property owners","high","evergreen","none","property value versus","arrendamento | IMI | AIMI | IMT | imóvel | habitação","Autoridade Tributária, gov.pt, Diário da República, or the responsible municipality","1","annual_candidate"
"2027-05-16","14:30","3","education_children","audience","School catchment areas for families and students","families and students","medium","evergreen","none","matrículas | Portal das Matrículas | educação","matrícula escolar | educação | equivalência | reconhecimento | MEGA","Direção-Geral da Educação, DGES, gov.pt, or Diário da República","2","annual_candidate"
"2027-05-16","18:00","4","daily_life_consumer","golden_tip","NEWS RESERVE — fallback: Changing telecom provider: one golden tip and what to verify","everyone living in Portugal","low","news_flex","breaking_news","changing telecom provider","ePortugal | Livro de Reclamações | ANACOM | energia | telecomunicações","Official-source verification required; otherwise use fallback","2","annual_candidate"
"2027-05-16","21:00","5","banking_money","foundation","Closing a bank account: a plain-English explanation","people managing money in Portugal","medium","evergreen","none","Banco de Portugal | IBAN | SEPA","Banco de Portugal | SEPA | conta bancária | IBAN | crédito","Banco de Portugal, European Central Bank, or gov.pt","2","annual_candidate"
"2027-05-17","08:30","1","irs","edge_case","Reviewing automatic IRS: mistakes, exceptions and edge cases","people filing personal income tax","high","evergreen","none","IRS | Imposto sobre o Rendimento das Pessoas Singulares","IRS | Modelo 3 | e-Fatura | Anexo J | IRS Automático","Autoridade Tributária or Diário da República","1","annual_candidate"
"2027-05-17","11:30","2","health_family","audience","Vaccination records for individuals and families","individuals and families","medium","evergreen","none","vaccination records","SNS | centro de saúde | médico de família | nascimento | família","SNS, SNS 24, gov.pt, or Diário da República","2","annual_candidate"
"2027-05-17","14:30","3","immigration_residency","golden_tip","D2 entrepreneur route: one golden tip and what to verify","international residents","high","evergreen","none","entrepreneur route","AIMA | autorização de residência | visto | reagrupamento familiar | CPLP","AIMA, gov.pt, Diário da República, or IRN as applicable","3","annual_candidate"
"2027-05-17","18:00","4","identity_access","foundation","NEWS RESERVE — fallback: Changing the temporary Finanças password: a plain-English explanation","new residents","medium","news_flex","breaking_news","changing temporary finanças","NIF | NISS | Chave Móvel Digital | Portal das Finanças | Segurança Social Direta","Official-source verification required; otherwise use fallback","3","annual_candidate"
"2027-05-17","21:00","5","driving_transport","action","Car-insurance documents: a practical step-by-step checklist","drivers and commuters","medium","evergreen","none","insurance documents","IMT | carta de condução | IUC | veículo | Via Verde","IMT, Autoridade Tributária, gov.pt, or Diário da República","3","annual_candidate"
"2027-05-18","08:30","1","banking_money","audience","Paying the state through Multibanco for people managing money in Portugal","people managing money in Portugal","medium","evergreen","none","Banco de Portugal | IBAN | SEPA","Banco de Portugal | SEPA | conta bancária | IBAN | crédito","Banco de Portugal, European Central Bank, or gov.pt","2","annual_candidate"
"2027-05-18","11:30","2","daily_life_consumer","golden_tip","Preventing identity-document scams: one golden tip and what to verify","everyone living in Portugal","low","evergreen","none","preventing identity document","ePortugal | Livro de Reclamações | ANACOM | energia | telecomunicações","gov.pt, Direção-Geral do Consumidor, ANACOM, ERSE, or the responsible municipality","2","annual_candidate"
"2027-05-18","14:30","3","iva","foundation","Invoicing an EU business customer: a plain-English explanation","freelancers and small businesses","high","evergreen","none","invoicing business customer","IVA | CIVA | artigo 53 | declaração periódica | VIES","Autoridade Tributária or Diário da República","3","annual_candidate"
"2027-05-18","18:00","4","employment","action","NEWS RESERVE — fallback: Annual leave basics: a practical step-by-step checklist","employees and job seekers","medium","news_flex","breaking_news","annual leave basics","contrato de trabalho | emprego | salário | férias | desemprego","Official-source verification required; otherwise use fallback","2","annual_candidate"
"2027-05-18","21:00","5","identity_access","edge_case","Getting a NIF before moving: mistakes, exceptions and edge cases","new residents","medium","evergreen","none","NIF | número de identificação fiscal","NIF | NISS | Chave Móvel Digital | Portal das Finanças | Segurança Social Direta","gov.pt, Autoridade Tributária, Segurança Social, or Autenticação.gov as applicable","3","annual_candidate"
"2027-05-19","08:30","1","driving_transport","golden_tip","Checking vehicle documents: one golden tip and what to verify","drivers and commuters","medium","evergreen","none","checking vehicle documents","IMT | carta de condução | IUC | veículo | Via Verde","IMT, Autoridade Tributária, gov.pt, or Diário da República","2","annual_candidate"
"2027-05-19","11:30","2","citizenship_civil","foundation","Counting legal residence time: a plain-English explanation","residents building a long-term life","high","evergreen","none","AIMA | autorização de residência","IRN | cidadania | nacionalidade | registo civil | Nascer Cidadão","IRN, gov.pt, or Diário da República","2","annual_candidate"
"2027-05-19","14:30","3","housing_property","action","Municipal property differences: a practical step-by-step checklist","renters and property owners","high","evergreen","none","municipal property differences","arrendamento | IMI | AIMI | IMT | imóvel | habitação","Autoridade Tributária, gov.pt, Diário da República, or the responsible municipality","1","annual_candidate"
"2027-05-19","18:00","4","education_children","edge_case","NEWS RESERVE — fallback: Applying to Portuguese higher education: mistakes, exceptions and edge cases","families and students","medium","news_flex","breaking_news","matrículas | Portal das Matrículas | educação","matrícula escolar | educação | equivalência | reconhecimento | MEGA","Official-source verification required; otherwise use fallback","2","annual_candidate"
"2027-05-19","21:00","5","health_family","audience","Keeping foreign medical records usable for individuals and families","individuals and families","medium","evergreen","none","registo de saúde | processo clínico | SNS","SNS | centro de saúde | médico de família | nascimento | família","SNS, SNS 24, gov.pt, or Diário da República","2","annual_candidate"
"2027-05-20","08:30","1","identity_access","foundation","Tax representation and when it applies: a plain-English explanation","new residents","medium","evergreen","none","representation applies","NIF | NISS | Chave Móvel Digital | Portal das Finanças | Segurança Social Direta","gov.pt, Autoridade Tributária, Segurança Social, or Autenticação.gov as applicable","2","annual_candidate"
"2027-05-20","11:30","2","irs","action","Receiving an IRS assessment: a practical step-by-step checklist","people filing personal income tax","high","evergreen","none","IRS | Imposto sobre o Rendimento das Pessoas Singulares","IRS | Modelo 3 | e-Fatura | Anexo J | IRS Automático","Autoridade Tributária or Diário da República","2","annual_candidate"
"2027-05-20","14:30","3","health_family","edge_case","Getting an SNS user number: mistakes, exceptions and edge cases","individuals and families","medium","evergreen","none","getting number | SNS","SNS | centro de saúde | médico de família | nascimento | família","SNS, SNS 24, gov.pt, or Diário da República","3","annual_candidate"
"2027-05-20","18:00","4","immigration_residency","audience","NEWS RESERVE — fallback: Keeping evidence of an immigration submission for international residents","international residents","high","news_flex","breaking_news","keeping evidence immigration","AIMA | autorização de residência | visto | reagrupamento familiar | CPLP","Official-source verification required; otherwise use fallback","3","annual_candidate"
"2027-05-20","21:00","5","driving_transport","golden_tip","Selling a vehicle safely: one golden tip and what to verify","drivers and commuters","medium","evergreen","none","selling vehicle safely","IMT | carta de condução | IUC | veículo | Via Verde","IMT, Autoridade Tributária, gov.pt, or Diário da República","1","annual_candidate"
"2027-05-21","08:30","1","freelance_business","action","What recibos verdes are: a practical step-by-step checklist","freelancers and solo founders","high","evergreen","none","recibos verdes","trabalhador independente | abrir atividade | recibos verdes | CAE | CIRS","Autoridade Tributária, Segurança Social, gov.pt, or Diário da República","3","annual_candidate"
"2027-05-21","11:30","2","banking_money","edge_case","Foreign bank accounts and Portuguese tax: mistakes, exceptions and edge cases","people managing money in Portugal","medium","evergreen","none","Banco de Portugal | IBAN | SEPA","Banco de Portugal | SEPA | conta bancária | IBAN | crédito","Banco de Portugal, European Central Bank, or gov.pt","2","annual_candidate"
"2027-05-21","14:30","3","daily_life_consumer","audience","Finding the correct municipal office for everyone living in Portugal","everyone living in Portugal","low","evergreen","none","finding correct municipal","ePortugal | Livro de Reclamações | ANACOM | energia | telecomunicações","gov.pt, Direção-Geral do Consumidor, ANACOM, ERSE, or the responsible municipality","2","annual_candidate"
"2027-05-21","18:00","4","iva","golden_tip","NEWS RESERVE — fallback: When property transactions involve IVA: one golden tip and what to verify","freelancers and small businesses","high","news_flex","breaking_news","IVA | Imposto sobre o Valor Acrescentado","IVA | CIVA | artigo 53 | declaração periódica | VIES","Official-source verification required; otherwise use fallback","4","annual_candidate"
"2027-05-21","21:00","5","employment","foundation","Working for a foreign employer: a plain-English explanation","employees and job seekers","medium","evergreen","none","working foreign employer","contrato de trabalho | emprego | salário | férias | desemprego","ACT, Segurança Social, IEFP, gov.pt, or Diário da República","3","annual_candidate"
"2027-05-22","08:30","1","social_security","edge_case","Registering as a self-employed worker: mistakes, exceptions and edge cases","workers and freelancers","high","evergreen","none","registering employed worker","Segurança Social | declaração trimestral | contribuições | NISS | desemprego","Segurança Social, gov.pt, or Diário da República","2","annual_candidate"
"2027-05-22","11:30","2","driving_transport","audience","Vehicle inspection timing for drivers and commuters","drivers and commuters","medium","evergreen","none","vehicle inspection timing","IMT | carta de condução | IUC | veículo | Via Verde","IMT, Autoridade Tributária, gov.pt, or Diário da República","1","annual_candidate"
"2027-05-22","14:30","3","citizenship_civil","golden_tip","Citizenship scams and unrealistic promises: one golden tip and what to verify","residents building a long-term life","high","evergreen","none","citizenship scams unrealistic","IRN | cidadania | nacionalidade | registo civil | Nascer Cidadão","IRN, gov.pt, or Diário da República","3","annual_candidate"
"2027-05-22","18:00","4","education_children","foundation","NEWS RESERVE — fallback: Automatic versus specific degree recognition: a plain-English explanation","families and students","medium","news_flex","breaking_news","automatic versus specific","matrícula escolar | educação | equivalência | reconhecimento | MEGA","Official-source verification required; otherwise use fallback","1","annual_candidate"
"2027-05-22","21:00","5","education_children","action","Portuguese-language support for students: a practical step-by-step checklist","families and students","medium","evergreen","none","language support students","matrícula escolar | educação | equivalência | reconhecimento | MEGA","Direção-Geral da Educação, DGES, gov.pt, or Diário da República","4","annual_candidate"
"2027-05-23","08:30","1","employment","audience","Annual leave basics for employees and job seekers","employees and job seekers","medium","evergreen","none","contrato de trabalho | Código do Trabalho","contrato de trabalho | emprego | salário | férias | desemprego","ACT, Segurança Social, IEFP, gov.pt, or Diário da República","1","annual_candidate"
"2027-05-23","11:30","2","identity_access","golden_tip","Using gov.pt authentication: one golden tip and what to verify","new residents","medium","evergreen","none","using authentication","NIF | NISS | Chave Móvel Digital | Portal das Finanças | Segurança Social Direta","gov.pt, Autoridade Tributária, Segurança Social, or Autenticação.gov as applicable","3","annual_candidate"
"2027-05-23","14:30","3","irs","foundation","Who normally files Modelo 3: a plain-English explanation","people filing personal income tax","high","evergreen","none","Modelo 3 | declaração de rendimentos","IRS | Modelo 3 | e-Fatura | Anexo J | IRS Automático","Autoridade Tributária or Diário da República","1","annual_candidate"
"2027-05-23","18:00","4","health_family","action","NEWS RESERVE — fallback: Vaccination records: a practical step-by-step checklist","individuals and families","medium","news_flex","breaking_news","vaccination records","SNS | centro de saúde | médico de família | nascimento | família","Official-source verification required; otherwise use fallback","4","annual_candidate"
"2027-05-23","21:00","5","immigration_residency","edge_case","D8 digital-nomad route: mistakes, exceptions and edge cases","international residents","high","evergreen","none","digital nomad route","AIMA | autorização de residência | visto | reagrupamento familiar | CPLP","AIMA, gov.pt, Diário da República, or IRN as applicable","4","annual_candidate"
"2027-05-24","08:30","1","education_children","golden_tip","MEGA schoolbook vouchers: one golden tip and what to verify","families and students","medium","evergreen","none","matrículas | Portal das Matrículas | educação | MEGA","matrícula escolar | educação | equivalência | reconhecimento | MEGA","Direção-Geral da Educação, DGES, gov.pt, or Diário da República","2","annual_candidate"
"2027-05-24","11:30","2","freelance_business","foundation","Using certified invoicing software: a plain-English explanation","freelancers and solo founders","high","evergreen","none","using certified invoicing","trabalhador independente | abrir atividade | recibos verdes | CAE | CIRS","Autoridade Tributária, Segurança Social, gov.pt, or Diário da República","2","annual_candidate"
"2027-05-24","14:30","3","banking_money","action","Documents banks request: a practical step-by-step checklist","people managing money in Portugal","medium","evergreen","none","Banco de Portugal | IBAN | SEPA","Banco de Portugal | SEPA | conta bancária | IBAN | crédito","Banco de Portugal, European Central Bank, or gov.pt","1","annual_candidate"
"2027-05-24","18:00","4","daily_life_consumer","edge_case","NEWS RESERVE — fallback: Keeping proof of cancellation: mistakes, exceptions and edge cases","everyone living in Portugal","low","news_flex","breaking_news","keeping proof cancellation","ePortugal | Livro de Reclamações | ANACOM | energia | telecomunicações","Official-source verification required; otherwise use fallback","3","annual_candidate"
"2027-05-24","21:00","5","iva","audience","Correcting an IVA declaration for freelancers and small businesses","freelancers and small businesses","high","evergreen","none","IVA | Imposto sobre o Valor Acrescentado","IVA | CIVA | artigo 53 | declaração periódica | VIES","Autoridade Tributária or Diário da República","3","annual_candidate"
"2027-05-25","08:30","1","immigration_residency","foundation","When an application file is incomplete: a plain-English explanation","international residents","high","evergreen","none","application incomplete","AIMA | autorização de residência | visto | reagrupamento familiar | CPLP","AIMA, gov.pt, Diário da República, or IRN as applicable","1","annual_candidate"
"2027-05-25","11:30","2","social_security","action","Freelancing while employed: a practical step-by-step checklist","workers and freelancers","high","evergreen","none","freelancing while employed","Segurança Social | declaração trimestral | contribuições | NISS | desemprego","Segurança Social, gov.pt, or Diário da República","2","annual_candidate"
"2027-05-25","14:30","3","driving_transport","edge_case","What happens when a foreign licence expires: mistakes, exceptions and edge cases","drivers and commuters","medium","evergreen","none","happens foreign licence","IMT | carta de condução | IUC | veículo | Via Verde","IMT, Autoridade Tributária, gov.pt, or Diário da República","2","annual_candidate"
"2027-05-25","18:00","4","banking_money","audience","NEWS RESERVE — fallback: Bank fees and account packages for people managing money in Portugal","people managing money in Portugal","medium","news_flex","breaking_news","Banco de Portugal | IBAN | SEPA","Banco de Portugal | SEPA | conta bancária | IBAN | crédito","Official-source verification required; otherwise use fallback","2","annual_candidate"
"2027-05-25","21:00","5","employment","golden_tip","Recognising unpaid-trial scams: one golden tip and what to verify","employees and job seekers","medium","evergreen","none","recognising unpaid trial","contrato de trabalho | emprego | salário | férias | desemprego","ACT, Segurança Social, IEFP, gov.pt, or Diário da República","1","annual_candidate"
"2027-05-26","08:30","1","iva","action","When property transactions involve IVA: a practical step-by-step checklist","freelancers and small businesses","high","evergreen","none","IVA | Imposto sobre o Valor Acrescentado","IVA | CIVA | artigo 53 | declaração periódica | VIES","Autoridade Tributária or Diário da República","1","annual_candidate"
"2027-05-26","11:30","2","employment","edge_case","Employee plus freelance income: mistakes, exceptions and edge cases","employees and job seekers","medium","evergreen","none","contrato de trabalho | Código do Trabalho","contrato de trabalho | emprego | salário | férias | desemprego","ACT, Segurança Social, IEFP, gov.pt, or Diário da República","1","annual_candidate"
"2027-05-26","14:30","3","identity_access","audience","Requesting a NISS for new residents","new residents","medium","evergreen","none","NISS | número de identificação da segurança social","NIF | NISS | Chave Móvel Digital | Portal das Finanças | Segurança Social Direta","gov.pt, Autoridade Tributária, Segurança Social, or Autenticação.gov as applicable","2","annual_candidate"
"2027-05-26","18:00","4","irs","golden_tip","NEWS RESERVE — fallback: Foreign bank accounts in Anexo J: one golden tip and what to verify","people filing personal income tax","high","news_flex","breaking_news","Banco de Portugal | IBAN | SEPA | Anexo J","IRS | Modelo 3 | e-Fatura | Anexo J | IRS Automático","Official-source verification required; otherwise use fallback","2","annual_candidate"
"2027-05-26","21:00","5","health_family","foundation","Getting an SNS user number: a plain-English explanation","individuals and families","medium","evergreen","none","getting number | SNS","SNS | centro de saúde | médico de família | nascimento | família","SNS, SNS 24, gov.pt, or Diário da República","1","annual_candidate"
"2027-05-27","08:30","1","housing_property","edge_case","Stamp duty on property purchases: mistakes, exceptions and edge cases","renters and property owners","high","evergreen","none","stamp property purchases","arrendamento | IMI | AIMI | IMT | imóvel | habitação","Autoridade Tributária, gov.pt, Diário da República, or the responsible municipality","1","annual_candidate"
"2027-05-27","11:30","2","education_children","audience","Enrolling a child in a Portuguese school for families and students","families and students","medium","evergreen","none","matrículas | Portal das Matrículas | educação","matrícula escolar | educação | equivalência | reconhecimento | MEGA","Direção-Geral da Educação, DGES, gov.pt, or Diário da República","4","annual_candidate"
"2027-05-27","14:30","3","freelance_business","golden_tip","What recibos verdes are: one golden tip and what to verify","freelancers and solo founders","high","evergreen","none","recibos verdes","trabalhador independente | abrir atividade | recibos verdes | CAE | CIRS","Autoridade Tributária, Segurança Social, gov.pt, or Diário da República","1","annual_candidate"
"2027-05-27","18:00","4","banking_money","foundation","NEWS RESERVE — fallback: Basic bank accounts: a plain-English explanation","people managing money in Portugal","medium","news_flex","breaking_news","Banco de Portugal | IBAN | SEPA","Banco de Portugal | SEPA | conta bancária | IBAN | crédito","Official-source verification required; otherwise use fallback","1","annual_candidate"
"2027-05-27","21:00","5","daily_life_consumer","action","Using ePortugal to find public services: a practical step-by-step checklist","everyone living in Portugal","low","evergreen","none","using eportugal public | ePortugal","ePortugal | Livro de Reclamações | ANACOM | energia | telecomunicações","gov.pt, Direção-Geral do Consumidor, ANACOM, ERSE, or the responsible municipality","3","annual_candidate"
"2027-05-28","08:30","1","health_family","audience","Healthcare for children for individuals and families","individuals and families","medium","evergreen","none","healthcare children","SNS | centro de saúde | médico de família | nascimento | família","SNS, SNS 24, gov.pt, or Diário da República","3","annual_candidate"
"2027-05-28","11:30","2","immigration_residency","golden_tip","D8 digital-nomad route: one golden tip and what to verify","international residents","high","evergreen","none","digital nomad route","AIMA | autorização de residência | visto | reagrupamento familiar | CPLP","AIMA, gov.pt, Diário da República, or IRN as applicable","2","annual_candidate"
"2027-05-28","14:30","3","social_security","foundation","Parental-benefit basics: a plain-English explanation","workers and freelancers","high","evergreen","none","arrendamento | contrato de arrendamento","Segurança Social | declaração trimestral | contribuições | NISS | desemprego","Segurança Social, gov.pt, or Diário da República","2","annual_candidate"
"2027-05-28","18:00","4","driving_transport","action","NEWS RESERVE — fallback: Electronic tolls for foreign vehicles: a practical step-by-step checklist","drivers and commuters","medium","news_flex","breaking_news","electronic tolls foreign","IMT | carta de condução | IUC | veículo | Via Verde","Official-source verification required; otherwise use fallback","2","annual_candidate"
"2027-05-28","21:00","5","education_children","edge_case","MEGA schoolbook vouchers: mistakes, exceptions and edge cases","families and students","medium","evergreen","none","matrículas | Portal das Matrículas | educação | MEGA","matrícula escolar | educação | equivalência | reconhecimento | MEGA","Direção-Geral da Educação, DGES, gov.pt, or Diário da República","4","annual_candidate"
"2027-05-29","08:30","1","daily_life_consumer","golden_tip","Keeping proof of cancellation: one golden tip and what to verify","everyone living in Portugal","low","evergreen","none","keeping proof cancellation","ePortugal | Livro de Reclamações | ANACOM | energia | telecomunicações","gov.pt, Direção-Geral do Consumidor, ANACOM, ERSE, or the responsible municipality","1","annual_candidate"
"2027-05-29","11:30","2","iva","foundation","Paying IVA after filing: a plain-English explanation","freelancers and small businesses","high","evergreen","none","IVA | Imposto sobre o Valor Acrescentado","IVA | CIVA | artigo 53 | declaração periódica | VIES","Autoridade Tributária or Diário da República","2","annual_candidate"
"2027-05-29","14:30","3","employment","action","Fixed-term versus permanent contracts: a practical step-by-step checklist","employees and job seekers","medium","evergreen","none","fixed versus permanent","contrato de trabalho | emprego | salário | férias | desemprego","ACT, Segurança Social, IEFP, gov.pt, or Diário da República","2","annual_candidate"
"2027-05-29","18:00","4","identity_access","edge_case","NEWS RESERVE — fallback: What a Portuguese NIF is: mistakes, exceptions and edge cases","new residents","medium","news_flex","breaking_news","NIF | número de identificação fiscal","NIF | NISS | Chave Móvel Digital | Portal das Finanças | Segurança Social Direta","Official-source verification required; otherwise use fallback","2","annual_candidate"
"2027-05-29","21:00","5","irs","audience","Keeping an IRS submission receipt for people filing personal income tax","people filing personal income tax","high","evergreen","none","IRS | Imposto sobre o Rendimento das Pessoas Singulares","IRS | Modelo 3 | e-Fatura | Anexo J | IRS Automático","Autoridade Tributária or Diário da República","1","annual_candidate"
"2027-05-30","08:30","1","citizenship_civil","foundation","Portuguese citizenship document checklist: a plain-English explanation","residents building a long-term life","high","evergreen","none","citizenship document","IRN | cidadania | nacionalidade | registo civil | Nascer Cidadão","IRN, gov.pt, or Diário da República","1","annual_candidate"
"2027-05-30","11:30","2","housing_property","action","Energy certificates: a practical step-by-step checklist","renters and property owners","high","evergreen","none","energy certificates","arrendamento | IMI | AIMI | IMT | imóvel | habitação","Autoridade Tributária, gov.pt, Diário da República, or the responsible municipality","1","annual_candidate"
"2027-05-30","14:30","3","education_children","edge_case","National-exam administration: mistakes, exceptions and edge cases","families and students","medium","evergreen","none","national administration","matrícula escolar | educação | equivalência | reconhecimento | MEGA","Direção-Geral da Educação, DGES, gov.pt, or Diário da República","2","annual_candidate"
"2027-05-30","18:00","4","daily_life_consumer","audience","NEWS RESERVE — fallback: Official email and SMS scam checks for everyone living in Portugal","everyone living in Portugal","low","news_flex","breaking_news","official email checks","ePortugal | Livro de Reclamações | ANACOM | energia | telecomunicações","Official-source verification required; otherwise use fallback","2","annual_candidate"
"2027-05-30","21:00","5","banking_money","golden_tip","Deposit protection basics: one golden tip and what to verify","people managing money in Portugal","medium","evergreen","none","deposit protection basics","Banco de Portugal | SEPA | conta bancária | IBAN | crédito","Banco de Portugal, European Central Bank, or gov.pt","2","annual_candidate"
"2027-05-31","08:30","1","irs","action","Employment income and IRS: a practical step-by-step checklist","people filing personal income tax","high","evergreen","none","IRS | Imposto sobre o Rendimento das Pessoas Singulares","IRS | Modelo 3 | e-Fatura | Anexo J | IRS Automático","Autoridade Tributária or Diário da República","1","annual_candidate"
"2027-05-31","11:30","2","health_family","edge_case","Changing address in health records: mistakes, exceptions and edge cases","individuals and families","medium","evergreen","none","registo de saúde | processo clínico | SNS","SNS | centro de saúde | médico de família | nascimento | família","SNS, SNS 24, gov.pt, or Diário da República","3","annual_candidate"
"2027-05-31","14:30","3","immigration_residency","audience","Recognising fake appointment websites for international residents","international residents","high","evergreen","none","recognising appointment websites","AIMA | autorização de residência | visto | reagrupamento familiar | CPLP","AIMA, gov.pt, Diário da República, or IRN as applicable","3","annual_candidate"
"2027-05-31","18:00","4","identity_access","golden_tip","NEWS RESERVE — fallback: Getting a NIF as a resident: one golden tip and what to verify","new residents","medium","news_flex","breaking_news","NIF | número de identificação fiscal","NIF | NISS | Chave Móvel Digital | Portal das Finanças | Segurança Social Direta","Official-source verification required; otherwise use fallback","3","annual_candidate"
"2027-05-31","21:00","5","driving_transport","foundation","Exchanging a non-EU driving licence: a plain-English explanation","drivers and commuters","medium","evergreen","none","carta de condução | IMT","IMT | carta de condução | IUC | veículo | Via Verde","IMT, Autoridade Tributária, gov.pt, or Diário da República","3","annual_candidate"
"2027-06-01","08:30","1","banking_money","edge_case","Avoiding payment-reference scams: mistakes, exceptions and edge cases","people managing money in Portugal","medium","evergreen","none","avoiding payment reference","Banco de Portugal | SEPA | conta bancária | IBAN | crédito","Banco de Portugal, European Central Bank, or gov.pt","2","annual_candidate"
"2027-06-01","11:30","2","daily_life_consumer","audience","Getting an atestado de residência for everyone living in Portugal","everyone living in Portugal","low","evergreen","none","getting atestado residência","ePortugal | Livro de Reclamações | ANACOM | energia | telecomunicações","gov.pt, Direção-Geral do Consumidor, ANACOM, ERSE, or the responsible municipality","2","annual_candidate"
"2027-06-01","14:30","3","iva","golden_tip","IVA after ceasing activity: one golden tip and what to verify","freelancers and small businesses","high","evergreen","none","IVA | Imposto sobre o Valor Acrescentado","IVA | CIVA | artigo 53 | declaração periódica | VIES","Autoridade Tributária or Diário da República","3","annual_candidate"
"2027-06-01","18:00","4","employment","foundation","NEWS RESERVE — fallback: Remote work from Portugal: a plain-English explanation","employees and job seekers","medium","news_flex","breaking_news","remote","contrato de trabalho | emprego | salário | férias | desemprego","Official-source verification required; otherwise use fallback","2","annual_candidate"
"2027-06-01","21:00","5","identity_access","action","Changing the temporary Finanças password: a practical step-by-step checklist","new residents","medium","evergreen","none","changing temporary finanças","NIF | NISS | Chave Móvel Digital | Portal das Finanças | Segurança Social Direta","gov.pt, Autoridade Tributária, Segurança Social, or Autenticação.gov as applicable","3","annual_candidate"
"2027-06-02","08:30","1","driving_transport","audience","Electronic tolls for foreign vehicles for drivers and commuters","drivers and commuters","medium","evergreen","none","electronic tolls foreign","IMT | carta de condução | IUC | veículo | Via Verde","IMT, Autoridade Tributária, gov.pt, or Diário da República","2","annual_candidate"
"2027-06-02","11:30","2","citizenship_civil","golden_tip","Name differences across foreign documents: one golden tip and what to verify","residents building a long-term life","high","evergreen","none","differences across foreign","IRN | cidadania | nacionalidade | registo civil | Nascer Cidadão","IRN, gov.pt, or Diário da República","2","annual_candidate"
"2027-06-02","14:30","3","housing_property","foundation","What IMI is: a plain-English explanation","renters and property owners","high","evergreen","none","IMI | Imposto Municipal sobre Imóveis","arrendamento | IMI | AIMI | IMT | imóvel | habitação","Autoridade Tributária, gov.pt, Diário da República, or the responsible municipality","1","annual_candidate"
"2027-06-02","18:00","4","education_children","action","NEWS RESERVE — fallback: School catchment areas: a practical step-by-step checklist","families and students","medium","news_flex","breaking_news","matrículas | Portal das Matrículas | educação","matrícula escolar | educação | equivalência | reconhecimento | MEGA","Official-source verification required; otherwise use fallback","2","annual_candidate"
"2027-06-02","21:00","5","health_family","edge_case","Using SNS 24: mistakes, exceptions and edge cases","individuals and families","medium","evergreen","none","using | SNS","SNS | centro de saúde | médico de família | nascimento | família","SNS, SNS 24, gov.pt, or Diário da República","2","annual_candidate"
"2027-06-03","08:30","1","identity_access","golden_tip","Activating Chave Móvel Digital: one golden tip and what to verify","new residents","medium","evergreen","none","Chave Móvel Digital | autenticação.gov | IVA | Imposto sobre o Valor Acrescentado","NIF | NISS | Chave Móvel Digital | Portal das Finanças | Segurança Social Direta","gov.pt, Autoridade Tributária, Segurança Social, or Autenticação.gov as applicable","2","annual_candidate"
"2027-06-03","11:30","2","irs","foundation","What Portuguese IRS is: a plain-English explanation","people filing personal income tax","high","evergreen","none","IRS | Imposto sobre o Rendimento das Pessoas Singulares","IRS | Modelo 3 | e-Fatura | Anexo J | IRS Automático","Autoridade Tributária or Diário da República","2","annual_candidate"
"2027-06-03","14:30","3","health_family","action","Healthcare for children: a practical step-by-step checklist","individuals and families","medium","evergreen","none","healthcare children","SNS | centro de saúde | médico de família | nascimento | família","SNS, SNS 24, gov.pt, or Diário da República","4","annual_candidate"
"2027-06-03","18:00","4","immigration_residency","edge_case","NEWS RESERVE — fallback: D7 residence route: mistakes, exceptions and edge cases","international residents","high","news_flex","breaking_news","AIMA | autorização de residência","AIMA | autorização de residência | visto | reagrupamento familiar | CPLP","Official-source verification required; otherwise use fallback","3","annual_candidate"
"2027-06-03","21:00","5","driving_transport","audience","What happens when a foreign licence expires for drivers and commuters","drivers and commuters","medium","evergreen","none","happens foreign licence","IMT | carta de condução | IUC | veículo | Via Verde","IMT, Autoridade Tributária, gov.pt, or Diário da República","1","annual_candidate"
"2027-06-04","08:30","1","freelance_business","foundation","Starting a small company versus freelancing: a plain-English explanation","freelancers and solo founders","high","evergreen","none","starting small company","trabalhador independente | abrir atividade | recibos verdes | CAE | CIRS","Autoridade Tributária, Segurança Social, gov.pt, or Diário da República","3","annual_candidate"
"2027-06-04","11:30","2","banking_money","action","Opening a Portuguese bank account: a practical step-by-step checklist","people managing money in Portugal","medium","evergreen","none","Banco de Portugal | IBAN | SEPA","Banco de Portugal | SEPA | conta bancária | IBAN | crédito","Banco de Portugal, European Central Bank, or gov.pt","1","annual_candidate"
"2027-06-04","14:30","3","daily_life_consumer","edge_case","Internet installation documents: mistakes, exceptions and edge cases","everyone living in Portugal","low","evergreen","none","internet installation documents","ePortugal | Livro de Reclamações | ANACOM | energia | telecomunicações","gov.pt, Direção-Geral do Consumidor, ANACOM, ERSE, or the responsible municipality","2","annual_candidate"
"2027-06-04","18:00","4","iva","audience","NEWS RESERVE — fallback: Quarterly IVA declaration basics for freelancers and small businesses","freelancers and small businesses","high","news_flex","breaking_news","IVA | Imposto sobre o Valor Acrescentado","IVA | CIVA | artigo 53 | declaração periódica | VIES","Official-source verification required; otherwise use fallback","4","annual_candidate"
"2027-06-04","21:00","5","employment","golden_tip","Payslip basics: one golden tip and what to verify","employees and job seekers","medium","evergreen","none","contrato de trabalho | Código do Trabalho","contrato de trabalho | emprego | salário | férias | desemprego","ACT, Segurança Social, IEFP, gov.pt, or Diário da República","3","annual_candidate"
"2027-06-05","08:30","1","social_security","action","Monthly contribution payments: a practical step-by-step checklist","workers and freelancers","high","evergreen","none","monthly contribution payments","Segurança Social | declaração trimestral | contribuições | NISS | desemprego","Segurança Social, gov.pt, or Diário da República","2","annual_candidate"
"2027-06-05","11:30","2","driving_transport","edge_case","Driving-licence exchange documents: mistakes, exceptions and edge cases","drivers and commuters","medium","evergreen","none","driving licence exchange","IMT | carta de condução | IUC | veículo | Via Verde","IMT, Autoridade Tributária, gov.pt, or Diário da República","1","annual_candidate"
"2027-06-05","14:30","3","citizenship_civil","audience","Requesting Portuguese civil certificates for residents building a long-term life","residents building a long-term life","high","evergreen","none","requesting civil certificates","IRN | cidadania | nacionalidade | registo civil | Nascer Cidadão","IRN, gov.pt, or Diário da República","3","annual_candidate"
"2027-06-05","18:00","4","education_children","golden_tip","NEWS RESERVE — fallback: Portuguese-language support for students: one golden tip and what to verify","families and students","medium","news_flex","breaking_news","language support students","matrícula escolar | educação | equivalência | reconhecimento | MEGA","Official-source verification required; otherwise use fallback","2","annual_candidate"
"2027-06-05","21:00","5","education_children","foundation","Recognising a foreign degree: a plain-English explanation","families and students","medium","evergreen","none","recognising foreign degree","matrícula escolar | educação | equivalência | reconhecimento | MEGA","Direção-Geral da Educação, DGES, gov.pt, or Diário da República","4","annual_candidate"
"2027-06-06","08:30","1","employment","edge_case","Remote work from Portugal: mistakes, exceptions and edge cases","employees and job seekers","medium","evergreen","none","remote","contrato de trabalho | emprego | salário | férias | desemprego","ACT, Segurança Social, IEFP, gov.pt, or Diário da República","1","annual_candidate"
"2027-06-06","11:30","2","identity_access","audience","Tax representation and when it applies for new residents","new residents","medium","evergreen","none","representation applies","NIF | NISS | Chave Móvel Digital | Portal das Finanças | Segurança Social Direta","gov.pt, Autoridade Tributária, Segurança Social, or Autenticação.gov as applicable","3","annual_candidate"
"2027-06-06","14:30","3","irs","golden_tip","Correcting an IRS return: one golden tip and what to verify","people filing personal income tax","high","evergreen","none","IRS | Imposto sobre o Rendimento das Pessoas Singulares","IRS | Modelo 3 | e-Fatura | Anexo J | IRS Automático","Autoridade Tributária or Diário da República","1","annual_candidate"
"2027-06-06","18:00","4","health_family","foundation","NEWS RESERVE — fallback: Changing address in health records: a plain-English explanation","individuals and families","medium","news_flex","breaking_news","registo de saúde | processo clínico | SNS","SNS | centro de saúde | médico de família | nascimento | família","Official-source verification required; otherwise use fallback","4","annual_candidate"
"2027-06-06","21:00","5","immigration_residency","action","Checking AIMA fees safely: a practical step-by-step checklist","international residents","high","evergreen","none","AIMA | autorização de residência","AIMA | autorização de residência | visto | reagrupamento familiar | CPLP","AIMA, gov.pt, Diário da República, or IRN as applicable","4","annual_candidate"
"2027-06-07","08:30","1","education_children","audience","Moving schools during the year for families and students","families and students","medium","evergreen","none","matrículas | Portal das Matrículas | educação","matrícula escolar | educação | equivalência | reconhecimento | MEGA","Direção-Geral da Educação, DGES, gov.pt, or Diário da República","2","annual_candidate"
"2027-06-07","11:30","2","freelance_business","golden_tip","Simplified accounting versus organised accounting: one golden tip and what to verify","freelancers and solo founders","high","evergreen","none","simplified accounting versus","trabalhador independente | abrir atividade | recibos verdes | CAE | CIRS","Autoridade Tributária, Segurança Social, gov.pt, or Diário da República","2","annual_candidate"
"2027-06-07","14:30","3","banking_money","foundation","Bank fees and account packages: a plain-English explanation","people managing money in Portugal","medium","evergreen","none","Banco de Portugal | IBAN | SEPA","Banco de Portugal | SEPA | conta bancária | IBAN | crédito","Banco de Portugal, European Central Bank, or gov.pt","1","annual_candidate"
"2027-06-07","18:00","4","daily_life_consumer","action","NEWS RESERVE — fallback: Finding English-language official help: a practical step-by-step checklist","everyone living in Portugal","low","news_flex","breaking_news","finding language official","ePortugal | Livro de Reclamações | ANACOM | energia | telecomunicações","Official-source verification required; otherwise use fallback","3","annual_candidate"
"2027-06-07","21:00","5","iva","edge_case","Keeping IVA evidence: mistakes, exceptions and edge cases","freelancers and small businesses","high","evergreen","none","IVA | Imposto sobre o Valor Acrescentado","IVA | CIVA | artigo 53 | declaração periódica | VIES","Autoridade Tributária or Diário da República","3","annual_candidate"
"2027-06-08","08:30","1","immigration_residency","golden_tip","Family reunification basics: one golden tip and what to verify","international residents","high","evergreen","none","AIMA | autorização de residência","AIMA | autorização de residência | visto | reagrupamento familiar | CPLP","AIMA, gov.pt, Diário da República, or IRN as applicable","1","annual_candidate"
"2027-06-08","11:30","2","social_security","foundation","Unemployment-benefit basics: a plain-English explanation","workers and freelancers","high","evergreen","none","unemployment benefit basics","Segurança Social | declaração trimestral | contribuições | NISS | desemprego","Segurança Social, gov.pt, or Diário da República","2","annual_candidate"
"2027-06-08","14:30","3","driving_transport","action","Portuguese toll systems: a practical step-by-step checklist","drivers and commuters","medium","evergreen","none","systems","IMT | carta de condução | IUC | veículo | Via Verde","IMT, Autoridade Tributária, gov.pt, or Diário da República","3","annual_candidate"
"2027-06-08","18:00","4","banking_money","edge_case","NEWS RESERVE — fallback: Credit reports at Banco de Portugal: mistakes, exceptions and edge cases","people managing money in Portugal","medium","news_flex","breaking_news","credit reports banco | Banco de Portugal","Banco de Portugal | SEPA | conta bancária | IBAN | crédito","Official-source verification required; otherwise use fallback","2","annual_candidate"
"2027-06-08","21:00","5","employment","audience","Fixed-term versus permanent contracts for employees and job seekers","employees and job seekers","medium","evergreen","none","contrato de trabalho | Código do Trabalho","contrato de trabalho | emprego | salário | férias | desemprego","ACT, Segurança Social, IEFP, gov.pt, or Diário da República","1","annual_candidate"
"2027-06-09","08:30","1","iva","foundation","Quarterly IVA declaration basics: a plain-English explanation","freelancers and small businesses","high","evergreen","none","IVA | Imposto sobre o Valor Acrescentado","IVA | CIVA | artigo 53 | declaração periódica | VIES","Autoridade Tributária or Diário da República","1","annual_candidate"
"2027-06-09","11:30","2","employment","action","Probation periods: a practical step-by-step checklist","employees and job seekers","medium","evergreen","none","probation periods","contrato de trabalho | emprego | salário | férias | desemprego","ACT, Segurança Social, IEFP, gov.pt, or Diário da República","1","annual_candidate"
"2027-06-09","14:30","3","identity_access","edge_case","Keeping digital copies of Portuguese documents: mistakes, exceptions and edge cases","new residents","medium","evergreen","none","keeping digital copies","NIF | NISS | Chave Móvel Digital | Portal das Finanças | Segurança Social Direta","gov.pt, Autoridade Tributária, Segurança Social, or Autenticação.gov as applicable","2","annual_candidate"
"2027-06-09","18:00","4","irs","audience","NEWS RESERVE — fallback: Paying an IRS balance for people filing personal income tax","people filing personal income tax","high","news_flex","breaking_news","IRS | Imposto sobre o Rendimento das Pessoas Singulares","IRS | Modelo 3 | e-Fatura | Anexo J | IRS Automático","Official-source verification required; otherwise use fallback","2","annual_candidate"
"2027-06-09","21:00","5","health_family","golden_tip","Healthcare for children: one golden tip and what to verify","individuals and families","medium","evergreen","none","healthcare children","SNS | centro de saúde | médico de família | nascimento | família","SNS, SNS 24, gov.pt, or Diário da República","1","annual_candidate"
"2027-06-10","08:30","1","housing_property","action","Rental income records: a practical step-by-step checklist","renters and property owners","high","evergreen","none","arrendamento | contrato de arrendamento","arrendamento | IMI | AIMI | IMT | imóvel | habitação","Autoridade Tributária, gov.pt, Diário da República, or the responsible municipality","1","annual_candidate"
"2027-06-10","11:30","2","education_children","edge_case","MEGA schoolbook vouchers: mistakes, exceptions and edge cases","families and students","medium","evergreen","none","matrículas | Portal das Matrículas | educação | MEGA","matrícula escolar | educação | equivalência | reconhecimento | MEGA","Direção-Geral da Educação, DGES, gov.pt, or Diário da República","5","annual_candidate"
"2027-06-10","14:30","3","freelance_business","audience","Starting a small company versus freelancing for freelancers and solo founders","freelancers and solo founders","high","evergreen","none","starting small company","trabalhador independente | abrir atividade | recibos verdes | CAE | CIRS","Autoridade Tributária, Segurança Social, gov.pt, or Diário da República","1","annual_candidate"
"2027-06-10","18:00","4","banking_money","golden_tip","NEWS RESERVE — fallback: Mortgage preparation: one golden tip and what to verify","people managing money in Portugal","medium","news_flex","breaking_news","mortgage preparation","Banco de Portugal | SEPA | conta bancária | IBAN | crédito","Official-source verification required; otherwise use fallback","1","annual_candidate"
"2027-06-10","21:00","5","daily_life_consumer","foundation","Changing telecom provider: a plain-English explanation","everyone living in Portugal","low","evergreen","none","changing telecom provider","ePortugal | Livro de Reclamações | ANACOM | energia | telecomunicações","gov.pt, Direção-Geral do Consumidor, ANACOM, ERSE, or the responsible municipality","3","annual_candidate"
"2027-06-11","08:30","1","health_family","edge_case","Health-fee exemptions: mistakes, exceptions and edge cases","individuals and families","medium","evergreen","none","health exemptions","SNS | centro de saúde | médico de família | nascimento | família","SNS, SNS 24, gov.pt, or Diário da República","3","annual_candidate"
"2027-06-11","11:30","2","immigration_residency","audience","Checking AIMA fees safely for international residents","international residents","high","evergreen","none","AIMA | autorização de residência","AIMA | autorização de residência | visto | reagrupamento familiar | CPLP","AIMA, gov.pt, Diário da República, or IRN as applicable","2","annual_candidate"
"2027-06-11","14:30","3","social_security","golden_tip","Correcting a quarterly declaration: one golden tip and what to verify","workers and freelancers","high","evergreen","none","Segurança Social | declaração trimestral","Segurança Social | declaração trimestral | contribuições | NISS | desemprego","Segurança Social, gov.pt, or Diário da República","2","annual_candidate"
"2027-06-11","18:00","4","driving_transport","foundation","NEWS RESERVE — fallback: Exchanging an EU driving licence: a plain-English explanation","drivers and commuters","medium","news_flex","breaking_news","carta de condução | IMT","IMT | carta de condução | IUC | veículo | Via Verde","Official-source verification required; otherwise use fallback","2","annual_candidate"
"2027-06-11","21:00","5","education_children","action","Moving schools during the year: a practical step-by-step checklist","families and students","medium","evergreen","none","matrículas | Portal das Matrículas | educação","matrícula escolar | educação | equivalência | reconhecimento | MEGA","Direção-Geral da Educação, DGES, gov.pt, or Diário da República","5","annual_candidate"
"2027-06-12","08:30","1","daily_life_consumer","audience","Finding English-language official help for everyone living in Portugal","everyone living in Portugal","low","evergreen","none","finding language official","ePortugal | Livro de Reclamações | ANACOM | energia | telecomunicações","gov.pt, Direção-Geral do Consumidor, ANACOM, ERSE, or the responsible municipality","2","annual_candidate"
"2027-06-12","11:30","2","iva","golden_tip","IVA when buying business services abroad: one golden tip and what to verify","freelancers and small businesses","high","evergreen","none","IVA | Imposto sobre o Valor Acrescentado","IVA | CIVA | artigo 53 | declaração periódica | VIES","Autoridade Tributária or Diário da República","2","annual_candidate"
"2027-06-12","14:30","3","employment","foundation","Registering with IEFP: a plain-English explanation","employees and job seekers","medium","evergreen","none","registering","contrato de trabalho | emprego | salário | férias | desemprego","ACT, Segurança Social, IEFP, gov.pt, or Diário da República","2","annual_candidate"
"2027-06-12","18:00","4","identity_access","action","NEWS RESERVE — fallback: Requesting a NISS: a practical step-by-step checklist","new residents","medium","news_flex","breaking_news","NISS | número de identificação da segurança social","NIF | NISS | Chave Móvel Digital | Portal das Finanças | Segurança Social Direta","Official-source verification required; otherwise use fallback","3","annual_candidate"
"2027-06-12","21:00","5","irs","edge_case","Preparing for IRS season: mistakes, exceptions and edge cases","people filing personal income tax","high","evergreen","none","IRS | Imposto sobre o Rendimento das Pessoas Singulares","IRS | Modelo 3 | e-Fatura | Anexo J | IRS Automático","Autoridade Tributária or Diário da República","1","annual_candidate"
"2027-06-13","08:30","1","citizenship_civil","golden_tip","Certified translations: one golden tip and what to verify","residents building a long-term life","high","evergreen","none","certified translations","IRN | cidadania | nacionalidade | registo civil | Nascer Cidadão","IRN, gov.pt, or Diário da República","1","annual_candidate"
"2027-06-13","11:30","2","housing_property","foundation","Changing utilities after moving: a plain-English explanation","renters and property owners","high","evergreen","none","changing utilities moving","arrendamento | IMI | AIMI | IMT | imóvel | habitação","Autoridade Tributária, gov.pt, Diário da República, or the responsible municipality","1","annual_candidate"
"2027-06-13","14:30","3","education_children","action","School-enrolment documents: a practical step-by-step checklist","families and students","medium","evergreen","none","matrículas | Portal das Matrículas | educação","matrícula escolar | educação | equivalência | reconhecimento | MEGA","Direção-Geral da Educação, DGES, gov.pt, or Diário da República","2","annual_candidate"
"2027-06-13","18:00","4","daily_life_consumer","edge_case","NEWS RESERVE — fallback: Finding the correct municipal office: mistakes, exceptions and edge cases","everyone living in Portugal","low","news_flex","breaking_news","finding correct municipal","ePortugal | Livro de Reclamações | ANACOM | energia | telecomunicações","Official-source verification required; otherwise use fallback","1","annual_candidate"
"2027-06-13","21:00","5","banking_money","audience","SEPA transfers for people managing money in Portugal","people managing money in Portugal","medium","evergreen","none","Banco de Portugal | IBAN | SEPA","Banco de Portugal | SEPA | conta bancária | IBAN | crédito","Banco de Portugal, European Central Bank, or gov.pt","2","annual_candidate"
"2027-06-14","08:30","1","irs","foundation","IRS Jovem basics: a plain-English explanation","people filing personal income tax","high","evergreen","none","IRS | Imposto sobre o Rendimento das Pessoas Singulares","IRS | Modelo 3 | e-Fatura | Anexo J | IRS Automático","Autoridade Tributária or Diário da República","1","annual_candidate"
"2027-06-14","11:30","2","health_family","action","European Health Insurance Card: a practical step-by-step checklist","individuals and families","medium","evergreen","none","european health insurance","SNS | centro de saúde | médico de família | nascimento | família","SNS, SNS 24, gov.pt, or Diário da República","3","annual_candidate"
"2027-06-14","14:30","3","immigration_residency","edge_case","Using the AIMA renewals portal: mistakes, exceptions and edge cases","international residents","high","evergreen","none","AIMA | autorização de residência","AIMA | autorização de residência | visto | reagrupamento familiar | CPLP","AIMA, gov.pt, Diário da República, or IRN as applicable","3","annual_candidate"
"2027-06-14","18:00","4","identity_access","audience","NEWS RESERVE — fallback: Recovering Portal das Finanças access for new residents","new residents","medium","news_flex","breaking_news","recovering portal finanças | Portal das Finanças","NIF | NISS | Chave Móvel Digital | Portal das Finanças | Segurança Social Direta","Official-source verification required; otherwise use fallback","3","annual_candidate"
"2027-06-14","21:00","5","driving_transport","golden_tip","What IUC is: one golden tip and what to verify","drivers and commuters","medium","evergreen","none","IUC | Imposto Único de Circulação","IMT | carta de condução | IUC | veículo | Via Verde","IMT, Autoridade Tributária, gov.pt, or Diário da República","4","annual_candidate"
"2027-06-15","08:30","1","banking_money","action","Currency-conversion costs: a practical step-by-step checklist","people managing money in Portugal","medium","evergreen","none","currency conversion costs","Banco de Portugal | SEPA | conta bancária | IBAN | crédito","Banco de Portugal, European Central Bank, or gov.pt","2","annual_candidate"
"2027-06-15","11:30","2","daily_life_consumer","edge_case","Mobile-phone contracts: mistakes, exceptions and edge cases","everyone living in Portugal","low","evergreen","none","mobile phone contracts","ePortugal | Livro de Reclamações | ANACOM | energia | telecomunicações","gov.pt, Direção-Geral do Consumidor, ANACOM, ERSE, or the responsible municipality","2","annual_candidate"
"2027-06-15","14:30","3","iva","audience","Monthly versus quarterly IVA for freelancers and small businesses","freelancers and small businesses","high","evergreen","none","IVA | Imposto sobre o Valor Acrescentado","IVA | CIVA | artigo 53 | declaração periódica | VIES","Autoridade Tributária or Diário da República","3","annual_candidate"
"2027-06-15","18:00","4","employment","golden_tip","NEWS RESERVE — fallback: Holiday and Christmas allowances: one golden tip and what to verify","employees and job seekers","medium","news_flex","breaking_news","holiday christmas allowances","contrato de trabalho | emprego | salário | férias | desemprego","Official-source verification required; otherwise use fallback","2","annual_candidate"
"2027-06-15","21:00","5","identity_access","foundation","Getting a NIF as a resident: a plain-English explanation","new residents","medium","evergreen","none","NIF | número de identificação fiscal","NIF | NISS | Chave Móvel Digital | Portal das Finanças | Segurança Social Direta","gov.pt, Autoridade Tributária, Segurança Social, or Autenticação.gov as applicable","3","annual_candidate"
"2027-06-16","08:30","1","driving_transport","edge_case","Exchanging an EU driving licence: mistakes, exceptions and edge cases","drivers and commuters","medium","evergreen","none","carta de condução | IMT","IMT | carta de condução | IUC | veículo | Via Verde","IMT, Autoridade Tributária, gov.pt, or Diário da República","2","annual_candidate"
"2027-06-16","11:30","2","citizenship_civil","audience","Nascer Cidadão service for residents building a long-term life","residents building a long-term life","high","evergreen","none","nascer cidadão service | Nascer Cidadão","IRN | cidadania | nacionalidade | registo civil | Nascer Cidadão","IRN, gov.pt, or Diário da República","2","annual_candidate"
"2027-06-16","14:30","3","housing_property","golden_tip","Property tax value versus market value: one golden tip and what to verify","renters and property owners","high","evergreen","none","property value versus","arrendamento | IMI | AIMI | IMT | imóvel | habitação","Autoridade Tributária, gov.pt, Diário da República, or the responsible municipality","1","annual_candidate"
"2027-06-16","18:00","4","education_children","foundation","NEWS RESERVE — fallback: National-exam administration: a plain-English explanation","families and students","medium","news_flex","breaking_news","national administration","matrícula escolar | educação | equivalência | reconhecimento | MEGA","Official-source verification required; otherwise use fallback","2","annual_candidate"
"2027-06-16","21:00","5","health_family","action","Registering a birth: a practical step-by-step checklist","individuals and families","medium","evergreen","none","registering birth","SNS | centro de saúde | médico de família | nascimento | família","SNS, SNS 24, gov.pt, or Diário da República","2","annual_candidate"
"2027-06-17","08:30","1","identity_access","audience","Changing the address linked to your NIF for new residents","new residents","medium","evergreen","none","NIF | número de identificação fiscal","NIF | NISS | Chave Móvel Digital | Portal das Finanças | Segurança Social Direta","gov.pt, Autoridade Tributária, Segurança Social, or Autenticação.gov as applicable","2","annual_candidate"
"2027-06-17","11:30","2","irs","golden_tip","Submitting Modelo 3: one golden tip and what to verify","people filing personal income tax","high","evergreen","none","Modelo 3 | declaração de rendimentos","IRS | Modelo 3 | e-Fatura | Anexo J | IRS Automático","Autoridade Tributária or Diário da República","2","annual_candidate"
"2027-06-17","14:30","3","health_family","foundation","Health-fee exemptions: a plain-English explanation","individuals and families","medium","evergreen","none","health exemptions","SNS | centro de saúde | médico de família | nascimento | família","SNS, SNS 24, gov.pt, or Diário da República","4","annual_candidate"
"2027-06-17","18:00","4","immigration_residency","action","NEWS RESERVE — fallback: Replacing a lost residence document: a practical step-by-step checklist","international residents","high","news_flex","breaking_news","AIMA | autorização de residência","AIMA | autorização de residência | visto | reagrupamento familiar | CPLP","Official-source verification required; otherwise use fallback","3","annual_candidate"
"2027-06-17","21:00","5","driving_transport","edge_case","Portuguese toll systems: mistakes, exceptions and edge cases","drivers and commuters","medium","evergreen","none","systems","IMT | carta de condução | IUC | veículo | Via Verde","IMT, Autoridade Tributária, gov.pt, or Diário da República","1","annual_candidate"
"2027-06-18","08:30","1","freelance_business","golden_tip","Choosing a CAE or CIRS activity code: one golden tip and what to verify","freelancers and solo founders","high","evergreen","none","choosing activity | CAE","trabalhador independente | abrir atividade | recibos verdes | CAE | CIRS","Autoridade Tributária, Segurança Social, gov.pt, or Diário da República","3","annual_candidate"
"2027-06-18","11:30","2","banking_money","foundation","Paying the state through Multibanco: a plain-English explanation","people managing money in Portugal","medium","evergreen","none","Banco de Portugal | IBAN | SEPA","Banco de Portugal | SEPA | conta bancária | IBAN | crédito","Banco de Portugal, European Central Bank, or gov.pt","2","annual_candidate"
"2027-06-18","14:30","3","daily_life_consumer","action","Building an emergency document folder: a practical step-by-step checklist","everyone living in Portugal","low","evergreen","none","building emergency document","ePortugal | Livro de Reclamações | ANACOM | energia | telecomunicações","gov.pt, Direção-Geral do Consumidor, ANACOM, ERSE, or the responsible municipality","2","annual_candidate"
"2027-06-18","18:00","4","iva","edge_case","NEWS RESERVE — fallback: IVA on digital services: mistakes, exceptions and edge cases","freelancers and small businesses","high","news_flex","breaking_news","IVA | Imposto sobre o Valor Acrescentado","IVA | CIVA | artigo 53 | declaração periódica | VIES","Official-source verification required; otherwise use fallback","4","annual_candidate"
"2027-06-18","21:00","5","employment","audience","Ending an employment contract for employees and job seekers","employees and job seekers","medium","evergreen","none","contrato de trabalho | Código do Trabalho","contrato de trabalho | emprego | salário | férias | desemprego","ACT, Segurança Social, IEFP, gov.pt, or Diário da República","3","annual_candidate"
"2027-06-19","08:30","1","social_security","foundation","Employee Social Security deductions: a plain-English explanation","workers and freelancers","high","evergreen","none","Segurança Social | declaração trimestral | contrato de trabalho | Código do Trabalho","Segurança Social | declaração trimestral | contribuições | NISS | desemprego","Segurança Social, gov.pt, or Diário da República","2","annual_candidate"
"2027-06-19","11:30","2","driving_transport","action","IUC payment timing: a practical step-by-step checklist","drivers and commuters","medium","evergreen","none","IUC | Imposto Único de Circulação","IMT | carta de condução | IUC | veículo | Via Verde","IMT, Autoridade Tributária, gov.pt, or Diário da República","1","annual_candidate"
"2027-06-19","14:30","3","citizenship_civil","edge_case","Portuguese citizenship document checklist: mistakes, exceptions and edge cases","residents building a long-term life","high","evergreen","none","citizenship document","IRN | cidadania | nacionalidade | registo civil | Nascer Cidadão","IRN, gov.pt, or Diário da República","3","annual_candidate"
"2027-06-19","18:00","4","education_children","audience","NEWS RESERVE — fallback: Recognising a foreign degree for families and students","families and students","medium","news_flex","breaking_news","recognising foreign degree","matrícula escolar | educação | equivalência | reconhecimento | MEGA","Official-source verification required; otherwise use fallback","2","annual_candidate"
"2027-06-19","21:00","5","education_children","golden_tip","Renewing school enrolment: one golden tip and what to verify","families and students","medium","evergreen","none","matrículas | Portal das Matrículas | educação","matrícula escolar | educação | equivalência | reconhecimento | MEGA","Direção-Geral da Educação, DGES, gov.pt, or Diário da República","4","annual_candidate"
"2027-06-20","08:30","1","employment","action","Holiday and Christmas allowances: a practical step-by-step checklist","employees and job seekers","medium","evergreen","none","holiday christmas allowances","contrato de trabalho | emprego | salário | férias | desemprego","ACT, Segurança Social, IEFP, gov.pt, or Diário da República","1","annual_candidate"
"2027-06-20","11:30","2","identity_access","edge_case","Activating Chave Móvel Digital: mistakes, exceptions and edge cases","new residents","medium","evergreen","none","Chave Móvel Digital | autenticação.gov | IVA | Imposto sobre o Valor Acrescentado","NIF | NISS | Chave Móvel Digital | Portal das Finanças | Segurança Social Direta","gov.pt, Autoridade Tributária, Segurança Social, or Autenticação.gov as applicable","3","annual_candidate"
"2027-06-20","14:30","3","irs","audience","Receiving an IRS assessment for people filing personal income tax","people filing personal income tax","high","evergreen","none","IRS | Imposto sobre o Rendimento das Pessoas Singulares","IRS | Modelo 3 | e-Fatura | Anexo J | IRS Automático","Autoridade Tributária or Diário da República","1","annual_candidate"
"2027-06-20","18:00","4","health_family","golden_tip","NEWS RESERVE — fallback: European Health Insurance Card: one golden tip and what to verify","individuals and families","medium","news_flex","breaking_news","european health insurance","SNS | centro de saúde | médico de família | nascimento | família","Official-source verification required; otherwise use fallback","3","annual_candidate"
"2027-06-20","21:00","5","immigration_residency","foundation","Residence renewal preparation: a plain-English explanation","international residents","high","evergreen","none","AIMA | autorização de residência","AIMA | autorização de residência | visto | reagrupamento familiar | CPLP","AIMA, gov.pt, Diário da República, or IRN as applicable","4","annual_candidate"
"2027-06-21","08:30","1","education_children","edge_case","School-meal and support applications: mistakes, exceptions and edge cases","families and students","medium","evergreen","none","matrículas | Portal das Matrículas | educação","matrícula escolar | educação | equivalência | reconhecimento | MEGA","Direção-Geral da Educação, DGES, gov.pt, or Diário da República","2","annual_candidate"
"2027-06-21","11:30","2","freelance_business","audience","Freelancing while employed for freelancers and solo founders","freelancers and solo founders","high","evergreen","none","freelancing while employed","trabalhador independente | abrir atividade | recibos verdes | CAE | CIRS","Autoridade Tributária, Segurança Social, gov.pt, or Diário da República","2","annual_candidate"
"2027-06-21","14:30","3","banking_money","golden_tip","Credit reports at Banco de Portugal: one golden tip and what to verify","people managing money in Portugal","medium","evergreen","none","credit reports banco | Banco de Portugal","Banco de Portugal | SEPA | conta bancária | IBAN | crédito","Banco de Portugal, European Central Bank, or gov.pt","1","annual_candidate"
"2027-06-21","18:00","4","daily_life_consumer","foundation","NEWS RESERVE — fallback: Reading an electricity bill: a plain-English explanation","everyone living in Portugal","low","news_flex","breaking_news","reading electricity","ePortugal | Livro de Reclamações | ANACOM | energia | telecomunicações","Official-source verification required; otherwise use fallback","3","annual_candidate"
"2027-06-21","21:00","5","iva","action","Leaving the IVA exemption: a practical step-by-step checklist","freelancers and small businesses","high","evergreen","none","IVA | Imposto sobre o Valor Acrescentado","IVA | CIVA | artigo 53 | declaração periódica | VIES","Autoridade Tributária or Diário da República","4","annual_candidate"
"2027-06-22","08:30","1","immigration_residency","audience","Changing address during an immigration process for international residents","international residents","high","evergreen","none","changing address during","AIMA | autorização de residência | visto | reagrupamento familiar | CPLP","AIMA, gov.pt, Diário da República, or IRN as applicable","1","annual_candidate"
"2027-06-22","11:30","2","social_security","golden_tip","Quarterly Social Security declarations: one golden tip and what to verify","workers and freelancers","high","evergreen","none","Segurança Social | declaração trimestral","Segurança Social | declaração trimestral | contribuições | NISS | desemprego","Segurança Social, gov.pt, or Diário da República","2","annual_candidate"
"2027-06-22","14:30","3","driving_transport","foundation","Public-transport passes: a plain-English explanation","drivers and commuters","medium","evergreen","none","public transport passes","IMT | carta de condução | IUC | veículo | Via Verde","IMT, Autoridade Tributária, gov.pt, or Diário da República","3","annual_candidate"
"2027-06-22","18:00","4","banking_money","action","NEWS RESERVE — fallback: Resident versus non-resident bank accounts: a practical step-by-step checklist","people managing money in Portugal","medium","news_flex","breaking_news","Banco de Portugal | IBAN | SEPA","Banco de Portugal | SEPA | conta bancária | IBAN | crédito","Official-source verification required; otherwise use fallback","2","annual_candidate"
"2027-06-22","21:00","5","employment","edge_case","Registering with IEFP: mistakes, exceptions and edge cases","employees and job seekers","medium","evergreen","none","registering","contrato de trabalho | emprego | salário | férias | desemprego","ACT, Segurança Social, IEFP, gov.pt, or Diário da República","2","annual_candidate"
"2027-06-23","08:30","1","iva","golden_tip","IVA on digital services: one golden tip and what to verify","freelancers and small businesses","high","evergreen","none","IVA | Imposto sobre o Valor Acrescentado","IVA | CIVA | artigo 53 | declaração periódica | VIES","Autoridade Tributária or Diário da República","1","annual_candidate"
"2027-06-23","11:30","2","employment","foundation","Keeping employment documents: a plain-English explanation","employees and job seekers","medium","evergreen","none","keeping employment documents","contrato de trabalho | emprego | salário | férias | desemprego","ACT, Segurança Social, IEFP, gov.pt, or Diário da República","1","annual_candidate"
"2027-06-23","14:30","3","identity_access","action","What a NISS is: a practical step-by-step checklist","new residents","medium","evergreen","none","NISS | número de identificação da segurança social","NIF | NISS | Chave Móvel Digital | Portal das Finanças | Segurança Social Direta","gov.pt, Autoridade Tributária, Segurança Social, or Autenticação.gov as applicable","2","annual_candidate"
"2027-06-23","18:00","4","irs","edge_case","NEWS RESERVE — fallback: Tax residence and IRS: mistakes, exceptions and edge cases","people filing personal income tax","high","news_flex","breaking_news","IRS | Imposto sobre o Rendimento das Pessoas Singulares | AIMA | autorização de residência","IRS | Modelo 3 | e-Fatura | Anexo J | IRS Automático","Official-source verification required; otherwise use fallback","2","annual_candidate"
"2027-06-23","21:00","5","health_family","audience","Health-fee exemptions for individuals and families","individuals and families","medium","evergreen","none","health exemptions","SNS | centro de saúde | médico de família | nascimento | família","SNS, SNS 24, gov.pt, or Diário da República","1","annual_candidate"
"2027-06-24","08:30","1","housing_property","foundation","Security deposits and records: a plain-English explanation","renters and property owners","high","evergreen","none","security deposits records","arrendamento | IMI | AIMI | IMT | imóvel | habitação","Autoridade Tributária, gov.pt, Diário da República, or the responsible municipality","1","annual_candidate"
"2027-06-24","11:30","2","education_children","action","Moving schools during the year: a practical step-by-step checklist","families and students","medium","evergreen","none","matrículas | Portal das Matrículas | educação","matrícula escolar | educação | equivalência | reconhecimento | MEGA","Direção-Geral da Educação, DGES, gov.pt, or Diário da República","6","annual_candidate"
"2027-06-24","14:30","3","freelance_business","edge_case","Choosing a CAE or CIRS activity code: mistakes, exceptions and edge cases","freelancers and solo founders","high","evergreen","none","choosing activity | CAE","trabalhador independente | abrir atividade | recibos verdes | CAE | CIRS","Autoridade Tributária, Segurança Social, gov.pt, or Diário da República","1","annual_candidate"
"2027-06-24","18:00","4","banking_money","audience","NEWS RESERVE — fallback: Documents banks request for people managing money in Portugal","people managing money in Portugal","medium","news_flex","breaking_news","Banco de Portugal | IBAN | SEPA","Banco de Portugal | SEPA | conta bancária | IBAN | crédito","Official-source verification required; otherwise use fallback","1","annual_candidate"
"2027-06-24","21:00","5","daily_life_consumer","golden_tip","Official email and SMS scam checks: one golden tip and what to verify","everyone living in Portugal","low","evergreen","none","official email checks","ePortugal | Livro de Reclamações | ANACOM | energia | telecomunicações","gov.pt, Direção-Geral do Consumidor, ANACOM, ERSE, or the responsible municipality","3","annual_candidate"
"2027-06-25","08:30","1","health_family","action","Electronic prescriptions: a practical step-by-step checklist","individuals and families","medium","evergreen","none","electronic prescriptions","SNS | centro de saúde | médico de família | nascimento | família","SNS, SNS 24, gov.pt, or Diário da República","3","annual_candidate"
"2027-06-25","11:30","2","immigration_residency","edge_case","Residence renewal preparation: mistakes, exceptions and edge cases","international residents","high","evergreen","none","AIMA | autorização de residência","AIMA | autorização de residência | visto | reagrupamento familiar | CPLP","AIMA, gov.pt, Diário da República, or IRN as applicable","2","annual_candidate"
"2027-06-25","14:30","3","social_security","audience","Checking contribution history for workers and freelancers","workers and freelancers","high","evergreen","none","checking contribution history","Segurança Social | declaração trimestral | contribuições | NISS | desemprego","Segurança Social, gov.pt, or Diário da República","2","annual_candidate"
"2027-06-25","18:00","4","driving_transport","golden_tip","NEWS RESERVE — fallback: ISV basics: one golden tip and what to verify","drivers and commuters","medium","news_flex","breaking_news","basics","IMT | carta de condução | IUC | veículo | Via Verde","Official-source verification required; otherwise use fallback","2","annual_candidate"
"2027-06-25","21:00","5","education_children","foundation","School-meal and support applications: a plain-English explanation","families and students","medium","evergreen","none","matrículas | Portal das Matrículas | educação","matrícula escolar | educação | equivalência | reconhecimento | MEGA","Direção-Geral da Educação, DGES, gov.pt, or Diário da República","5","annual_candidate"
"2027-06-26","08:30","1","daily_life_consumer","edge_case","Reading an electricity bill: mistakes, exceptions and edge cases","everyone living in Portugal","low","evergreen","none","reading electricity","ePortugal | Livro de Reclamações | ANACOM | energia | telecomunicações","gov.pt, Direção-Geral do Consumidor, ANACOM, ERSE, or the responsible municipality","1","annual_candidate"
"2027-06-26","11:30","2","iva","audience","Entering the normal IVA regime for freelancers and small businesses","freelancers and small businesses","high","evergreen","none","IVA | Imposto sobre o Valor Acrescentado","IVA | CIVA | artigo 53 | declaração periódica | VIES","Autoridade Tributária or Diário da República","2","annual_candidate"
"2027-06-26","14:30","3","employment","golden_tip","Gross salary versus take-home pay: one golden tip and what to verify","employees and job seekers","medium","evergreen","none","gross salary versus","contrato de trabalho | emprego | salário | férias | desemprego","ACT, Segurança Social, IEFP, gov.pt, or Diário da República","2","annual_candidate"
"2027-06-26","18:00","4","identity_access","foundation","NEWS RESERVE — fallback: Keeping digital copies of Portuguese documents: a plain-English explanation","new residents","medium","news_flex","breaking_news","keeping digital copies","NIF | NISS | Chave Móvel Digital | Portal das Finanças | Segurança Social Direta","Official-source verification required; otherwise use fallback","3","annual_candidate"
"2027-06-26","21:00","5","irs","action","Foreign bank accounts in Anexo J: a practical step-by-step checklist","people filing personal income tax","high","evergreen","none","Banco de Portugal | IBAN | SEPA | Anexo J","IRS | Modelo 3 | e-Fatura | Anexo J | IRS Automático","Autoridade Tributária or Diário da República","1","annual_candidate"
"2027-06-27","08:30","1","citizenship_civil","audience","Birth registration in Portugal for residents building a long-term life","residents building a long-term life","high","evergreen","none","birth registration","IRN | cidadania | nacionalidade | registo civil | Nascer Cidadão","IRN, gov.pt, or Diário da República","1","annual_candidate"
"2027-06-27","11:30","2","housing_property","golden_tip","Budgeting purchase transaction costs: one golden tip and what to verify","renters and property owners","high","evergreen","none","budgeting purchase transaction","arrendamento | IMI | AIMI | IMT | imóvel | habitação","Autoridade Tributária, gov.pt, Diário da República, or the responsible municipality","1","annual_candidate"
"2027-06-27","14:30","3","education_children","foundation","School calendar basics: a plain-English explanation","families and students","medium","evergreen","none","matrículas | Portal das Matrículas | educação","matrícula escolar | educação | equivalência | reconhecimento | MEGA","Direção-Geral da Educação, DGES, gov.pt, or Diário da República","2","annual_candidate"
"2027-06-27","18:00","4","daily_life_consumer","action","NEWS RESERVE — fallback: Internet installation documents: a practical step-by-step checklist","everyone living in Portugal","low","news_flex","breaking_news","internet installation documents","ePortugal | Livro de Reclamações | ANACOM | energia | telecomunicações","Official-source verification required; otherwise use fallback","2","annual_candidate"
"2027-06-27","21:00","5","banking_money","edge_case","Changing banks: mistakes, exceptions and edge cases","people managing money in Portugal","medium","evergreen","none","Banco de Portugal | IBAN | SEPA","Banco de Portugal | SEPA | conta bancária | IBAN | crédito","Banco de Portugal, European Central Bank, or gov.pt","2","annual_candidate"
"2027-06-28","08:30","1","irs","golden_tip","Validating e-Fatura expenses: one golden tip and what to verify","people filing personal income tax","high","evergreen","none","e-Fatura | faturas","IRS | Modelo 3 | e-Fatura | Anexo J | IRS Automático","Autoridade Tributária or Diário da República","1","annual_candidate"
"2027-06-28","11:30","2","health_family","foundation","Emergency versus non-emergency care: a plain-English explanation","individuals and families","medium","evergreen","none","emergency versus emergency","SNS | centro de saúde | médico de família | nascimento | família","SNS, SNS 24, gov.pt, or Diário da República","3","annual_candidate"
"2027-06-28","14:30","3","immigration_residency","action","Long-term resident status: a practical step-by-step checklist","international residents","high","evergreen","none","resident status","AIMA | autorização de residência | visto | reagrupamento familiar | CPLP","AIMA, gov.pt, Diário da República, or IRN as applicable","3","annual_candidate"
"2027-06-28","18:00","4","identity_access","edge_case","NEWS RESERVE — fallback: What a Portuguese NIF is: mistakes, exceptions and edge cases","new residents","medium","news_flex","breaking_news","NIF | número de identificação fiscal","NIF | NISS | Chave Móvel Digital | Portal das Finanças | Segurança Social Direta","Official-source verification required; otherwise use fallback","3","annual_candidate"
"2027-06-28","21:00","5","driving_transport","audience","Selling a vehicle safely for drivers and commuters","drivers and commuters","medium","evergreen","none","selling vehicle safely","IMT | carta de condução | IUC | veículo | Via Verde","IMT, Autoridade Tributária, gov.pt, or Diário da República","4","annual_candidate"
"2027-06-29","08:30","1","banking_money","foundation","Multibanco payments: a plain-English explanation","people managing money in Portugal","medium","evergreen","none","Banco de Portugal | IBAN | SEPA","Banco de Portugal | SEPA | conta bancária | IBAN | crédito","Banco de Portugal, European Central Bank, or gov.pt","2","annual_candidate"
"2027-06-29","11:30","2","daily_life_consumer","action","Document-expiry monthly review: a practical step-by-step checklist","everyone living in Portugal","low","evergreen","none","document expiry monthly","ePortugal | Livro de Reclamações | ANACOM | energia | telecomunicações","gov.pt, Direção-Geral do Consumidor, ANACOM, ERSE, or the responsible municipality","2","annual_candidate"
"2027-06-29","14:30","3","iva","edge_case","Invoicing a non-EU customer: mistakes, exceptions and edge cases","freelancers and small businesses","high","evergreen","none","invoicing customer","IVA | CIVA | artigo 53 | declaração periódica | VIES","Autoridade Tributária or Diário da República","3","annual_candidate"
"2027-06-29","18:00","4","employment","audience","NEWS RESERVE — fallback: Sick leave steps for employees and job seekers","employees and job seekers","medium","news_flex","breaking_news","contrato de trabalho | Código do Trabalho","contrato de trabalho | emprego | salário | férias | desemprego","Official-source verification required; otherwise use fallback","2","annual_candidate"
"2027-06-29","21:00","5","identity_access","golden_tip","Recovering Portal das Finanças access: one golden tip and what to verify","new residents","medium","evergreen","none","recovering portal finanças | Portal das Finanças","NIF | NISS | Chave Móvel Digital | Portal das Finanças | Segurança Social Direta","gov.pt, Autoridade Tributária, Segurança Social, or Autenticação.gov as applicable","4","annual_candidate"
"2027-06-30","08:30","1","driving_transport","action","ISV basics: a practical step-by-step checklist","drivers and commuters","medium","evergreen","none","basics","IMT | carta de condução | IUC | veículo | Via Verde","IMT, Autoridade Tributária, gov.pt, or Diário da República","2","annual_candidate"
"2027-06-30","11:30","2","citizenship_civil","edge_case","Citizenship scams and unrealistic promises: mistakes, exceptions and edge cases","residents building a long-term life","high","evergreen","none","citizenship scams unrealistic","IRN | cidadania | nacionalidade | registo civil | Nascer Cidadão","IRN, gov.pt, or Diário da República","2","annual_candidate"
"2027-06-30","14:30","3","housing_property","audience","Energy certificates for renters and property owners","renters and property owners","high","evergreen","none","arrendamento | contrato de arrendamento","arrendamento | IMI | AIMI | IMT | imóvel | habitação","Autoridade Tributária, gov.pt, Diário da República, or the responsible municipality","1","annual_candidate"
"2027-06-30","18:00","4","education_children","golden_tip","NEWS RESERVE — fallback: School-enrolment documents: one golden tip and what to verify","families and students","medium","news_flex","breaking_news","matrículas | Portal das Matrículas | educação","matrícula escolar | educação | equivalência | reconhecimento | MEGA","Official-source verification required; otherwise use fallback","3","annual_candidate"
"2027-06-30","21:00","5","health_family","foundation","Getting an SNS user number: a plain-English explanation","individuals and families","medium","evergreen","none","getting number | SNS","SNS | centro de saúde | médico de família | nascimento | família","SNS, SNS 24, gov.pt, or Diário da República","2","annual_candidate"
"2027-07-01","08:30","1","identity_access","edge_case","What Chave Móvel Digital does: mistakes, exceptions and edge cases","new residents","medium","evergreen","none","Chave Móvel Digital | autenticação.gov","NIF | NISS | Chave Móvel Digital | Portal das Finanças | Segurança Social Direta","gov.pt, Autoridade Tributária, Segurança Social, or Autenticação.gov as applicable","2","annual_candidate"
"2027-07-01","11:30","2","irs","audience","Capital gains basics for people filing personal income tax","people filing personal income tax","high","evergreen","none","IRS | Imposto sobre o Rendimento das Pessoas Singulares","IRS | Modelo 3 | e-Fatura | Anexo J | IRS Automático","Autoridade Tributária or Diário da República","2","annual_candidate"
"2027-07-01","14:30","3","health_family","golden_tip","Electronic prescriptions: one golden tip and what to verify","individuals and families","medium","evergreen","none","electronic prescriptions","SNS | centro de saúde | médico de família | nascimento | família","SNS, SNS 24, gov.pt, or Diário da República","5","annual_candidate"
"2027-07-01","18:00","4","immigration_residency","foundation","NEWS RESERVE — fallback: Preparing for an AIMA appointment: a plain-English explanation","international residents","high","news_flex","breaking_news","AIMA | autorização de residência","AIMA | autorização de residência | visto | reagrupamento familiar | CPLP","Official-source verification required; otherwise use fallback","4","annual_candidate"
"2027-07-01","21:00","5","driving_transport","action","Public-transport passes: a practical step-by-step checklist","drivers and commuters","medium","evergreen","none","public transport passes","IMT | carta de condução | IUC | veículo | Via Verde","IMT, Autoridade Tributária, gov.pt, or Diário da República","1","annual_candidate"
"2027-07-02","08:30","1","freelance_business","audience","Restarting a closed activity for freelancers and solo founders","freelancers and solo founders","high","evergreen","none","restarting closed activity","trabalhador independente | abrir atividade | recibos verdes | CAE | CIRS","Autoridade Tributária, Segurança Social, gov.pt, or Diário da República","3","annual_candidate"
"2027-07-02","11:30","2","banking_money","golden_tip","Avoiding payment-reference scams: one golden tip and what to verify","people managing money in Portugal","medium","evergreen","none","avoiding payment reference","Banco de Portugal | SEPA | conta bancária | IBAN | crédito","Banco de Portugal, European Central Bank, or gov.pt","1","annual_candidate"
"2027-07-02","14:30","3","daily_life_consumer","foundation","Using the electronic complaints book: a plain-English explanation","everyone living in Portugal","low","evergreen","none","Livro de Reclamações | Direção-Geral do Consumidor","ePortugal | Livro de Reclamações | ANACOM | energia | telecomunicações","gov.pt, Direção-Geral do Consumidor, ANACOM, ERSE, or the responsible municipality","2","annual_candidate"
"2027-07-02","18:00","4","iva","action","NEWS RESERVE — fallback: Monitoring the IVA exemption threshold: a practical step-by-step checklist","freelancers and small businesses","high","news_flex","breaking_news","IVA | Imposto sobre o Valor Acrescentado","IVA | CIVA | artigo 53 | declaração periódica | VIES","Official-source verification required; otherwise use fallback","4","annual_candidate"
"2027-07-02","21:00","5","employment","edge_case","Recognising unpaid-trial scams: mistakes, exceptions and edge cases","employees and job seekers","medium","evergreen","none","recognising unpaid trial","contrato de trabalho | emprego | salário | férias | desemprego","ACT, Segurança Social, IEFP, gov.pt, or Diário da República","3","annual_candidate"
"2027-07-03","08:30","1","social_security","golden_tip","First-year Social Security treatment: one golden tip and what to verify","workers and freelancers","high","evergreen","none","Segurança Social | declaração trimestral","Segurança Social | declaração trimestral | contribuições | NISS | desemprego","Segurança Social, gov.pt, or Diário da República","2","annual_candidate"
"2027-07-03","11:30","2","driving_transport","foundation","Changing the address on vehicle records: a plain-English explanation","drivers and commuters","medium","evergreen","none","changing address vehicle","IMT | carta de condução | IUC | veículo | Via Verde","IMT, Autoridade Tributária, gov.pt, or Diário da República","1","annual_candidate"
"2027-07-03","14:30","3","citizenship_civil","action","Certified translations: a practical step-by-step checklist","residents building a long-term life","high","evergreen","none","certified translations","IRN | cidadania | nacionalidade | registo civil | Nascer Cidadão","IRN, gov.pt, or Diário da República","3","annual_candidate"
"2027-07-03","18:00","4","education_children","edge_case","NEWS RESERVE — fallback: Renewing school enrolment: mistakes, exceptions and edge cases","families and students","medium","news_flex","breaking_news","matrículas | Portal das Matrículas | educação","matrícula escolar | educação | equivalência | reconhecimento | MEGA","Official-source verification required; otherwise use fallback","3","annual_candidate"
"2027-07-03","21:00","5","education_children","audience","Applying to Portuguese higher education for families and students","families and students","medium","evergreen","none","matrículas | Portal das Matrículas | educação","matrícula escolar | educação | equivalência | reconhecimento | MEGA","Direção-Geral da Educação, DGES, gov.pt, or Diário da República","5","annual_candidate"
"2027-07-04","08:30","1","employment","foundation","Sick leave steps: a plain-English explanation","employees and job seekers","medium","evergreen","none","leave steps","contrato de trabalho | emprego | salário | férias | desemprego","ACT, Segurança Social, IEFP, gov.pt, or Diário da República","2","annual_candidate"
"2027-07-04","11:30","2","identity_access","action","Changing the address linked to your NIF: a practical step-by-step checklist","new residents","medium","evergreen","none","NIF | número de identificação fiscal","NIF | NISS | Chave Móvel Digital | Portal das Finanças | Segurança Social Direta","gov.pt, Autoridade Tributária, Segurança Social, or Autenticação.gov as applicable","4","annual_candidate"
"2027-07-04","14:30","3","irs","edge_case","What Portuguese IRS is: mistakes, exceptions and edge cases","people filing personal income tax","high","evergreen","none","IRS | Imposto sobre o Rendimento das Pessoas Singulares","IRS | Modelo 3 | e-Fatura | Anexo J | IRS Automático","Autoridade Tributária or Diário da República","1","annual_candidate"
"2027-07-04","18:00","4","health_family","audience","NEWS RESERVE — fallback: Emergency versus non-emergency care for individuals and families","individuals and families","medium","news_flex","breaking_news","emergency versus emergency","SNS | centro de saúde | médico de família | nascimento | família","Official-source verification required; otherwise use fallback","3","annual_candidate"
"2027-07-04","21:00","5","immigration_residency","golden_tip","CPLP residence documentation: one golden tip and what to verify","international residents","high","evergreen","none","AIMA | autorização de residência | CPLP","AIMA | autorização de residência | visto | reagrupamento familiar | CPLP","AIMA, gov.pt, Diário da República, or IRN as applicable","4","annual_candidate"
"2027-07-05","08:30","1","education_children","action","Student residence administration: a practical step-by-step checklist","families and students","medium","evergreen","none","AIMA | autorização de residência","matrícula escolar | educação | equivalência | reconhecimento | MEGA","Direção-Geral da Educação, DGES, gov.pt, or Diário da República","2","annual_candidate"
"2027-07-05","11:30","2","freelance_business","edge_case","Opening freelance activity in Portugal: mistakes, exceptions and edge cases","freelancers and solo founders","high","evergreen","none","opening freelance activity","trabalhador independente | abrir atividade | recibos verdes | CAE | CIRS","Autoridade Tributária, Segurança Social, gov.pt, or Diário da República","2","annual_candidate"
"2027-07-05","14:30","3","banking_money","audience","Resident versus non-resident bank accounts for people managing money in Portugal","people managing money in Portugal","medium","evergreen","none","Banco de Portugal | IBAN | SEPA","Banco de Portugal | SEPA | conta bancária | IBAN | crédito","Banco de Portugal, European Central Bank, or gov.pt","2","annual_candidate"
"2027-07-05","18:00","4","daily_life_consumer","golden_tip","NEWS RESERVE — fallback: Preventing identity-document scams: one golden tip and what to verify","everyone living in Portugal","low","news_flex","breaking_news","preventing identity document","ePortugal | Livro de Reclamações | ANACOM | energia | telecomunicações","Official-source verification required; otherwise use fallback","3","annual_candidate"
"2027-07-05","21:00","5","iva","foundation","Reverse charge wording: a plain-English explanation","freelancers and small businesses","high","evergreen","none","reverse charge wording","IVA | CIVA | artigo 53 | declaração periódica | VIES","Autoridade Tributária or Diário da República","4","annual_candidate"
"2027-07-06","08:30","1","immigration_residency","edge_case","Residence title versus EU registration certificate: mistakes, exceptions and edge cases","international residents","high","evergreen","none","AIMA | autorização de residência","AIMA | autorização de residência | visto | reagrupamento familiar | CPLP","AIMA, gov.pt, Diário da República, or IRN as applicable","1","annual_candidate"
"2027-07-06","11:30","2","social_security","audience","Social Security contribution exemptions for workers and freelancers","workers and freelancers","high","evergreen","none","Segurança Social | declaração trimestral","Segurança Social | declaração trimestral | contribuições | NISS | desemprego","Segurança Social, gov.pt, or Diário da República","2","annual_candidate"
"2027-07-06","14:30","3","driving_transport","golden_tip","Checking vehicle documents: one golden tip and what to verify","drivers and commuters","medium","evergreen","none","checking vehicle documents","IMT | carta de condução | IUC | veículo | Via Verde","IMT, Autoridade Tributária, gov.pt, or Diário da República","3","annual_candidate"
"2027-07-06","18:00","4","banking_money","foundation","NEWS RESERVE — fallback: MB WAY basics: a plain-English explanation","people managing money in Portugal","medium","news_flex","breaking_news","basics","Banco de Portugal | SEPA | conta bancária | IBAN | crédito","Official-source verification required; otherwise use fallback","2","annual_candidate"
"2027-07-06","21:00","5","employment","action","Gross salary versus take-home pay: a practical step-by-step checklist","employees and job seekers","medium","evergreen","none","gross salary versus","contrato de trabalho | emprego | salário | férias | desemprego","ACT, Segurança Social, IEFP, gov.pt, or Diário da República","2","annual_candidate"
"2027-07-07","08:30","1","iva","audience","Monitoring the IVA exemption threshold for freelancers and small businesses","freelancers and small businesses","high","evergreen","none","IVA | Imposto sobre o Valor Acrescentado","IVA | CIVA | artigo 53 | declaração periódica | VIES","Autoridade Tributária or Diário da República","1","annual_candidate"
"2027-07-07","11:30","2","employment","golden_tip","Reading a Portuguese employment contract: one golden tip and what to verify","employees and job seekers","medium","evergreen","none","contrato de trabalho | Código do Trabalho","contrato de trabalho | emprego | salário | férias | desemprego","ACT, Segurança Social, IEFP, gov.pt, or Diário da República","1","annual_candidate"
"2027-07-07","14:30","3","identity_access","foundation","Using gov.pt authentication: a plain-English explanation","new residents","medium","evergreen","none","using authentication","NIF | NISS | Chave Móvel Digital | Portal das Finanças | Segurança Social Direta","gov.pt, Autoridade Tributária, Segurança Social, or Autenticação.gov as applicable","2","annual_candidate"
"2027-07-07","18:00","4","irs","action","NEWS RESERVE — fallback: Foreign income and Anexo J: a practical step-by-step checklist","people filing personal income tax","high","news_flex","breaking_news","foreign income anexo | Anexo J","IRS | Modelo 3 | e-Fatura | Anexo J | IRS Automático","Official-source verification required; otherwise use fallback","2","annual_candidate"
"2027-07-07","21:00","5","health_family","edge_case","Electronic prescriptions: mistakes, exceptions and edge cases","individuals and families","medium","evergreen","none","electronic prescriptions","SNS | centro de saúde | médico de família | nascimento | família","SNS, SNS 24, gov.pt, or Diário da República","1","annual_candidate"
"2027-07-08","08:30","1","housing_property","golden_tip","What IMT is: one golden tip and what to verify","renters and property owners","high","evergreen","none","IMT | Imposto Municipal sobre as Transmissões","arrendamento | IMI | AIMI | IMT | imóvel | habitação","Autoridade Tributária, gov.pt, Diário da República, or the responsible municipality","1","annual_candidate"
"2027-07-08","11:30","2","education_children","foundation","School-meal and support applications: a plain-English explanation","families and students","medium","evergreen","none","matrículas | Portal das Matrículas | educação","matrícula escolar | educação | equivalência | reconhecimento | MEGA","Direção-Geral da Educação, DGES, gov.pt, or Diário da República","6","annual_candidate"
"2027-07-08","14:30","3","freelance_business","action","Restarting a closed activity: a practical step-by-step checklist","freelancers and solo founders","high","evergreen","none","restarting closed activity","trabalhador independente | abrir atividade | recibos verdes | CAE | CIRS","Autoridade Tributária, Segurança Social, gov.pt, or Diário da República","1","annual_candidate"
"2027-07-08","18:00","4","banking_money","edge_case","NEWS RESERVE — fallback: Bank fees and account packages: mistakes, exceptions and edge cases","people managing money in Portugal","medium","news_flex","breaking_news","Banco de Portugal | IBAN | SEPA","Banco de Portugal | SEPA | conta bancária | IBAN | crédito","Official-source verification required; otherwise use fallback","1","annual_candidate"
"2027-07-08","21:00","5","daily_life_consumer","audience","Finding the correct municipal office for everyone living in Portugal","everyone living in Portugal","low","evergreen","none","finding correct municipal","ePortugal | Livro de Reclamações | ANACOM | energia | telecomunicações","gov.pt, Direção-Geral do Consumidor, ANACOM, ERSE, or the responsible municipality","3","annual_candidate"
"2027-07-09","08:30","1","health_family","foundation","Parental-leave administration: a plain-English explanation","individuals and families","medium","evergreen","none","arrendamento | contrato de arrendamento","SNS | centro de saúde | médico de família | nascimento | família","SNS, SNS 24, gov.pt, or Diário da República","4","annual_candidate"
"2027-07-09","11:30","2","immigration_residency","action","CPLP residence documentation: a practical step-by-step checklist","international residents","high","evergreen","none","AIMA | autorização de residência | CPLP","AIMA | autorização de residência | visto | reagrupamento familiar | CPLP","AIMA, gov.pt, Diário da República, or IRN as applicable","2","annual_candidate"
"2027-07-09","14:30","3","social_security","edge_case","Portable A1 certificates: mistakes, exceptions and edge cases","workers and freelancers","high","evergreen","none","portable certificates","Segurança Social | declaração trimestral | contribuições | NISS | desemprego","Segurança Social, gov.pt, or Diário da República","2","annual_candidate"
"2027-07-09","18:00","4","driving_transport","audience","NEWS RESERVE — fallback: Vehicle inspection timing for drivers and commuters","drivers and commuters","medium","news_flex","breaking_news","vehicle inspection timing","IMT | carta de condução | IUC | veículo | Via Verde","Official-source verification required; otherwise use fallback","2","annual_candidate"
"2027-07-09","21:00","5","education_children","golden_tip","Student residence administration: one golden tip and what to verify","families and students","medium","evergreen","none","AIMA | autorização de residência","matrícula escolar | educação | equivalência | reconhecimento | MEGA","Direção-Geral da Educação, DGES, gov.pt, or Diário da República","5","annual_candidate"
"2027-07-10","08:30","1","daily_life_consumer","action","Preventing identity-document scams: a practical step-by-step checklist","everyone living in Portugal","low","evergreen","none","preventing identity document","ePortugal | Livro de Reclamações | ANACOM | energia | telecomunicações","gov.pt, Direção-Geral do Consumidor, ANACOM, ERSE, or the responsible municipality","2","annual_candidate"
"2027-07-10","11:30","2","iva","edge_case","Checking a customer in VIES: mistakes, exceptions and edge cases","freelancers and small businesses","high","evergreen","none","checking customer | VIES","IVA | CIVA | artigo 53 | declaração periódica | VIES","Autoridade Tributária or Diário da República","2","annual_candidate"
"2027-07-10","14:30","3","employment","audience","Annual leave basics for employees and job seekers","employees and job seekers","medium","evergreen","none","contrato de trabalho | Código do Trabalho","contrato de trabalho | emprego | salário | férias | desemprego","ACT, Segurança Social, IEFP, gov.pt, or Diário da República","2","annual_candidate"
"2027-07-10","18:00","4","identity_access","golden_tip","NEWS RESERVE — fallback: What a NISS is: one golden tip and what to verify","new residents","medium","news_flex","breaking_news","NISS | número de identificação da segurança social","NIF | NISS | Chave Móvel Digital | Portal das Finanças | Segurança Social Direta","Official-source verification required; otherwise use fallback","3","annual_candidate"
"2027-07-10","21:00","5","irs","foundation","Paying an IRS balance: a plain-English explanation","people filing personal income tax","high","evergreen","none","IRS | Imposto sobre o Rendimento das Pessoas Singulares","IRS | Modelo 3 | e-Fatura | Anexo J | IRS Automático","Autoridade Tributária or Diário da República","1","annual_candidate"
"2027-07-11","08:30","1","citizenship_civil","edge_case","Tracking an IRN application: mistakes, exceptions and edge cases","residents building a long-term life","high","evergreen","none","tracking application | IRN","IRN | cidadania | nacionalidade | registo civil | Nascer Cidadão","IRN, gov.pt, or Diário da República","1","annual_candidate"
"2027-07-11","11:30","2","housing_property","audience","Condominium documents for renters and property owners","renters and property owners","high","evergreen","none","arrendamento | contrato de arrendamento","arrendamento | IMI | AIMI | IMT | imóvel | habitação","Autoridade Tributária, gov.pt, Diário da República, or the responsible municipality","1","annual_candidate"
"2027-07-11","14:30","3","education_children","golden_tip","Enrolling a child in a Portuguese school: one golden tip and what to verify","families and students","medium","evergreen","none","matrículas | Portal das Matrículas | educação","matrícula escolar | educação | equivalência | reconhecimento | MEGA","Direção-Geral da Educação, DGES, gov.pt, or Diário da República","2","annual_candidate"
"2027-07-11","18:00","4","daily_life_consumer","foundation","NEWS RESERVE — fallback: Building an emergency document folder: a plain-English explanation","everyone living in Portugal","low","news_flex","breaking_news","building emergency document","ePortugal | Livro de Reclamações | ANACOM | energia | telecomunicações","Official-source verification required; otherwise use fallback","3","annual_candidate"
"2027-07-11","21:00","5","banking_money","action","Variable versus fixed mortgage rates: a practical step-by-step checklist","people managing money in Portugal","medium","evergreen","none","variable versus fixed","Banco de Portugal | SEPA | conta bancária | IBAN | crédito","Banco de Portugal, European Central Bank, or gov.pt","2","annual_candidate"
"2027-07-12","08:30","1","irs","audience","Freelance income and IRS for people filing personal income tax","people filing personal income tax","high","evergreen","none","IRS | Imposto sobre o Rendimento das Pessoas Singulares","IRS | Modelo 3 | e-Fatura | Anexo J | IRS Automático","Autoridade Tributária or Diário da República","1","annual_candidate"
"2027-07-12","11:30","2","health_family","golden_tip","Requesting or changing a family doctor: one golden tip and what to verify","individuals and families","medium","evergreen","none","médico de família | SNS","SNS | centro de saúde | médico de família | nascimento | família","SNS, SNS 24, gov.pt, or Diário da República","3","annual_candidate"
"2027-07-12","14:30","3","immigration_residency","foundation","Visa versus residence permit: a plain-English explanation","international residents","high","evergreen","none","AIMA | autorização de residência","AIMA | autorização de residência | visto | reagrupamento familiar | CPLP","AIMA, gov.pt, Diário da República, or IRN as applicable","3","annual_candidate"
"2027-07-12","18:00","4","identity_access","action","NEWS RESERVE — fallback: Requesting a NISS: a practical step-by-step checklist","new residents","medium","news_flex","breaking_news","NISS | número de identificação da segurança social","NIF | NISS | Chave Móvel Digital | Portal das Finanças | Segurança Social Direta","Official-source verification required; otherwise use fallback","4","annual_candidate"
"2027-07-12","21:00","5","driving_transport","edge_case","What happens when a foreign licence expires: mistakes, exceptions and edge cases","drivers and commuters","medium","evergreen","none","happens foreign licence","IMT | carta de condução | IUC | veículo | Via Verde","IMT, Autoridade Tributária, gov.pt, or Diário da República","3","annual_candidate"
"2027-07-13","08:30","1","banking_money","golden_tip","Keeping proof of bank transfers: one golden tip and what to verify","people managing money in Portugal","medium","evergreen","none","Banco de Portugal | IBAN | SEPA","Banco de Portugal | SEPA | conta bancária | IBAN | crédito","Banco de Portugal, European Central Bank, or gov.pt","2","annual_candidate"
"2027-07-13","11:30","2","daily_life_consumer","foundation","Booking public-service appointments: a plain-English explanation","everyone living in Portugal","low","evergreen","none","booking public service","ePortugal | Livro de Reclamações | ANACOM | energia | telecomunicações","gov.pt, Direção-Geral do Consumidor, ANACOM, ERSE, or the responsible municipality","2","annual_candidate"
"2027-07-13","14:30","3","iva","action","Article 53 IVA exemption: a practical step-by-step checklist","freelancers and small businesses","high","evergreen","none","IVA | Imposto sobre o Valor Acrescentado","IVA | CIVA | artigo 53 | declaração periódica | VIES","Autoridade Tributária or Diário da República","3","annual_candidate"
"2027-07-13","18:00","4","employment","edge_case","NEWS RESERVE — fallback: Employee plus freelance income: mistakes, exceptions and edge cases","employees and job seekers","medium","news_flex","breaking_news","contrato de trabalho | Código do Trabalho","contrato de trabalho | emprego | salário | férias | desemprego","Official-source verification required; otherwise use fallback","2","annual_candidate"
"2027-07-13","21:00","5","identity_access","audience","What a Portuguese NIF is for new residents","new residents","medium","evergreen","none","NIF | número de identificação fiscal","NIF | NISS | Chave Móvel Digital | Portal das Finanças | Segurança Social Direta","gov.pt, Autoridade Tributária, Segurança Social, or Autenticação.gov as applicable","4","annual_candidate"
"2027-07-14","08:30","1","driving_transport","foundation","Vehicle inspection timing: a plain-English explanation","drivers and commuters","medium","evergreen","none","vehicle inspection timing","IMT | carta de condução | IUC | veículo | Via Verde","IMT, Autoridade Tributária, gov.pt, or Diário da República","2","annual_candidate"
"2027-07-14","11:30","2","citizenship_civil","action","Requesting Portuguese civil certificates: a practical step-by-step checklist","residents building a long-term life","high","evergreen","none","requesting civil certificates","IRN | cidadania | nacionalidade | registo civil | Nascer Cidadão","IRN, gov.pt, or Diário da República","2","annual_candidate"
"2027-07-14","14:30","3","housing_property","edge_case","Changing utilities after moving: mistakes, exceptions and edge cases","renters and property owners","high","evergreen","none","changing utilities moving","arrendamento | IMI | AIMI | IMT | imóvel | habitação","Autoridade Tributária, gov.pt, Diário da República, or the responsible municipality","1","annual_candidate"
"2027-07-14","18:00","4","education_children","audience","NEWS RESERVE — fallback: School calendar basics for families and students","families and students","medium","news_flex","breaking_news","matrículas | Portal das Matrículas | educação","matrícula escolar | educação | equivalência | reconhecimento | MEGA","Official-source verification required; otherwise use fallback","2","annual_candidate"
"2027-07-14","21:00","5","health_family","golden_tip","Healthcare for children: one golden tip and what to verify","individuals and families","medium","evergreen","none","healthcare children","SNS | centro de saúde | médico de família | nascimento | família","SNS, SNS 24, gov.pt, or Diário da República","2","annual_candidate"
"2027-07-15","08:30","1","identity_access","action","Finding your NIF on official documents: a practical step-by-step checklist","new residents","medium","evergreen","none","NIF | número de identificação fiscal","NIF | NISS | Chave Móvel Digital | Portal das Finanças | Segurança Social Direta","gov.pt, Autoridade Tributária, Segurança Social, or Autenticação.gov as applicable","2","annual_candidate"
"2027-07-15","11:30","2","irs","edge_case","Tax deductions versus tax credits: mistakes, exceptions and edge cases","people filing personal income tax","high","evergreen","none","deductions versus credits","IRS | Modelo 3 | e-Fatura | Anexo J | IRS Automático","Autoridade Tributária or Diário da República","2","annual_candidate"
"2027-07-15","14:30","3","health_family","audience","Parental-leave administration for individuals and families","individuals and families","medium","evergreen","none","arrendamento | contrato de arrendamento","SNS | centro de saúde | médico de família | nascimento | família","SNS, SNS 24, gov.pt, or Diário da República","5","annual_candidate"
"2027-07-15","18:00","4","immigration_residency","golden_tip","NEWS RESERVE — fallback: D3 highly qualified route: one golden tip and what to verify","international residents","high","news_flex","breaking_news","highly qualified route","AIMA | autorização de residência | visto | reagrupamento familiar | CPLP","Official-source verification required; otherwise use fallback","4","annual_candidate"
"2027-07-15","21:00","5","driving_transport","foundation","Checking vehicle documents: a plain-English explanation","drivers and commuters","medium","evergreen","none","checking vehicle documents","IMT | carta de condução | IUC | veículo | Via Verde","IMT, Autoridade Tributária, gov.pt, or Diário da República","1","annual_candidate"
"2027-07-16","08:30","1","freelance_business","edge_case","Proof to retain after opening activity: mistakes, exceptions and edge cases","freelancers and solo founders","high","evergreen","none","proof retain opening","trabalhador independente | abrir atividade | recibos verdes | CAE | CIRS","Autoridade Tributária, Segurança Social, gov.pt, or Diário da República","3","annual_candidate"
"2027-07-16","11:30","2","banking_money","audience","Currency-conversion costs for people managing money in Portugal","people managing money in Portugal","medium","evergreen","none","currency conversion costs","Banco de Portugal | SEPA | conta bancária | IBAN | crédito","Banco de Portugal, European Central Bank, or gov.pt","1","annual_candidate"
"2027-07-16","14:30","3","daily_life_consumer","golden_tip","Keeping proof of cancellation: one golden tip and what to verify","everyone living in Portugal","low","evergreen","none","keeping proof cancellation","ePortugal | Livro de Reclamações | ANACOM | energia | telecomunicações","gov.pt, Direção-Geral do Consumidor, ANACOM, ERSE, or the responsible municipality","2","annual_candidate"
"2027-07-16","18:00","4","iva","foundation","NEWS RESERVE — fallback: Invoicing an EU business customer: a plain-English explanation","freelancers and small businesses","high","news_flex","breaking_news","invoicing business customer","IVA | CIVA | artigo 53 | declaração periódica | VIES","Official-source verification required; otherwise use fallback","4","annual_candidate"
"2027-07-16","21:00","5","employment","action","Fixed-term versus permanent contracts: a practical step-by-step checklist","employees and job seekers","medium","evergreen","none","fixed versus permanent","contrato de trabalho | emprego | salário | férias | desemprego","ACT, Segurança Social, IEFP, gov.pt, or Diário da República","3","annual_candidate"
"2027-07-17","08:30","1","social_security","audience","Freelancing while employed for workers and freelancers","workers and freelancers","high","evergreen","none","freelancing while employed","Segurança Social | declaração trimestral | contribuições | NISS | desemprego","Segurança Social, gov.pt, or Diário da República","2","annual_candidate"
"2027-07-17","11:30","2","driving_transport","golden_tip","Buying a used car: one golden tip and what to verify","drivers and commuters","medium","evergreen","none","buying","IMT | carta de condução | IUC | veículo | Via Verde","IMT, Autoridade Tributária, gov.pt, or Diário da República","1","annual_candidate"
"2027-07-17","14:30","3","citizenship_civil","foundation","Birth registration in Portugal: a plain-English explanation","residents building a long-term life","high","evergreen","none","birth registration","IRN | cidadania | nacionalidade | registo civil | Nascer Cidadão","IRN, gov.pt, or Diário da República","3","annual_candidate"
"2027-07-17","18:00","4","education_children","action","NEWS RESERVE — fallback: Applying to Portuguese higher education: a practical step-by-step checklist","families and students","medium","news_flex","breaking_news","matrículas | Portal das Matrículas | educação","matrícula escolar | educação | equivalência | reconhecimento | MEGA","Official-source verification required; otherwise use fallback","3","annual_candidate"
"2027-07-17","21:00","5","education_children","edge_case","School catchment areas: mistakes, exceptions and edge cases","families and students","medium","evergreen","none","matrículas | Portal das Matrículas | educação","matrícula escolar | educação | equivalência | reconhecimento | MEGA","Direção-Geral da Educação, DGES, gov.pt, or Diário da República","5","annual_candidate"
"2027-07-18","08:30","1","employment","golden_tip","Employee plus freelance income: one golden tip and what to verify","employees and job seekers","medium","evergreen","none","contrato de trabalho | Código do Trabalho","contrato de trabalho | emprego | salário | férias | desemprego","ACT, Segurança Social, IEFP, gov.pt, or Diário da República","1","annual_candidate"
"2027-07-18","11:30","2","identity_access","foundation","What Chave Móvel Digital does: a plain-English explanation","new residents","medium","evergreen","none","Chave Móvel Digital | autenticação.gov","NIF | NISS | Chave Móvel Digital | Portal das Finanças | Segurança Social Direta","gov.pt, Autoridade Tributária, Segurança Social, or Autenticação.gov as applicable","4","annual_candidate"
"2027-07-18","14:30","3","irs","action","Submitting Modelo 3: a practical step-by-step checklist","people filing personal income tax","high","evergreen","none","Modelo 3 | declaração de rendimentos","IRS | Modelo 3 | e-Fatura | Anexo J | IRS Automático","Autoridade Tributária or Diário da República","2","annual_candidate"
"2027-07-18","18:00","4","health_family","edge_case","NEWS RESERVE — fallback: Requesting or changing a family doctor: mistakes, exceptions and edge cases","individuals and families","medium","news_flex","breaking_news","médico de família | SNS","SNS | centro de saúde | médico de família | nascimento | família","Official-source verification required; otherwise use fallback","3","annual_candidate"
"2027-07-18","21:00","5","immigration_residency","audience","Keeping evidence of an immigration submission for international residents","international residents","high","evergreen","none","keeping evidence immigration","AIMA | autorização de residência | visto | reagrupamento familiar | CPLP","AIMA, gov.pt, Diário da República, or IRN as applicable","4","annual_candidate"
"2027-07-19","08:30","1","education_children","foundation","Recognising foreign school records: a plain-English explanation","families and students","medium","evergreen","none","matrículas | Portal das Matrículas | educação","matrícula escolar | educação | equivalência | reconhecimento | MEGA","Direção-Geral da Educação, DGES, gov.pt, or Diário da República","2","annual_candidate"
"2027-07-19","11:30","2","freelance_business","action","Closing freelance activity: a practical step-by-step checklist","freelancers and solo founders","high","evergreen","none","closing freelance activity","trabalhador independente | abrir atividade | recibos verdes | CAE | CIRS","Autoridade Tributária, Segurança Social, gov.pt, or Diário da República","2","annual_candidate"
"2027-07-19","14:30","3","banking_money","edge_case","MB WAY basics: mistakes, exceptions and edge cases","people managing money in Portugal","medium","evergreen","none","basics","Banco de Portugal | SEPA | conta bancária | IBAN | crédito","Banco de Portugal, European Central Bank, or gov.pt","1","annual_candidate"
"2027-07-19","18:00","4","daily_life_consumer","audience","NEWS RESERVE — fallback: Getting an atestado de residência for everyone living in Portugal","everyone living in Portugal","low","news_flex","breaking_news","getting atestado residência","ePortugal | Livro de Reclamações | ANACOM | energia | telecomunicações","Official-source verification required; otherwise use fallback","3","annual_candidate"
"2027-07-19","21:00","5","iva","golden_tip","What IVA is: one golden tip and what to verify","freelancers and small businesses","high","evergreen","none","IVA | Imposto sobre o Valor Acrescentado","IVA | CIVA | artigo 53 | declaração periódica | VIES","Autoridade Tributária or Diário da República","4","annual_candidate"
"2027-07-20","08:30","1","immigration_residency","action","D2 entrepreneur route: a practical step-by-step checklist","international residents","high","evergreen","none","entrepreneur route","AIMA | autorização de residência | visto | reagrupamento familiar | CPLP","AIMA, gov.pt, Diário da República, or IRN as applicable","1","annual_candidate"
"2027-07-20","11:30","2","social_security","edge_case","Sickness-benefit basics: mistakes, exceptions and edge cases","workers and freelancers","high","evergreen","none","sickness benefit basics","Segurança Social | declaração trimestral | contribuições | NISS | desemprego","Segurança Social, gov.pt, or Diário da República","2","annual_candidate"
"2027-07-20","14:30","3","driving_transport","audience","Electronic tolls for foreign vehicles for drivers and commuters","drivers and commuters","medium","evergreen","none","electronic tolls foreign","IMT | carta de condução | IUC | veículo | Via Verde","IMT, Autoridade Tributária, gov.pt, or Diário da República","3","annual_candidate"
"2027-07-20","18:00","4","banking_money","golden_tip","NEWS RESERVE — fallback: Foreign bank accounts and Portuguese tax: one golden tip and what to verify","people managing money in Portugal","medium","news_flex","breaking_news","Banco de Portugal | IBAN | SEPA","Banco de Portugal | SEPA | conta bancária | IBAN | crédito","Official-source verification required; otherwise use fallback","2","annual_candidate"
"2027-07-20","21:00","5","employment","foundation","Annual leave basics: a plain-English explanation","employees and job seekers","medium","evergreen","none","annual leave basics","contrato de trabalho | emprego | salário | férias | desemprego","ACT, Segurança Social, IEFP, gov.pt, or Diário da República","2","annual_candidate"
"2027-07-21","08:30","1","iva","edge_case","Invoicing an EU business customer: mistakes, exceptions and edge cases","freelancers and small businesses","high","evergreen","none","invoicing business customer","IVA | CIVA | artigo 53 | declaração periódica | VIES","Autoridade Tributária or Diário da República","1","annual_candidate"
"2027-07-21","11:30","2","employment","audience","Working-time records for employees and job seekers","employees and job seekers","medium","evergreen","none","contrato de trabalho | Código do Trabalho","contrato de trabalho | emprego | salário | férias | desemprego","ACT, Segurança Social, IEFP, gov.pt, or Diário da República","1","annual_candidate"
"2027-07-21","14:30","3","identity_access","golden_tip","Tax representation and when it applies: one golden tip and what to verify","new residents","medium","evergreen","none","representation applies","NIF | NISS | Chave Móvel Digital | Portal das Finanças | Segurança Social Direta","gov.pt, Autoridade Tributária, Segurança Social, or Autenticação.gov as applicable","3","annual_candidate"
"2027-07-21","18:00","4","irs","foundation","NEWS RESERVE — fallback: Understanding an IRS refund: a plain-English explanation","people filing personal income tax","high","news_flex","breaking_news","IRS | Imposto sobre o Rendimento das Pessoas Singulares","IRS | Modelo 3 | e-Fatura | Anexo J | IRS Automático","Official-source verification required; otherwise use fallback","2","annual_candidate"
"2027-07-21","21:00","5","health_family","action","Parental-leave administration: a practical step-by-step checklist","individuals and families","medium","evergreen","none","arrendamento | contrato de arrendamento","SNS | centro de saúde | médico de família | nascimento | família","SNS, SNS 24, gov.pt, or Diário da República","1","annual_candidate"
"2027-07-22","08:30","1","housing_property","audience","Selling a Portuguese property for renters and property owners","renters and property owners","high","evergreen","none","arrendamento | contrato de arrendamento","arrendamento | IMI | AIMI | IMT | imóvel | habitação","Autoridade Tributária, gov.pt, Diário da República, or the responsible municipality","1","annual_candidate"
"2027-07-22","11:30","2","education_children","golden_tip","Student residence administration: one golden tip and what to verify","families and students","medium","evergreen","none","AIMA | autorização de residência","matrícula escolar | educação | equivalência | reconhecimento | MEGA","Direção-Geral da Educação, DGES, gov.pt, or Diário da República","6","annual_candidate"
"2027-07-22","14:30","3","freelance_business","foundation","Proof to retain after opening activity: a plain-English explanation","freelancers and solo founders","high","evergreen","none","proof retain opening","trabalhador independente | abrir atividade | recibos verdes | CAE | CIRS","Autoridade Tributária, Segurança Social, gov.pt, or Diário da República","1","annual_candidate"
"2027-07-22","18:00","4","banking_money","action","NEWS RESERVE — fallback: Credit reports at Banco de Portugal: a practical step-by-step checklist","people managing money in Portugal","medium","news_flex","breaking_news","credit reports banco | Banco de Portugal","Banco de Portugal | SEPA | conta bancária | IBAN | crédito","Official-source verification required; otherwise use fallback","2","annual_candidate"
"2027-07-22","21:00","5","daily_life_consumer","edge_case","Internet installation documents: mistakes, exceptions and edge cases","everyone living in Portugal","low","evergreen","none","internet installation documents","ePortugal | Livro de Reclamações | ANACOM | energia | telecomunicações","gov.pt, Direção-Geral do Consumidor, ANACOM, ERSE, or the responsible municipality","3","annual_candidate"
"2027-07-23","08:30","1","health_family","golden_tip","Registering at a health centre: one golden tip and what to verify","individuals and families","medium","evergreen","none","registering health centre","SNS | centro de saúde | médico de família | nascimento | família","SNS, SNS 24, gov.pt, or Diário da República","4","annual_candidate"
"2027-07-23","11:30","2","immigration_residency","foundation","Keeping evidence of an immigration submission: a plain-English explanation","international residents","high","evergreen","none","keeping evidence immigration","AIMA | autorização de residência | visto | reagrupamento familiar | CPLP","AIMA, gov.pt, Diário da República, or IRN as applicable","2","annual_candidate"
"2027-07-23","14:30","3","social_security","action","Keeping proof of a quarterly declaration: a practical step-by-step checklist","workers and freelancers","high","evergreen","none","Segurança Social | declaração trimestral","Segurança Social | declaração trimestral | contribuições | NISS | desemprego","Segurança Social, gov.pt, or Diário da República","2","annual_candidate"
"2027-07-23","18:00","4","driving_transport","edge_case","NEWS RESERVE — fallback: Driving-licence exchange documents: mistakes, exceptions and edge cases","drivers and commuters","medium","news_flex","breaking_news","driving licence exchange","IMT | carta de condução | IUC | veículo | Via Verde","Official-source verification required; otherwise use fallback","2","annual_candidate"
"2027-07-23","21:00","5","education_children","audience","Recognising foreign school records for families and students","families and students","medium","evergreen","none","matrículas | Portal das Matrículas | educação","matrícula escolar | educação | equivalência | reconhecimento | MEGA","Direção-Geral da Educação, DGES, gov.pt, or Diário da República","5","annual_candidate"
"2027-07-24","08:30","1","daily_life_consumer","foundation","Getting an atestado de residência: a plain-English explanation","everyone living in Portugal","low","evergreen","none","getting atestado residência","ePortugal | Livro de Reclamações | ANACOM | energia | telecomunicações","gov.pt, Direção-Geral do Consumidor, ANACOM, ERSE, or the responsible municipality","1","annual_candidate"
"2027-07-24","11:30","2","iva","action","When property transactions involve IVA: a practical step-by-step checklist","freelancers and small businesses","high","evergreen","none","IVA | Imposto sobre o Valor Acrescentado","IVA | CIVA | artigo 53 | declaração periódica | VIES","Autoridade Tributária or Diário da República","2","annual_candidate"
"2027-07-24","14:30","3","employment","edge_case","Remote work from Portugal: mistakes, exceptions and edge cases","employees and job seekers","medium","evergreen","none","remote","contrato de trabalho | emprego | salário | férias | desemprego","ACT, Segurança Social, IEFP, gov.pt, or Diário da República","2","annual_candidate"
"2027-07-24","18:00","4","identity_access","audience","NEWS RESERVE — fallback: Using gov.pt authentication for new residents","new residents","medium","news_flex","breaking_news","using authentication","NIF | NISS | Chave Móvel Digital | Portal das Finanças | Segurança Social Direta","Official-source verification required; otherwise use fallback","3","annual_candidate"
"2027-07-24","21:00","5","irs","golden_tip","Tax residence and IRS: one golden tip and what to verify","people filing personal income tax","high","evergreen","none","IRS | Imposto sobre o Rendimento das Pessoas Singulares | AIMA | autorização de residência","IRS | Modelo 3 | e-Fatura | Anexo J | IRS Automático","Autoridade Tributária or Diário da República","1","annual_candidate"
"2027-07-25","08:30","1","citizenship_civil","action","Marriage registration: a practical step-by-step checklist","residents building a long-term life","high","evergreen","none","marriage registration","IRN | cidadania | nacionalidade | registo civil | Nascer Cidadão","IRN, gov.pt, or Diário da República","1","annual_candidate"
"2027-07-25","11:30","2","housing_property","edge_case","Proof of address for renters: mistakes, exceptions and edge cases","renters and property owners","high","evergreen","none","arrendamento | contrato de arrendamento","arrendamento | IMI | AIMI | IMT | imóvel | habitação","Autoridade Tributária, gov.pt, Diário da República, or the responsible municipality","1","annual_candidate"
"2027-07-25","14:30","3","education_children","audience","MEGA schoolbook vouchers for families and students","families and students","medium","evergreen","none","matrículas | Portal das Matrículas | educação | MEGA","matrícula escolar | educação | equivalência | reconhecimento | MEGA","Direção-Geral da Educação, DGES, gov.pt, or Diário da República","2","annual_candidate"
"2027-07-25","18:00","4","daily_life_consumer","golden_tip","NEWS RESERVE — fallback: Using the electronic complaints book: one golden tip and what to verify","everyone living in Portugal","low","news_flex","breaking_news","Livro de Reclamações | Direção-Geral do Consumidor","ePortugal | Livro de Reclamações | ANACOM | energia | telecomunicações","Official-source verification required; otherwise use fallback","3","annual_candidate"
"2027-07-25","21:00","5","banking_money","foundation","Understanding Portuguese IBANs: a plain-English explanation","people managing money in Portugal","medium","evergreen","none","Banco de Portugal | IBAN | SEPA","Banco de Portugal | SEPA | conta bancária | IBAN | crédito","Banco de Portugal, European Central Bank, or gov.pt","2","annual_candidate"
"2027-07-26","08:30","1","irs","edge_case","What to do after missing the filing window: mistakes, exceptions and edge cases","people filing personal income tax","high","evergreen","none","missing filing window","IRS | Modelo 3 | e-Fatura | Anexo J | IRS Automático","Autoridade Tributária or Diário da República","1","annual_candidate"
"2027-07-26","11:30","2","health_family","audience","Pregnancy and birth administration for individuals and families","individuals and families","medium","evergreen","none","pregnancy birth administration","SNS | centro de saúde | médico de família | nascimento | família","SNS, SNS 24, gov.pt, or Diário da República","3","annual_candidate"
"2027-07-26","14:30","3","immigration_residency","golden_tip","D8 digital-nomad route: one golden tip and what to verify","international residents","high","evergreen","none","digital nomad route","AIMA | autorização de residência | visto | reagrupamento familiar | CPLP","AIMA, gov.pt, Diário da República, or IRN as applicable","3","annual_candidate"
"2027-07-26","18:00","4","identity_access","foundation","NEWS RESERVE — fallback: Keeping digital copies of Portuguese documents: a plain-English explanation","new residents","medium","news_flex","breaking_news","keeping digital copies","NIF | NISS | Chave Móvel Digital | Portal das Finanças | Segurança Social Direta","Official-source verification required; otherwise use fallback","4","annual_candidate"
"2027-07-26","21:00","5","driving_transport","action","Portuguese toll systems: a practical step-by-step checklist","drivers and commuters","medium","evergreen","none","systems","IMT | carta de condução | IUC | veículo | Via Verde","IMT, Autoridade Tributária, gov.pt, or Diário da República","4","annual_candidate"
"2027-07-27","08:30","1","banking_money","audience","IBAN discrimination for people managing money in Portugal","people managing money in Portugal","medium","evergreen","none","Banco de Portugal | IBAN | SEPA","Banco de Portugal | SEPA | conta bancária | IBAN | crédito","Banco de Portugal, European Central Bank, or gov.pt","2","annual_candidate"
"2027-07-27","11:30","2","daily_life_consumer","golden_tip","Cancelling a consumer contract: one golden tip and what to verify","everyone living in Portugal","low","evergreen","none","Livro de Reclamações | Direção-Geral do Consumidor","ePortugal | Livro de Reclamações | ANACOM | energia | telecomunicações","gov.pt, Direção-Geral do Consumidor, ANACOM, ERSE, or the responsible municipality","2","annual_candidate"
"2027-07-27","14:30","3","iva","foundation","Correcting an IVA declaration: a plain-English explanation","freelancers and small businesses","high","evergreen","none","IVA | Imposto sobre o Valor Acrescentado","IVA | CIVA | artigo 53 | declaração periódica | VIES","Autoridade Tributária or Diário da República","3","annual_candidate"
"2027-07-27","18:00","4","employment","action","NEWS RESERVE — fallback: Probation periods: a practical step-by-step checklist","employees and job seekers","medium","news_flex","breaking_news","probation periods","contrato de trabalho | emprego | salário | férias | desemprego","Official-source verification required; otherwise use fallback","2","annual_candidate"
"2027-07-27","21:00","5","identity_access","edge_case","Requesting a NISS: mistakes, exceptions and edge cases","new residents","medium","evergreen","none","NISS | número de identificação da segurança social","NIF | NISS | Chave Móvel Digital | Portal das Finanças | Segurança Social Direta","gov.pt, Autoridade Tributária, Segurança Social, or Autenticação.gov as applicable","4","annual_candidate"
"2027-07-28","08:30","1","driving_transport","golden_tip","Driving-licence exchange documents: one golden tip and what to verify","drivers and commuters","medium","evergreen","none","driving licence exchange","IMT | carta de condução | IUC | veículo | Via Verde","IMT, Autoridade Tributária, gov.pt, or Diário da República","2","annual_candidate"
"2027-07-28","11:30","2","citizenship_civil","foundation","Portuguese citizenship document checklist: a plain-English explanation","residents building a long-term life","high","evergreen","none","citizenship document","IRN | cidadania | nacionalidade | registo civil | Nascer Cidadão","IRN, gov.pt, or Diário da República","2","annual_candidate"
"2027-07-28","14:30","3","housing_property","action","Budgeting purchase transaction costs: a practical step-by-step checklist","renters and property owners","high","evergreen","none","budgeting purchase transaction","arrendamento | IMI | AIMI | IMT | imóvel | habitação","Autoridade Tributária, gov.pt, Diário da República, or the responsible municipality","2","annual_candidate"
"2027-07-28","18:00","4","education_children","edge_case","NEWS RESERVE — fallback: Enrolling a child in a Portuguese school: mistakes, exceptions and edge cases","families and students","medium","news_flex","breaking_news","matrículas | Portal das Matrículas | educação","matrícula escolar | educação | equivalência | reconhecimento | MEGA","Official-source verification required; otherwise use fallback","2","annual_candidate"
"2027-07-28","21:00","5","health_family","audience","Health-fee exemptions for individuals and families","individuals and families","medium","evergreen","none","health exemptions","SNS | centro de saúde | médico de família | nascimento | família","SNS, SNS 24, gov.pt, or Diário da República","2","annual_candidate"
"2027-07-29","08:30","1","identity_access","foundation","Confirming email and mobile contacts on Finanças: a plain-English explanation","new residents","medium","evergreen","none","confirming email mobile","NIF | NISS | Chave Móvel Digital | Portal das Finanças | Segurança Social Direta","gov.pt, Autoridade Tributária, Segurança Social, or Autenticação.gov as applicable","3","annual_candidate"
"2027-07-29","11:30","2","irs","action","Reviewing automatic IRS: a practical step-by-step checklist","people filing personal income tax","high","evergreen","none","IRS | Imposto sobre o Rendimento das Pessoas Singulares","IRS | Modelo 3 | e-Fatura | Anexo J | IRS Automático","Autoridade Tributária or Diário da República","2","annual_candidate"
"2027-07-29","14:30","3","health_family","edge_case","Registering at a health centre: mistakes, exceptions and edge cases","individuals and families","medium","evergreen","none","registering health centre","SNS | centro de saúde | médico de família | nascimento | família","SNS, SNS 24, gov.pt, or Diário da República","5","annual_candidate"
"2027-07-29","18:00","4","immigration_residency","audience","NEWS RESERVE — fallback: When an application file is incomplete for international residents","international residents","high","news_flex","breaking_news","application incomplete","AIMA | autorização de residência | visto | reagrupamento familiar | CPLP","Official-source verification required; otherwise use fallback","4","annual_candidate"
"2027-07-29","21:00","5","driving_transport","golden_tip","Electronic tolls for foreign vehicles: one golden tip and what to verify","drivers and commuters","medium","evergreen","none","electronic tolls foreign","IMT | carta de condução | IUC | veículo | Via Verde","IMT, Autoridade Tributária, gov.pt, or Diário da República","1","annual_candidate"
"2027-07-30","08:30","1","freelance_business","action","Invoice, invoice-receipt and receipt differences: a practical step-by-step checklist","freelancers and solo founders","high","evergreen","none","invoice invoice receipt","trabalhador independente | abrir atividade | recibos verdes | CAE | CIRS","Autoridade Tributária, Segurança Social, gov.pt, or Diário da República","3","annual_candidate"
"2027-07-30","11:30","2","banking_money","edge_case","Multibanco payments: mistakes, exceptions and edge cases","people managing money in Portugal","medium","evergreen","none","Banco de Portugal | IBAN | SEPA","Banco de Portugal | SEPA | conta bancária | IBAN | crédito","Banco de Portugal, European Central Bank, or gov.pt","2","annual_candidate"
"2027-07-30","14:30","3","daily_life_consumer","audience","Finding English-language official help for everyone living in Portugal","everyone living in Portugal","low","evergreen","none","finding language official","ePortugal | Livro de Reclamações | ANACOM | energia | telecomunicações","gov.pt, Direção-Geral do Consumidor, ANACOM, ERSE, or the responsible municipality","3","annual_candidate"
"2027-07-30","18:00","4","iva","golden_tip","NEWS RESERVE — fallback: IVA after ceasing activity: one golden tip and what to verify","freelancers and small businesses","high","news_flex","breaking_news","IVA | Imposto sobre o Valor Acrescentado","IVA | CIVA | artigo 53 | declaração periódica | VIES","Official-source verification required; otherwise use fallback","4","annual_candidate"
"2027-07-30","21:00","5","employment","foundation","Registering with IEFP: a plain-English explanation","employees and job seekers","medium","evergreen","none","registering","contrato de trabalho | emprego | salário | férias | desemprego","ACT, Segurança Social, IEFP, gov.pt, or Diário da República","3","annual_candidate"
"2027-07-31","08:30","1","social_security","edge_case","Unemployment-benefit basics: mistakes, exceptions and edge cases","workers and freelancers","high","evergreen","none","unemployment benefit basics","Segurança Social | declaração trimestral | contribuições | NISS | desemprego","Segurança Social, gov.pt, or Diário da República","2","annual_candidate"
"2027-07-31","11:30","2","driving_transport","audience","Via Verde basics for drivers and commuters","drivers and commuters","medium","evergreen","none","verde basics | Via Verde","IMT | carta de condução | IUC | veículo | Via Verde","IMT, Autoridade Tributária, gov.pt, or Diário da República","1","annual_candidate"
"2027-07-31","14:30","3","citizenship_civil","golden_tip","Tracking an IRN application: one golden tip and what to verify","residents building a long-term life","high","evergreen","none","tracking application | IRN","IRN | cidadania | nacionalidade | registo civil | Nascer Cidadão","IRN, gov.pt, or Diário da República","3","annual_candidate"
"2027-07-31","18:00","4","education_children","foundation","NEWS RESERVE — fallback: School catchment areas: a plain-English explanation","families and students","medium","news_flex","breaking_news","matrículas | Portal das Matrículas | educação","matrícula escolar | educação | equivalência | reconhecimento | MEGA","Official-source verification required; otherwise use fallback","3","annual_candidate"
"2027-07-31","21:00","5","education_children","action","National-exam administration: a practical step-by-step checklist","families and students","medium","evergreen","none","national administration","matrícula escolar | educação | equivalência | reconhecimento | MEGA","Direção-Geral da Educação, DGES, gov.pt, or Diário da República","5","annual_candidate"
"2027-08-01","08:30","1","employment","audience","Probation periods for employees and job seekers","employees and job seekers","medium","evergreen","none","contrato de trabalho | Código do Trabalho","contrato de trabalho | emprego | salário | férias | desemprego","ACT, Segurança Social, IEFP, gov.pt, or Diário da República","1","annual_candidate"
"2027-08-01","11:30","2","identity_access","golden_tip","Finding your NIF on official documents: one golden tip and what to verify","new residents","medium","evergreen","none","NIF | número de identificação fiscal","NIF | NISS | Chave Móvel Digital | Portal das Finanças | Segurança Social Direta","gov.pt, Autoridade Tributária, Segurança Social, or Autenticação.gov as applicable","4","annual_candidate"
"2027-08-01","14:30","3","irs","foundation","Capital gains basics: a plain-English explanation","people filing personal income tax","high","evergreen","none","capital gains basics","IRS | Modelo 3 | e-Fatura | Anexo J | IRS Automático","Autoridade Tributária or Diário da República","2","annual_candidate"
"2027-08-01","18:00","4","health_family","action","NEWS RESERVE — fallback: Pregnancy and birth administration: a practical step-by-step checklist","individuals and families","medium","news_flex","breaking_news","pregnancy birth administration","SNS | centro de saúde | médico de família | nascimento | família","Official-source verification required; otherwise use fallback","3","annual_candidate"
"2027-08-01","21:00","5","immigration_residency","edge_case","D7 residence route: mistakes, exceptions and edge cases","international residents","high","evergreen","none","AIMA | autorização de residência","AIMA | autorização de residência | visto | reagrupamento familiar | CPLP","AIMA, gov.pt, Diário da República, or IRN as applicable","4","annual_candidate"
"2027-08-02","08:30","1","education_children","golden_tip","Automatic versus specific degree recognition: one golden tip and what to verify","families and students","medium","evergreen","none","automatic versus specific","matrícula escolar | educação | equivalência | reconhecimento | MEGA","Direção-Geral da Educação, DGES, gov.pt, or Diário da República","2","annual_candidate"
"2027-08-02","11:30","2","freelance_business","foundation","Invoicing foreign clients: a plain-English explanation","freelancers and solo founders","high","evergreen","none","invoicing foreign clients","trabalhador independente | abrir atividade | recibos verdes | CAE | CIRS","Autoridade Tributária, Segurança Social, gov.pt, or Diário da República","2","annual_candidate"
"2027-08-02","14:30","3","banking_money","action","Foreign bank accounts and Portuguese tax: a practical step-by-step checklist","people managing money in Portugal","medium","evergreen","none","Banco de Portugal | IBAN | SEPA","Banco de Portugal | SEPA | conta bancária | IBAN | crédito","Banco de Portugal, European Central Bank, or gov.pt","2","annual_candidate"
"2027-08-02","18:00","4","daily_life_consumer","edge_case","NEWS RESERVE — fallback: Mobile-phone contracts: mistakes, exceptions and edge cases","everyone living in Portugal","low","news_flex","breaking_news","mobile phone contracts","ePortugal | Livro de Reclamações | ANACOM | energia | telecomunicações","Official-source verification required; otherwise use fallback","3","annual_candidate"
"2027-08-02","21:00","5","iva","audience","Paying IVA after filing for freelancers and small businesses","freelancers and small businesses","high","evergreen","none","IVA | Imposto sobre o Valor Acrescentado","IVA | CIVA | artigo 53 | declaração periódica | VIES","Autoridade Tributária or Diário da República","4","annual_candidate"
"2027-08-03","08:30","1","immigration_residency","foundation","Recognising fake appointment websites: a plain-English explanation","international residents","high","evergreen","none","recognising appointment websites","AIMA | autorização de residência | visto | reagrupamento familiar | CPLP","AIMA, gov.pt, Diário da República, or IRN as applicable","1","annual_candidate"
"2027-08-03","11:30","2","social_security","action","Income included in a quarterly declaration: a practical step-by-step checklist","workers and freelancers","high","evergreen","none","Segurança Social | declaração trimestral","Segurança Social | declaração trimestral | contribuições | NISS | desemprego","Segurança Social, gov.pt, or Diário da República","2","annual_candidate"
"2027-08-03","14:30","3","driving_transport","edge_case","Exchanging an EU driving licence: mistakes, exceptions and edge cases","drivers and commuters","medium","evergreen","none","carta de condução | IMT","IMT | carta de condução | IUC | veículo | Via Verde","IMT, Autoridade Tributária, gov.pt, or Diário da República","3","annual_candidate"
"2027-08-03","18:00","4","banking_money","audience","NEWS RESERVE — fallback: Opening a Portuguese bank account for people managing money in Portugal","people managing money in Portugal","medium","news_flex","breaking_news","Banco de Portugal | IBAN | SEPA","Banco de Portugal | SEPA | conta bancária | IBAN | crédito","Official-source verification required; otherwise use fallback","2","annual_candidate"
"2027-08-03","21:00","5","employment","golden_tip","Remote work from Portugal: one golden tip and what to verify","employees and job seekers","medium","evergreen","none","remote","contrato de trabalho | emprego | salário | férias | desemprego","ACT, Segurança Social, IEFP, gov.pt, or Diário da República","2","annual_candidate"
"2027-08-04","08:30","1","iva","action","IVA after ceasing activity: a practical step-by-step checklist","freelancers and small businesses","high","evergreen","none","IVA | Imposto sobre o Valor Acrescentado","IVA | CIVA | artigo 53 | declaração periódica | VIES","Autoridade Tributária or Diário da República","1","annual_candidate"
"2027-08-04","11:30","2","employment","edge_case","Unemployment-benefit preparation: mistakes, exceptions and edge cases","employees and job seekers","medium","evergreen","none","unemployment benefit preparation","contrato de trabalho | emprego | salário | férias | desemprego","ACT, Segurança Social, IEFP, gov.pt, or Diário da República","1","annual_candidate"
"2027-08-04","14:30","3","identity_access","audience","Activating Chave Móvel Digital for new residents","new residents","medium","evergreen","none","Chave Móvel Digital | autenticação.gov | IVA | Imposto sobre o Valor Acrescentado","NIF | NISS | Chave Móvel Digital | Portal das Finanças | Segurança Social Direta","gov.pt, Autoridade Tributária, Segurança Social, or Autenticação.gov as applicable","2","annual_candidate"
"2027-08-04","18:00","4","irs","golden_tip","NEWS RESERVE — fallback: Who normally files Modelo 3: one golden tip and what to verify","people filing personal income tax","high","news_flex","breaking_news","Modelo 3 | declaração de rendimentos","IRS | Modelo 3 | e-Fatura | Anexo J | IRS Automático","Official-source verification required; otherwise use fallback","2","annual_candidate"
"2027-08-04","21:00","5","health_family","foundation","Registering at a health centre: a plain-English explanation","individuals and families","medium","evergreen","none","registering health centre","SNS | centro de saúde | médico de família | nascimento | família","SNS, SNS 24, gov.pt, or Diário da República","1","annual_candidate"
"2027-08-05","08:30","1","housing_property","edge_case","Rental receipts: mistakes, exceptions and edge cases","renters and property owners","high","evergreen","none","arrendamento | contrato de arrendamento","arrendamento | IMI | AIMI | IMT | imóvel | habitação","Autoridade Tributária, gov.pt, Diário da República, or the responsible municipality","1","annual_candidate"
"2027-08-05","11:30","2","education_children","audience","Recognising foreign school records for families and students","families and students","medium","evergreen","none","matrículas | Portal das Matrículas | educação","matrícula escolar | educação | equivalência | reconhecimento | MEGA","Direção-Geral da Educação, DGES, gov.pt, or Diário da República","6","annual_candidate"
"2027-08-05","14:30","3","freelance_business","golden_tip","Invoice, invoice-receipt and receipt differences: one golden tip and what to verify","freelancers and solo founders","high","evergreen","none","invoice invoice receipt","trabalhador independente | abrir atividade | recibos verdes | CAE | CIRS","Autoridade Tributária, Segurança Social, gov.pt, or Diário da República","1","annual_candidate"
"2027-08-05","18:00","4","banking_money","foundation","NEWS RESERVE — fallback: Resident versus non-resident bank accounts: a plain-English explanation","people managing money in Portugal","medium","news_flex","breaking_news","Banco de Portugal | IBAN | SEPA","Banco de Portugal | SEPA | conta bancária | IBAN | crédito","Official-source verification required; otherwise use fallback","1","annual_candidate"
"2027-08-05","21:00","5","daily_life_consumer","action","Building an emergency document folder: a practical step-by-step checklist","everyone living in Portugal","low","evergreen","none","building emergency document","ePortugal | Livro de Reclamações | ANACOM | energia | telecomunicações","gov.pt, Direção-Geral do Consumidor, ANACOM, ERSE, or the responsible municipality","3","annual_candidate"
"2027-08-06","08:30","1","health_family","audience","Vaccination records for individuals and families","individuals and families","medium","evergreen","none","vaccination records","SNS | centro de saúde | médico de família | nascimento | família","SNS, SNS 24, gov.pt, or Diário da República","3","annual_candidate"
"2027-08-06","11:30","2","immigration_residency","golden_tip","D7 residence route: one golden tip and what to verify","international residents","high","evergreen","none","AIMA | autorização de residência","AIMA | autorização de residência | visto | reagrupamento familiar | CPLP","AIMA, gov.pt, Diário da República, or IRN as applicable","2","annual_candidate"
"2027-08-06","14:30","3","social_security","foundation","Getting a contribution statement: a plain-English explanation","workers and freelancers","high","evergreen","none","getting contribution statement","Segurança Social | declaração trimestral | contribuições | NISS | desemprego","Segurança Social, gov.pt, or Diário da República","2","annual_candidate"
"2027-08-06","18:00","4","driving_transport","action","NEWS RESERVE — fallback: IUC payment timing: a practical step-by-step checklist","drivers and commuters","medium","news_flex","breaking_news","IUC | Imposto Único de Circulação","IMT | carta de condução | IUC | veículo | Via Verde","Official-source verification required; otherwise use fallback","2","annual_candidate"
"2027-08-06","21:00","5","education_children","edge_case","Automatic versus specific degree recognition: mistakes, exceptions and edge cases","families and students","medium","evergreen","none","automatic versus specific","matrícula escolar | educação | equivalência | reconhecimento | MEGA","Direção-Geral da Educação, DGES, gov.pt, or Diário da República","5","annual_candidate"
"2027-08-07","08:30","1","daily_life_consumer","golden_tip","Mobile-phone contracts: one golden tip and what to verify","everyone living in Portugal","low","evergreen","none","mobile phone contracts","ePortugal | Livro de Reclamações | ANACOM | energia | telecomunicações","gov.pt, Direção-Geral do Consumidor, ANACOM, ERSE, or the responsible municipality","2","annual_candidate"
"2027-08-07","11:30","2","iva","foundation","Quarterly IVA declaration basics: a plain-English explanation","freelancers and small businesses","high","evergreen","none","IVA | Imposto sobre o Valor Acrescentado","IVA | CIVA | artigo 53 | declaração periódica | VIES","Autoridade Tributária or Diário da República","2","annual_candidate"
"2027-08-07","14:30","3","employment","action","Holiday and Christmas allowances: a practical step-by-step checklist","employees and job seekers","medium","evergreen","none","holiday christmas allowances","contrato de trabalho | emprego | salário | férias | desemprego","ACT, Segurança Social, IEFP, gov.pt, or Diário da República","2","annual_candidate"
"2027-08-07","18:00","4","identity_access","edge_case","NEWS RESERVE — fallback: Tax representation and when it applies: mistakes, exceptions and edge cases","new residents","medium","news_flex","breaking_news","representation applies","NIF | NISS | Chave Móvel Digital | Portal das Finanças | Segurança Social Direta","Official-source verification required; otherwise use fallback","3","annual_candidate"
"2027-08-07","21:00","5","irs","audience","Foreign income and Anexo J for people filing personal income tax","people filing personal income tax","high","evergreen","none","IRS | Imposto sobre o Rendimento das Pessoas Singulares | Anexo J","IRS | Modelo 3 | e-Fatura | Anexo J | IRS Automático","Autoridade Tributária or Diário da República","1","annual_candidate"
"2027-08-08","08:30","1","citizenship_civil","foundation","Residence and citizenship are different processes: a plain-English explanation","residents building a long-term life","high","evergreen","none","AIMA | autorização de residência | arrendamento | contrato de arrendamento","IRN | cidadania | nacionalidade | registo civil | Nascer Cidadão","IRN, gov.pt, or Diário da República","1","annual_candidate"
"2027-08-08","11:30","2","housing_property","action","Stamp duty on property purchases: a practical step-by-step checklist","renters and property owners","high","evergreen","none","stamp property purchases","arrendamento | IMI | AIMI | IMT | imóvel | habitação","Autoridade Tributária, gov.pt, Diário da República, or the responsible municipality","1","annual_candidate"
"2027-08-08","14:30","3","education_children","edge_case","Moving schools during the year: mistakes, exceptions and edge cases","families and students","medium","evergreen","none","matrículas | Portal das Matrículas | educação","matrícula escolar | educação | equivalência | reconhecimento | MEGA","Direção-Geral da Educação, DGES, gov.pt, or Diário da República","2","annual_candidate"
"2027-08-08","18:00","4","daily_life_consumer","audience","NEWS RESERVE — fallback: Keeping proof of cancellation for everyone living in Portugal","everyone living in Portugal","low","news_flex","breaking_news","keeping proof cancellation","ePortugal | Livro de Reclamações | ANACOM | energia | telecomunicações","Official-source verification required; otherwise use fallback","3","annual_candidate"
"2027-08-08","21:00","5","banking_money","golden_tip","Basic bank accounts: one golden tip and what to verify","people managing money in Portugal","medium","evergreen","none","Banco de Portugal | IBAN | SEPA","Banco de Portugal | SEPA | conta bancária | IBAN | crédito","Banco de Portugal, European Central Bank, or gov.pt","2","annual_candidate"
"2027-08-09","08:30","1","irs","action","Checking household information before IRS: a practical step-by-step checklist","people filing personal income tax","high","evergreen","none","IRS | Imposto sobre o Rendimento das Pessoas Singulares","IRS | Modelo 3 | e-Fatura | Anexo J | IRS Automático","Autoridade Tributária or Diário da República","1","annual_candidate"
"2027-08-09","11:30","2","health_family","edge_case","Registering with the SNS: mistakes, exceptions and edge cases","individuals and families","medium","evergreen","none","registering | SNS","SNS | centro de saúde | médico de família | nascimento | família","SNS, SNS 24, gov.pt, or Diário da República","4","annual_candidate"
"2027-08-09","14:30","3","immigration_residency","audience","Checking AIMA fees safely for international residents","international residents","high","evergreen","none","AIMA | autorização de residência","AIMA | autorização de residência | visto | reagrupamento familiar | CPLP","AIMA, gov.pt, Diário da República, or IRN as applicable","3","annual_candidate"
"2027-08-09","18:00","4","identity_access","golden_tip","NEWS RESERVE — fallback: What a NISS is: one golden tip and what to verify","new residents","medium","news_flex","breaking_news","NISS | número de identificação da segurança social","NIF | NISS | Chave Móvel Digital | Portal das Finanças | Segurança Social Direta","Official-source verification required; otherwise use fallback","4","annual_candidate"
"2027-08-09","21:00","5","driving_transport","foundation","Public-transport passes: a plain-English explanation","drivers and commuters","medium","evergreen","none","public transport passes","IMT | carta de condução | IUC | veículo | Via Verde","IMT, Autoridade Tributária, gov.pt, or Diário da República","4","annual_candidate"
"2027-08-10","08:30","1","banking_money","edge_case","Direct debits: mistakes, exceptions and edge cases","people managing money in Portugal","medium","evergreen","none","direct debits","Banco de Portugal | SEPA | conta bancária | IBAN | crédito","Banco de Portugal, European Central Bank, or gov.pt","2","annual_candidate"
"2027-08-10","11:30","2","daily_life_consumer","audience","When a municipal rule differs for everyone living in Portugal","everyone living in Portugal","low","evergreen","none","municipal differs","ePortugal | Livro de Reclamações | ANACOM | energia | telecomunicações","gov.pt, Direção-Geral do Consumidor, ANACOM, ERSE, or the responsible municipality","3","annual_candidate"
"2027-08-10","14:30","3","iva","golden_tip","Keeping IVA evidence: one golden tip and what to verify","freelancers and small businesses","high","evergreen","none","IVA | Imposto sobre o Valor Acrescentado","IVA | CIVA | artigo 53 | declaração periódica | VIES","Autoridade Tributária or Diário da República","3","annual_candidate"
"2027-08-10","18:00","4","employment","foundation","NEWS RESERVE — fallback: Keeping employment documents: a plain-English explanation","employees and job seekers","medium","news_flex","breaking_news","keeping employment documents","contrato de trabalho | emprego | salário | férias | desemprego","Official-source verification required; otherwise use fallback","2","annual_candidate"
"2027-08-10","21:00","5","identity_access","action","Keeping digital copies of Portuguese documents: a practical step-by-step checklist","new residents","medium","evergreen","none","keeping digital copies","NIF | NISS | Chave Móvel Digital | Portal das Finanças | Segurança Social Direta","gov.pt, Autoridade Tributária, Segurança Social, or Autenticação.gov as applicable","4","annual_candidate"
"2027-08-11","08:30","1","driving_transport","audience","IUC payment timing for drivers and commuters","drivers and commuters","medium","evergreen","none","IUC | Imposto Único de Circulação","IMT | carta de condução | IUC | veículo | Via Verde","IMT, Autoridade Tributária, gov.pt, or Diário da República","3","annual_candidate"
"2027-08-11","11:30","2","citizenship_civil","golden_tip","Certified translations: one golden tip and what to verify","residents building a long-term life","high","evergreen","none","certified translations","IRN | cidadania | nacionalidade | registo civil | Nascer Cidadão","IRN, gov.pt, or Diário da República","2","annual_candidate"
"2027-08-11","14:30","3","housing_property","foundation","Condominium documents: a plain-English explanation","renters and property owners","high","evergreen","none","condominium documents","arrendamento | IMI | AIMI | IMT | imóvel | habitação","Autoridade Tributária, gov.pt, Diário da República, or the responsible municipality","2","annual_candidate"
"2027-08-11","18:00","4","education_children","action","NEWS RESERVE — fallback: MEGA schoolbook vouchers: a practical step-by-step checklist","families and students","medium","news_flex","breaking_news","matrículas | Portal das Matrículas | educação | MEGA","matrícula escolar | educação | equivalência | reconhecimento | MEGA","Official-source verification required; otherwise use fallback","2","annual_candidate"
"2027-08-11","21:00","5","health_family","edge_case","Electronic prescriptions: mistakes, exceptions and edge cases","individuals and families","medium","evergreen","none","electronic prescriptions","SNS | centro de saúde | médico de família | nascimento | família","SNS, SNS 24, gov.pt, or Diário da República","2","annual_candidate"
"2027-08-12","08:30","1","identity_access","golden_tip","Getting a NIF before moving: one golden tip and what to verify","new residents","medium","evergreen","none","NIF | número de identificação fiscal","NIF | NISS | Chave Móvel Digital | Portal das Finanças | Segurança Social Direta","gov.pt, Autoridade Tributária, Segurança Social, or Autenticação.gov as applicable","2","annual_candidate"
"2027-08-12","11:30","2","irs","foundation","Employment income and IRS: a plain-English explanation","people filing personal income tax","high","evergreen","none","IRS | Imposto sobre o Rendimento das Pessoas Singulares","IRS | Modelo 3 | e-Fatura | Anexo J | IRS Automático","Autoridade Tributária or Diário da República","2","annual_candidate"
"2027-08-12","14:30","3","health_family","action","Vaccination records: a practical step-by-step checklist","individuals and families","medium","evergreen","none","vaccination records","SNS | centro de saúde | médico de família | nascimento | família","SNS, SNS 24, gov.pt, or Diário da República","5","annual_candidate"
"2027-08-12","18:00","4","immigration_residency","edge_case","NEWS RESERVE — fallback: Family reunification basics: mistakes, exceptions and edge cases","international residents","high","news_flex","breaking_news","AIMA | autorização de residência","AIMA | autorização de residência | visto | reagrupamento familiar | CPLP","Official-source verification required; otherwise use fallback","4","annual_candidate"
"2027-08-12","21:00","5","driving_transport","audience","Exchanging an EU driving licence for drivers and commuters","drivers and commuters","medium","evergreen","none","carta de condução | IMT","IMT | carta de condução | IUC | veículo | Via Verde","IMT, Autoridade Tributária, gov.pt, or Diário da República","1","annual_candidate"
